ISO-10303-21;
HEADER;
FILE_DESCRIPTION(('Open CASCADE Model'),'2;1');
FILE_NAME('Open CASCADE Shape Model','2026-10-08T01:12:46',('Author'),(
    'Open CASCADE'),'Open CASCADE STEP processor 7.9','Open CASCADE 7.9'
  ,'Unknown');
FILE_SCHEMA(('AUTOMOTIVE_DESIGN { 1 0 10303 214 1 1 1 1 }'));
ENDSEC;
DATA;
#1 = APPLICATION_PROTOCOL_DEFINITION('international standard',
  'automotive_design',2000,#2);
#2 = APPLICATION_CONTEXT(
  'core data for automotive mechanical design processes');
#3 = SHAPE_DEFINITION_REPRESENTATION(#4,#10);
#4 = PRODUCT_DEFINITION_SHAPE('','',#5);
#5 = PRODUCT_DEFINITION('design','',#6,#9);
#6 = PRODUCT_DEFINITION_FORMATION('','',#7);
#7 = PRODUCT('5f4c5688-c2b5-11f1-bcb0-02fc00000001',
  '5f4c5688-c2b5-11f1-bcb0-02fc00000001','',(#8));
#8 = PRODUCT_CONTEXT('',#2,'mechanical');
#9 = PRODUCT_DEFINITION_CONTEXT('part definition',#2,'design');
#10 = SHAPE_REPRESENTATION('',(#11,#15,#19,#23,#27),#31);
#11 = AXIS2_PLACEMENT_3D('',#12,#13,#14);
#12 = CARTESIAN_POINT('',(0.,0.,0.));
#13 = DIRECTION('',(0.,0.,1.));
#14 = DIRECTION('',(1.,0.,-0.));
#15 = AXIS2_PLACEMENT_3D('',#16,#17,#18);
#16 = CARTESIAN_POINT('',(0.,0.,0.));
#17 = DIRECTION('',(0.,0.,1.));
#18 = DIRECTION('',(1.,0.,-0.));
#19 = AXIS2_PLACEMENT_3D('',#20,#21,#22);
#20 = CARTESIAN_POINT('',(0.,0.,0.));
#21 = DIRECTION('',(0.,0.,1.));
#22 = DIRECTION('',(1.,0.,-0.));
#23 = AXIS2_PLACEMENT_3D('',#24,#25,#26);
#24 = CARTESIAN_POINT('',(0.,0.,0.));
#25 = DIRECTION('',(0.,0.,1.));
#26 = DIRECTION('',(1.,0.,-0.));
#27 = AXIS2_PLACEMENT_3D('',#28,#29,#30);
#28 = CARTESIAN_POINT('',(0.,0.,0.));
#29 = DIRECTION('',(0.,0.,1.));
#30 = DIRECTION('',(1.,0.,-0.));
#31 = ( GEOMETRIC_REPRESENTATION_CONTEXT(3) 
GLOBAL_UNCERTAINTY_ASSIGNED_CONTEXT((#35)) GLOBAL_UNIT_ASSIGNED_CONTEXT(
(#32,#33,#34)) REPRESENTATION_CONTEXT('Context #1',
  '3D Context with UNIT and UNCERTAINTY') );
#32 = ( LENGTH_UNIT() NAMED_UNIT(*) SI_UNIT(.MILLI.,.METRE.) );
#33 = ( NAMED_UNIT(*) PLANE_ANGLE_UNIT() SI_UNIT($,.RADIAN.) );
#34 = ( NAMED_UNIT(*) SI_UNIT($,.STERADIAN.) SOLID_ANGLE_UNIT() );
#35 = UNCERTAINTY_MEASURE_WITH_UNIT(LENGTH_MEASURE(1.E-07),#32,
  'distance_accuracy_value','confusion accuracy');
#36 = PRODUCT_RELATED_PRODUCT_CATEGORY('part',$,(#7));
#37 = SHAPE_DEFINITION_REPRESENTATION(#38,#44);
#38 = PRODUCT_DEFINITION_SHAPE('','',#39);
#39 = PRODUCT_DEFINITION('design','',#40,#43);
#40 = PRODUCT_DEFINITION_FORMATION('','',#41);
#41 = PRODUCT('yoke_L','yoke_L','',(#42));
#42 = PRODUCT_CONTEXT('',#2,'mechanical');
#43 = PRODUCT_DEFINITION_CONTEXT('part definition',#2,'design');
#44 = ADVANCED_BREP_SHAPE_REPRESENTATION('',(#11,#45),#4620);
#45 = MANIFOLD_SOLID_BREP('',#46);
#46 = CLOSED_SHELL('',(#47,#774,#1225,#1322,#1371,#1420,#1467,#1516,
    #1565,#1614,#1661,#1710,#1755,#1804,#1851,#1900,#1949,#1998,#2047,
    #2096,#2123,#2276,#2353,#2403,#2556,#2633,#2683,#2733,#2781,#2959,
    #3008,#3058,#3105,#3153,#3202,#3251,#3300,#3349,#3376,#3431,#3486,
    #3564,#3685,#3713,#3853,#3974,#4002,#4192,#4219,#4264,#4291,#4298,
    #4328,#4358,#4385,#4412,#4459,#4484,#4509,#4516,#4563,#4588,#4613));
#47 = ADVANCED_FACE('',(#48,#608,#691),#62,.F.);
#48 = FACE_BOUND('',#49,.F.);
#49 = EDGE_LOOP('',(#50,#85,#113,#141,#169,#197,#225,#251,#279,#307,#335
    ,#363,#391,#419,#447,#475,#503,#531,#559,#587));
#50 = ORIENTED_EDGE('',*,*,#51,.F.);
#51 = EDGE_CURVE('',#52,#54,#56,.T.);
#52 = VERTEX_POINT('',#53);
#53 = CARTESIAN_POINT('',(-90.,129.,405.));
#54 = VERTEX_POINT('',#55);
#55 = CARTESIAN_POINT('',(-90.,129.,402.));
#56 = SURFACE_CURVE('',#57,(#61,#73),.PCURVE_S1.);
#57 = LINE('',#58,#59);
#58 = CARTESIAN_POINT('',(-90.,129.,405.));
#59 = VECTOR('',#60,1.);
#60 = DIRECTION('',(0.,0.,-1.));
#61 = PCURVE('',#62,#67);
#62 = PLANE('',#63);
#63 = AXIS2_PLACEMENT_3D('',#64,#65,#66);
#64 = CARTESIAN_POINT('',(-90.,66.,335.));
#65 = DIRECTION('',(1.,0.,-0.));
#66 = DIRECTION('',(0.,0.,1.));
#67 = DEFINITIONAL_REPRESENTATION('',(#68),#72);
#68 = LINE('',#69,#70);
#69 = CARTESIAN_POINT('',(70.,-63.));
#70 = VECTOR('',#71,1.);
#71 = DIRECTION('',(-1.,0.));
#72 = ( GEOMETRIC_REPRESENTATION_CONTEXT(2) 
PARAMETRIC_REPRESENTATION_CONTEXT() REPRESENTATION_CONTEXT('2D SPACE',''
  ) );
#73 = PCURVE('',#74,#79);
#74 = PLANE('',#75);
#75 = AXIS2_PLACEMENT_3D('',#76,#77,#78);
#76 = CARTESIAN_POINT('',(-90.,129.,335.));
#77 = DIRECTION('',(-0.,1.,0.));
#78 = DIRECTION('',(0.,0.,1.));
#79 = DEFINITIONAL_REPRESENTATION('',(#80),#84);
#80 = LINE('',#81,#82);
#81 = CARTESIAN_POINT('',(70.,0.));
#82 = VECTOR('',#83,1.);
#83 = DIRECTION('',(-1.,0.));
#84 = ( GEOMETRIC_REPRESENTATION_CONTEXT(2) 
PARAMETRIC_REPRESENTATION_CONTEXT() REPRESENTATION_CONTEXT('2D SPACE',''
  ) );
#85 = ORIENTED_EDGE('',*,*,#86,.F.);
#86 = EDGE_CURVE('',#87,#52,#89,.T.);
#87 = VERTEX_POINT('',#88);
#88 = CARTESIAN_POINT('',(-90.,66.,405.));
#89 = SURFACE_CURVE('',#90,(#94,#101),.PCURVE_S1.);
#90 = LINE('',#91,#92);
#91 = CARTESIAN_POINT('',(-90.,66.,405.));
#92 = VECTOR('',#93,1.);
#93 = DIRECTION('',(-0.,1.,0.));
#94 = PCURVE('',#62,#95);
#95 = DEFINITIONAL_REPRESENTATION('',(#96),#100);
#96 = LINE('',#97,#98);
#97 = CARTESIAN_POINT('',(70.,0.));
#98 = VECTOR('',#99,1.);
#99 = DIRECTION('',(0.,-1.));
#100 = ( GEOMETRIC_REPRESENTATION_CONTEXT(2) 
PARAMETRIC_REPRESENTATION_CONTEXT() REPRESENTATION_CONTEXT('2D SPACE',''
  ) );
#101 = PCURVE('',#102,#107);
#102 = PLANE('',#103);
#103 = AXIS2_PLACEMENT_3D('',#104,#105,#106);
#104 = CARTESIAN_POINT('',(-90.,66.,405.));
#105 = DIRECTION('',(0.,0.,1.));
#106 = DIRECTION('',(1.,0.,-0.));
#107 = DEFINITIONAL_REPRESENTATION('',(#108),#112);
#108 = LINE('',#109,#110);
#109 = CARTESIAN_POINT('',(0.,0.));
#110 = VECTOR('',#111,1.);
#111 = DIRECTION('',(0.,1.));
#112 = ( GEOMETRIC_REPRESENTATION_CONTEXT(2) 
PARAMETRIC_REPRESENTATION_CONTEXT() REPRESENTATION_CONTEXT('2D SPACE',''
  ) );
#113 = ORIENTED_EDGE('',*,*,#114,.F.);
#114 = EDGE_CURVE('',#115,#87,#117,.T.);
#115 = VERTEX_POINT('',#116);
#116 = CARTESIAN_POINT('',(-90.,66.,335.));
#117 = SURFACE_CURVE('',#118,(#122,#129),.PCURVE_S1.);
#118 = LINE('',#119,#120);
#119 = CARTESIAN_POINT('',(-90.,66.,335.));
#120 = VECTOR('',#121,1.);
#121 = DIRECTION('',(0.,0.,1.));
#122 = PCURVE('',#62,#123);
#123 = DEFINITIONAL_REPRESENTATION('',(#124),#128);
#124 = LINE('',#125,#126);
#125 = CARTESIAN_POINT('',(0.,0.));
#126 = VECTOR('',#127,1.);
#127 = DIRECTION('',(1.,0.));
#128 = ( GEOMETRIC_REPRESENTATION_CONTEXT(2) 
PARAMETRIC_REPRESENTATION_CONTEXT() REPRESENTATION_CONTEXT('2D SPACE',''
  ) );
#129 = PCURVE('',#130,#135);
#130 = PLANE('',#131);
#131 = AXIS2_PLACEMENT_3D('',#132,#133,#134);
#132 = CARTESIAN_POINT('',(-90.,66.,335.));
#133 = DIRECTION('',(-0.,1.,0.));
#134 = DIRECTION('',(0.,0.,1.));
#135 = DEFINITIONAL_REPRESENTATION('',(#136),#140);
#136 = LINE('',#137,#138);
#137 = CARTESIAN_POINT('',(0.,0.));
#138 = VECTOR('',#139,1.);
#139 = DIRECTION('',(1.,0.));
#140 = ( GEOMETRIC_REPRESENTATION_CONTEXT(2) 
PARAMETRIC_REPRESENTATION_CONTEXT() REPRESENTATION_CONTEXT('2D SPACE',''
  ) );
#141 = ORIENTED_EDGE('',*,*,#142,.T.);
#142 = EDGE_CURVE('',#115,#143,#145,.T.);
#143 = VERTEX_POINT('',#144);
#144 = CARTESIAN_POINT('',(-90.,71.5,335.));
#145 = SURFACE_CURVE('',#146,(#150,#157),.PCURVE_S1.);
#146 = LINE('',#147,#148);
#147 = CARTESIAN_POINT('',(-90.,66.,335.));
#148 = VECTOR('',#149,1.);
#149 = DIRECTION('',(-0.,1.,0.));
#150 = PCURVE('',#62,#151);
#151 = DEFINITIONAL_REPRESENTATION('',(#152),#156);
#152 = LINE('',#153,#154);
#153 = CARTESIAN_POINT('',(0.,0.));
#154 = VECTOR('',#155,1.);
#155 = DIRECTION('',(0.,-1.));
#156 = ( GEOMETRIC_REPRESENTATION_CONTEXT(2) 
PARAMETRIC_REPRESENTATION_CONTEXT() REPRESENTATION_CONTEXT('2D SPACE',''
  ) );
#157 = PCURVE('',#158,#163);
#158 = PLANE('',#159);
#159 = AXIS2_PLACEMENT_3D('',#160,#161,#162);
#160 = CARTESIAN_POINT('',(-90.,66.,335.));
#161 = DIRECTION('',(0.,0.,1.));
#162 = DIRECTION('',(1.,0.,-0.));
#163 = DEFINITIONAL_REPRESENTATION('',(#164),#168);
#164 = LINE('',#165,#166);
#165 = CARTESIAN_POINT('',(0.,0.));
#166 = VECTOR('',#167,1.);
#167 = DIRECTION('',(0.,1.));
#168 = ( GEOMETRIC_REPRESENTATION_CONTEXT(2) 
PARAMETRIC_REPRESENTATION_CONTEXT() REPRESENTATION_CONTEXT('2D SPACE',''
  ) );
#169 = ORIENTED_EDGE('',*,*,#170,.F.);
#170 = EDGE_CURVE('',#171,#143,#173,.T.);
#171 = VERTEX_POINT('',#172);
#172 = CARTESIAN_POINT('',(-90.,71.5,281.5));
#173 = SURFACE_CURVE('',#174,(#178,#185),.PCURVE_S1.);
#174 = LINE('',#175,#176);
#175 = CARTESIAN_POINT('',(-90.,71.5,281.5));
#176 = VECTOR('',#177,1.);
#177 = DIRECTION('',(0.,0.,1.));
#178 = PCURVE('',#62,#179);
#179 = DEFINITIONAL_REPRESENTATION('',(#180),#184);
#180 = LINE('',#181,#182);
#181 = CARTESIAN_POINT('',(-53.5,-5.5));
#182 = VECTOR('',#183,1.);
#183 = DIRECTION('',(1.,0.));
#184 = ( GEOMETRIC_REPRESENTATION_CONTEXT(2) 
PARAMETRIC_REPRESENTATION_CONTEXT() REPRESENTATION_CONTEXT('2D SPACE',''
  ) );
#185 = PCURVE('',#186,#191);
#186 = PLANE('',#187);
#187 = AXIS2_PLACEMENT_3D('',#188,#189,#190);
#188 = CARTESIAN_POINT('',(-90.,71.5,281.5));
#189 = DIRECTION('',(-0.,1.,0.));
#190 = DIRECTION('',(0.,0.,1.));
#191 = DEFINITIONAL_REPRESENTATION('',(#192),#196);
#192 = LINE('',#193,#194);
#193 = CARTESIAN_POINT('',(0.,0.));
#194 = VECTOR('',#195,1.);
#195 = DIRECTION('',(1.,0.));
#196 = ( GEOMETRIC_REPRESENTATION_CONTEXT(2) 
PARAMETRIC_REPRESENTATION_CONTEXT() REPRESENTATION_CONTEXT('2D SPACE',''
  ) );
#197 = ORIENTED_EDGE('',*,*,#198,.T.);
#198 = EDGE_CURVE('',#171,#199,#201,.T.);
#199 = VERTEX_POINT('',#200);
#200 = CARTESIAN_POINT('',(-90.,90.51,281.5));
#201 = SURFACE_CURVE('',#202,(#206,#213),.PCURVE_S1.);
#202 = LINE('',#203,#204);
#203 = CARTESIAN_POINT('',(-90.,71.5,281.5));
#204 = VECTOR('',#205,1.);
#205 = DIRECTION('',(-0.,1.,0.));
#206 = PCURVE('',#62,#207);
#207 = DEFINITIONAL_REPRESENTATION('',(#208),#212);
#208 = LINE('',#209,#210);
#209 = CARTESIAN_POINT('',(-53.5,-5.5));
#210 = VECTOR('',#211,1.);
#211 = DIRECTION('',(0.,-1.));
#212 = ( GEOMETRIC_REPRESENTATION_CONTEXT(2) 
PARAMETRIC_REPRESENTATION_CONTEXT() REPRESENTATION_CONTEXT('2D SPACE',''
  ) );
#213 = PCURVE('',#214,#219);
#214 = PLANE('',#215);
#215 = AXIS2_PLACEMENT_3D('',#216,#217,#218);
#216 = CARTESIAN_POINT('',(-90.,71.5,281.5));
#217 = DIRECTION('',(0.,0.,1.));
#218 = DIRECTION('',(1.,0.,-0.));
#219 = DEFINITIONAL_REPRESENTATION('',(#220),#224);
#220 = LINE('',#221,#222);
#221 = CARTESIAN_POINT('',(0.,0.));
#222 = VECTOR('',#223,1.);
#223 = DIRECTION('',(0.,1.));
#224 = ( GEOMETRIC_REPRESENTATION_CONTEXT(2) 
PARAMETRIC_REPRESENTATION_CONTEXT() REPRESENTATION_CONTEXT('2D SPACE',''
  ) );
#225 = ORIENTED_EDGE('',*,*,#226,.T.);
#226 = EDGE_CURVE('',#199,#227,#229,.T.);
#227 = VERTEX_POINT('',#228);
#228 = CARTESIAN_POINT('',(-90.,94.5,285.49));
#229 = SURFACE_CURVE('',#230,(#234,#240),.PCURVE_S1.);
#230 = LINE('',#231,#232);
#231 = CARTESIAN_POINT('',(-90.,99.7575,290.7475));
#232 = VECTOR('',#233,1.);
#233 = DIRECTION('',(0.,0.707106781187,0.707106781187));
#234 = PCURVE('',#62,#235);
#235 = DEFINITIONAL_REPRESENTATION('',(#236),#239);
#236 = B_SPLINE_CURVE_WITH_KNOTS('',1,(#237,#238),.UNSPECIFIED.,.F.,.F.,
  (2,2),(-13.07793991804,-7.421085668553),.PIECEWISE_BEZIER_KNOTS.);
#237 = CARTESIAN_POINT('',(-53.5,-24.51));
#238 = CARTESIAN_POINT('',(-49.5,-28.51));
#239 = ( GEOMETRIC_REPRESENTATION_CONTEXT(2) 
PARAMETRIC_REPRESENTATION_CONTEXT() REPRESENTATION_CONTEXT('2D SPACE',''
  ) );
#240 = PCURVE('',#241,#246);
#241 = PLANE('',#242);
#242 = AXIS2_PLACEMENT_3D('',#243,#244,#245);
#243 = CARTESIAN_POINT('',(-91.,94.51,285.5));
#244 = DIRECTION('',(0.,0.707106781187,-0.707106781187));
#245 = DIRECTION('',(0.,-0.707106781187,-0.707106781187));
#246 = DEFINITIONAL_REPRESENTATION('',(#247),#250);
#247 = B_SPLINE_CURVE_WITH_KNOTS('',1,(#248,#249),.UNSPECIFIED.,.F.,.F.,
  (2,2),(-13.07793991804,-7.421085668553),.PIECEWISE_BEZIER_KNOTS.);
#248 = CARTESIAN_POINT('',(5.656854249492,-1.));
#249 = CARTESIAN_POINT('',(0.,-1.));
#250 = ( GEOMETRIC_REPRESENTATION_CONTEXT(2) 
PARAMETRIC_REPRESENTATION_CONTEXT() REPRESENTATION_CONTEXT('2D SPACE',''
  ) );
#251 = ORIENTED_EDGE('',*,*,#252,.T.);
#252 = EDGE_CURVE('',#227,#253,#255,.T.);
#253 = VERTEX_POINT('',#254);
#254 = CARTESIAN_POINT('',(-90.,94.5,299.6));
#255 = SURFACE_CURVE('',#256,(#260,#267),.PCURVE_S1.);
#256 = LINE('',#257,#258);
#257 = CARTESIAN_POINT('',(-90.,94.5,281.5));
#258 = VECTOR('',#259,1.);
#259 = DIRECTION('',(0.,0.,1.));
#260 = PCURVE('',#62,#261);
#261 = DEFINITIONAL_REPRESENTATION('',(#262),#266);
#262 = LINE('',#263,#264);
#263 = CARTESIAN_POINT('',(-53.5,-28.5));
#264 = VECTOR('',#265,1.);
#265 = DIRECTION('',(1.,0.));
#266 = ( GEOMETRIC_REPRESENTATION_CONTEXT(2) 
PARAMETRIC_REPRESENTATION_CONTEXT() REPRESENTATION_CONTEXT('2D SPACE',''
  ) );
#267 = PCURVE('',#268,#273);
#268 = PLANE('',#269);
#269 = AXIS2_PLACEMENT_3D('',#270,#271,#272);
#270 = CARTESIAN_POINT('',(-90.,94.5,281.5));
#271 = DIRECTION('',(-0.,1.,0.));
#272 = DIRECTION('',(0.,0.,1.));
#273 = DEFINITIONAL_REPRESENTATION('',(#274),#278);
#274 = LINE('',#275,#276);
#275 = CARTESIAN_POINT('',(0.,0.));
#276 = VECTOR('',#277,1.);
#277 = DIRECTION('',(1.,0.));
#278 = ( GEOMETRIC_REPRESENTATION_CONTEXT(2) 
PARAMETRIC_REPRESENTATION_CONTEXT() REPRESENTATION_CONTEXT('2D SPACE',''
  ) );
#279 = ORIENTED_EDGE('',*,*,#280,.F.);
#280 = EDGE_CURVE('',#281,#253,#283,.T.);
#281 = VERTEX_POINT('',#282);
#282 = CARTESIAN_POINT('',(-90.,107.5,315.2));
#283 = SURFACE_CURVE('',#284,(#288,#295),.PCURVE_S1.);
#284 = LINE('',#285,#286);
#285 = CARTESIAN_POINT('',(-90.,107.5,315.2));
#286 = VECTOR('',#287,1.);
#287 = DIRECTION('',(0.,-0.640184399664,-0.768221279597));
#288 = PCURVE('',#62,#289);
#289 = DEFINITIONAL_REPRESENTATION('',(#290),#294);
#290 = LINE('',#291,#292);
#291 = CARTESIAN_POINT('',(-19.8,-41.5));
#292 = VECTOR('',#293,1.);
#293 = DIRECTION('',(-0.768221279597,0.640184399664));
#294 = ( GEOMETRIC_REPRESENTATION_CONTEXT(2) 
PARAMETRIC_REPRESENTATION_CONTEXT() REPRESENTATION_CONTEXT('2D SPACE',''
  ) );
#295 = PCURVE('',#296,#301);
#296 = PLANE('',#297);
#297 = AXIS2_PLACEMENT_3D('',#298,#299,#300);
#298 = CARTESIAN_POINT('',(-90.,107.5,315.2));
#299 = DIRECTION('',(0.,0.768221279597,-0.640184399664));
#300 = DIRECTION('',(0.,-0.640184399664,-0.768221279597));
#301 = DEFINITIONAL_REPRESENTATION('',(#302),#306);
#302 = LINE('',#303,#304);
#303 = CARTESIAN_POINT('',(0.,0.));
#304 = VECTOR('',#305,1.);
#305 = DIRECTION('',(1.,0.));
#306 = ( GEOMETRIC_REPRESENTATION_CONTEXT(2) 
PARAMETRIC_REPRESENTATION_CONTEXT() REPRESENTATION_CONTEXT('2D SPACE',''
  ) );
#307 = ORIENTED_EDGE('',*,*,#308,.F.);
#308 = EDGE_CURVE('',#309,#281,#311,.T.);
#309 = VERTEX_POINT('',#310);
#310 = CARTESIAN_POINT('',(-90.,109.5,315.2));
#311 = SURFACE_CURVE('',#312,(#316,#323),.PCURVE_S1.);
#312 = LINE('',#313,#314);
#313 = CARTESIAN_POINT('',(-90.,109.5,315.2));
#314 = VECTOR('',#315,1.);
#315 = DIRECTION('',(0.,-1.,0.));
#316 = PCURVE('',#62,#317);
#317 = DEFINITIONAL_REPRESENTATION('',(#318),#322);
#318 = LINE('',#319,#320);
#319 = CARTESIAN_POINT('',(-19.8,-43.5));
#320 = VECTOR('',#321,1.);
#321 = DIRECTION('',(0.,1.));
#322 = ( GEOMETRIC_REPRESENTATION_CONTEXT(2) 
PARAMETRIC_REPRESENTATION_CONTEXT() REPRESENTATION_CONTEXT('2D SPACE',''
  ) );
#323 = PCURVE('',#324,#329);
#324 = PLANE('',#325);
#325 = AXIS2_PLACEMENT_3D('',#326,#327,#328);
#326 = CARTESIAN_POINT('',(-90.,109.5,315.2));
#327 = DIRECTION('',(0.,0.,-1.));
#328 = DIRECTION('',(0.,-1.,0.));
#329 = DEFINITIONAL_REPRESENTATION('',(#330),#334);
#330 = LINE('',#331,#332);
#331 = CARTESIAN_POINT('',(0.,-0.));
#332 = VECTOR('',#333,1.);
#333 = DIRECTION('',(1.,0.));
#334 = ( GEOMETRIC_REPRESENTATION_CONTEXT(2) 
PARAMETRIC_REPRESENTATION_CONTEXT() REPRESENTATION_CONTEXT('2D SPACE',''
  ) );
#335 = ORIENTED_EDGE('',*,*,#336,.F.);
#336 = EDGE_CURVE('',#337,#309,#339,.T.);
#337 = VERTEX_POINT('',#338);
#338 = CARTESIAN_POINT('',(-90.,110.,315.5));
#339 = SURFACE_CURVE('',#340,(#344,#351),.PCURVE_S1.);
#340 = LINE('',#341,#342);
#341 = CARTESIAN_POINT('',(-90.,110.,315.5));
#342 = VECTOR('',#343,1.);
#343 = DIRECTION('',(0.,-0.857492925713,-0.514495755428));
#344 = PCURVE('',#62,#345);
#345 = DEFINITIONAL_REPRESENTATION('',(#346),#350);
#346 = LINE('',#347,#348);
#347 = CARTESIAN_POINT('',(-19.5,-44.));
#348 = VECTOR('',#349,1.);
#349 = DIRECTION('',(-0.514495755428,0.857492925713));
#350 = ( GEOMETRIC_REPRESENTATION_CONTEXT(2) 
PARAMETRIC_REPRESENTATION_CONTEXT() REPRESENTATION_CONTEXT('2D SPACE',''
  ) );
#351 = PCURVE('',#352,#357);
#352 = PLANE('',#353);
#353 = AXIS2_PLACEMENT_3D('',#354,#355,#356);
#354 = CARTESIAN_POINT('',(-90.,110.,315.5));
#355 = DIRECTION('',(0.,0.514495755428,-0.857492925713));
#356 = DIRECTION('',(0.,-0.857492925713,-0.514495755428));
#357 = DEFINITIONAL_REPRESENTATION('',(#358),#362);
#358 = LINE('',#359,#360);
#359 = CARTESIAN_POINT('',(0.,0.));
#360 = VECTOR('',#361,1.);
#361 = DIRECTION('',(1.,0.));
#362 = ( GEOMETRIC_REPRESENTATION_CONTEXT(2) 
PARAMETRIC_REPRESENTATION_CONTEXT() REPRESENTATION_CONTEXT('2D SPACE',''
  ) );
#363 = ORIENTED_EDGE('',*,*,#364,.F.);
#364 = EDGE_CURVE('',#365,#337,#367,.T.);
#365 = VERTEX_POINT('',#366);
#366 = CARTESIAN_POINT('',(-90.,114.5,320.9));
#367 = SURFACE_CURVE('',#368,(#372,#379),.PCURVE_S1.);
#368 = LINE('',#369,#370);
#369 = CARTESIAN_POINT('',(-90.,114.5,320.9));
#370 = VECTOR('',#371,1.);
#371 = DIRECTION('',(0.,-0.640184399664,-0.768221279597));
#372 = PCURVE('',#62,#373);
#373 = DEFINITIONAL_REPRESENTATION('',(#374),#378);
#374 = LINE('',#375,#376);
#375 = CARTESIAN_POINT('',(-14.1,-48.5));
#376 = VECTOR('',#377,1.);
#377 = DIRECTION('',(-0.768221279597,0.640184399664));
#378 = ( GEOMETRIC_REPRESENTATION_CONTEXT(2) 
PARAMETRIC_REPRESENTATION_CONTEXT() REPRESENTATION_CONTEXT('2D SPACE',''
  ) );
#379 = PCURVE('',#380,#385);
#380 = PLANE('',#381);
#381 = AXIS2_PLACEMENT_3D('',#382,#383,#384);
#382 = CARTESIAN_POINT('',(-90.,114.5,320.9));
#383 = DIRECTION('',(0.,0.768221279597,-0.640184399664));
#384 = DIRECTION('',(0.,-0.640184399664,-0.768221279597));
#385 = DEFINITIONAL_REPRESENTATION('',(#386),#390);
#386 = LINE('',#387,#388);
#387 = CARTESIAN_POINT('',(0.,0.));
#388 = VECTOR('',#389,1.);
#389 = DIRECTION('',(1.,0.));
#390 = ( GEOMETRIC_REPRESENTATION_CONTEXT(2) 
PARAMETRIC_REPRESENTATION_CONTEXT() REPRESENTATION_CONTEXT('2D SPACE',''
  ) );
#391 = ORIENTED_EDGE('',*,*,#392,.F.);
#392 = EDGE_CURVE('',#393,#365,#395,.T.);
#393 = VERTEX_POINT('',#394);
#394 = CARTESIAN_POINT('',(-90.,116.5,320.9));
#395 = SURFACE_CURVE('',#396,(#400,#407),.PCURVE_S1.);
#396 = LINE('',#397,#398);
#397 = CARTESIAN_POINT('',(-90.,116.5,320.9));
#398 = VECTOR('',#399,1.);
#399 = DIRECTION('',(0.,-1.,0.));
#400 = PCURVE('',#62,#401);
#401 = DEFINITIONAL_REPRESENTATION('',(#402),#406);
#402 = LINE('',#403,#404);
#403 = CARTESIAN_POINT('',(-14.1,-50.5));
#404 = VECTOR('',#405,1.);
#405 = DIRECTION('',(0.,1.));
#406 = ( GEOMETRIC_REPRESENTATION_CONTEXT(2) 
PARAMETRIC_REPRESENTATION_CONTEXT() REPRESENTATION_CONTEXT('2D SPACE',''
  ) );
#407 = PCURVE('',#408,#413);
#408 = PLANE('',#409);
#409 = AXIS2_PLACEMENT_3D('',#410,#411,#412);
#410 = CARTESIAN_POINT('',(-90.,116.5,320.9));
#411 = DIRECTION('',(0.,0.,-1.));
#412 = DIRECTION('',(0.,-1.,0.));
#413 = DEFINITIONAL_REPRESENTATION('',(#414),#418);
#414 = LINE('',#415,#416);
#415 = CARTESIAN_POINT('',(0.,-0.));
#416 = VECTOR('',#417,1.);
#417 = DIRECTION('',(1.,0.));
#418 = ( GEOMETRIC_REPRESENTATION_CONTEXT(2) 
PARAMETRIC_REPRESENTATION_CONTEXT() REPRESENTATION_CONTEXT('2D SPACE',''
  ) );
#419 = ORIENTED_EDGE('',*,*,#420,.F.);
#420 = EDGE_CURVE('',#421,#393,#423,.T.);
#421 = VERTEX_POINT('',#422);
#422 = CARTESIAN_POINT('',(-90.,117.,321.3));
#423 = SURFACE_CURVE('',#424,(#428,#435),.PCURVE_S1.);
#424 = LINE('',#425,#426);
#425 = CARTESIAN_POINT('',(-90.,117.,321.3));
#426 = VECTOR('',#427,1.);
#427 = DIRECTION('',(0.,-0.780868809443,-0.624695047554));
#428 = PCURVE('',#62,#429);
#429 = DEFINITIONAL_REPRESENTATION('',(#430),#434);
#430 = LINE('',#431,#432);
#431 = CARTESIAN_POINT('',(-13.7,-51.));
#432 = VECTOR('',#433,1.);
#433 = DIRECTION('',(-0.624695047554,0.780868809443));
#434 = ( GEOMETRIC_REPRESENTATION_CONTEXT(2) 
PARAMETRIC_REPRESENTATION_CONTEXT() REPRESENTATION_CONTEXT('2D SPACE',''
  ) );
#435 = PCURVE('',#436,#441);
#436 = PLANE('',#437);
#437 = AXIS2_PLACEMENT_3D('',#438,#439,#440);
#438 = CARTESIAN_POINT('',(-90.,117.,321.3));
#439 = DIRECTION('',(0.,0.624695047554,-0.780868809443));
#440 = DIRECTION('',(0.,-0.780868809443,-0.624695047554));
#441 = DEFINITIONAL_REPRESENTATION('',(#442),#446);
#442 = LINE('',#443,#444);
#443 = CARTESIAN_POINT('',(0.,0.));
#444 = VECTOR('',#445,1.);
#445 = DIRECTION('',(1.,0.));
#446 = ( GEOMETRIC_REPRESENTATION_CONTEXT(2) 
PARAMETRIC_REPRESENTATION_CONTEXT() REPRESENTATION_CONTEXT('2D SPACE',''
  ) );
#447 = ORIENTED_EDGE('',*,*,#448,.F.);
#448 = EDGE_CURVE('',#449,#421,#451,.T.);
#449 = VERTEX_POINT('',#450);
#450 = CARTESIAN_POINT('',(-90.,122.,327.3));
#451 = SURFACE_CURVE('',#452,(#456,#463),.PCURVE_S1.);
#452 = LINE('',#453,#454);
#453 = CARTESIAN_POINT('',(-90.,122.,327.3));
#454 = VECTOR('',#455,1.);
#455 = DIRECTION('',(0.,-0.640184399664,-0.768221279597));
#456 = PCURVE('',#62,#457);
#457 = DEFINITIONAL_REPRESENTATION('',(#458),#462);
#458 = LINE('',#459,#460);
#459 = CARTESIAN_POINT('',(-7.7,-56.));
#460 = VECTOR('',#461,1.);
#461 = DIRECTION('',(-0.768221279597,0.640184399664));
#462 = ( GEOMETRIC_REPRESENTATION_CONTEXT(2) 
PARAMETRIC_REPRESENTATION_CONTEXT() REPRESENTATION_CONTEXT('2D SPACE',''
  ) );
#463 = PCURVE('',#464,#469);
#464 = PLANE('',#465);
#465 = AXIS2_PLACEMENT_3D('',#466,#467,#468);
#466 = CARTESIAN_POINT('',(-90.,122.,327.3));
#467 = DIRECTION('',(0.,0.768221279597,-0.640184399664));
#468 = DIRECTION('',(0.,-0.640184399664,-0.768221279597));
#469 = DEFINITIONAL_REPRESENTATION('',(#470),#474);
#470 = LINE('',#471,#472);
#471 = CARTESIAN_POINT('',(0.,0.));
#472 = VECTOR('',#473,1.);
#473 = DIRECTION('',(1.,0.));
#474 = ( GEOMETRIC_REPRESENTATION_CONTEXT(2) 
PARAMETRIC_REPRESENTATION_CONTEXT() REPRESENTATION_CONTEXT('2D SPACE',''
  ) );
#475 = ORIENTED_EDGE('',*,*,#476,.F.);
#476 = EDGE_CURVE('',#477,#449,#479,.T.);
#477 = VERTEX_POINT('',#478);
#478 = CARTESIAN_POINT('',(-90.,124.,327.3));
#479 = SURFACE_CURVE('',#480,(#484,#491),.PCURVE_S1.);
#480 = LINE('',#481,#482);
#481 = CARTESIAN_POINT('',(-90.,124.,327.3));
#482 = VECTOR('',#483,1.);
#483 = DIRECTION('',(0.,-1.,0.));
#484 = PCURVE('',#62,#485);
#485 = DEFINITIONAL_REPRESENTATION('',(#486),#490);
#486 = LINE('',#487,#488);
#487 = CARTESIAN_POINT('',(-7.7,-58.));
#488 = VECTOR('',#489,1.);
#489 = DIRECTION('',(0.,1.));
#490 = ( GEOMETRIC_REPRESENTATION_CONTEXT(2) 
PARAMETRIC_REPRESENTATION_CONTEXT() REPRESENTATION_CONTEXT('2D SPACE',''
  ) );
#491 = PCURVE('',#492,#497);
#492 = PLANE('',#493);
#493 = AXIS2_PLACEMENT_3D('',#494,#495,#496);
#494 = CARTESIAN_POINT('',(-90.,124.,327.3));
#495 = DIRECTION('',(0.,0.,-1.));
#496 = DIRECTION('',(0.,-1.,0.));
#497 = DEFINITIONAL_REPRESENTATION('',(#498),#502);
#498 = LINE('',#499,#500);
#499 = CARTESIAN_POINT('',(0.,-0.));
#500 = VECTOR('',#501,1.);
#501 = DIRECTION('',(1.,0.));
#502 = ( GEOMETRIC_REPRESENTATION_CONTEXT(2) 
PARAMETRIC_REPRESENTATION_CONTEXT() REPRESENTATION_CONTEXT('2D SPACE',''
  ) );
#503 = ORIENTED_EDGE('',*,*,#504,.F.);
#504 = EDGE_CURVE('',#505,#477,#507,.T.);
#505 = VERTEX_POINT('',#506);
#506 = CARTESIAN_POINT('',(-90.,124.5,327.7));
#507 = SURFACE_CURVE('',#508,(#512,#519),.PCURVE_S1.);
#508 = LINE('',#509,#510);
#509 = CARTESIAN_POINT('',(-90.,124.5,327.7));
#510 = VECTOR('',#511,1.);
#511 = DIRECTION('',(0.,-0.780868809443,-0.624695047554));
#512 = PCURVE('',#62,#513);
#513 = DEFINITIONAL_REPRESENTATION('',(#514),#518);
#514 = LINE('',#515,#516);
#515 = CARTESIAN_POINT('',(-7.3,-58.5));
#516 = VECTOR('',#517,1.);
#517 = DIRECTION('',(-0.624695047554,0.780868809443));
#518 = ( GEOMETRIC_REPRESENTATION_CONTEXT(2) 
PARAMETRIC_REPRESENTATION_CONTEXT() REPRESENTATION_CONTEXT('2D SPACE',''
  ) );
#519 = PCURVE('',#520,#525);
#520 = PLANE('',#521);
#521 = AXIS2_PLACEMENT_3D('',#522,#523,#524);
#522 = CARTESIAN_POINT('',(-90.,124.5,327.7));
#523 = DIRECTION('',(0.,0.624695047554,-0.780868809443));
#524 = DIRECTION('',(0.,-0.780868809443,-0.624695047554));
#525 = DEFINITIONAL_REPRESENTATION('',(#526),#530);
#526 = LINE('',#527,#528);
#527 = CARTESIAN_POINT('',(0.,0.));
#528 = VECTOR('',#529,1.);
#529 = DIRECTION('',(1.,0.));
#530 = ( GEOMETRIC_REPRESENTATION_CONTEXT(2) 
PARAMETRIC_REPRESENTATION_CONTEXT() REPRESENTATION_CONTEXT('2D SPACE',''
  ) );
#531 = ORIENTED_EDGE('',*,*,#532,.F.);
#532 = EDGE_CURVE('',#533,#505,#535,.T.);
#533 = VERTEX_POINT('',#534);
#534 = CARTESIAN_POINT('',(-90.,125.,328.3));
#535 = SURFACE_CURVE('',#536,(#540,#547),.PCURVE_S1.);
#536 = LINE('',#537,#538);
#537 = CARTESIAN_POINT('',(-90.,125.,328.3));
#538 = VECTOR('',#539,1.);
#539 = DIRECTION('',(0.,-0.640184399664,-0.768221279597));
#540 = PCURVE('',#62,#541);
#541 = DEFINITIONAL_REPRESENTATION('',(#542),#546);
#542 = LINE('',#543,#544);
#543 = CARTESIAN_POINT('',(-6.7,-59.));
#544 = VECTOR('',#545,1.);
#545 = DIRECTION('',(-0.768221279597,0.640184399664));
#546 = ( GEOMETRIC_REPRESENTATION_CONTEXT(2) 
PARAMETRIC_REPRESENTATION_CONTEXT() REPRESENTATION_CONTEXT('2D SPACE',''
  ) );
#547 = PCURVE('',#548,#553);
#548 = PLANE('',#549);
#549 = AXIS2_PLACEMENT_3D('',#550,#551,#552);
#550 = CARTESIAN_POINT('',(-90.,125.,328.3));
#551 = DIRECTION('',(0.,0.768221279597,-0.640184399664));
#552 = DIRECTION('',(0.,-0.640184399664,-0.768221279597));
#553 = DEFINITIONAL_REPRESENTATION('',(#554),#558);
#554 = LINE('',#555,#556);
#555 = CARTESIAN_POINT('',(0.,0.));
#556 = VECTOR('',#557,1.);
#557 = DIRECTION('',(1.,0.));
#558 = ( GEOMETRIC_REPRESENTATION_CONTEXT(2) 
PARAMETRIC_REPRESENTATION_CONTEXT() REPRESENTATION_CONTEXT('2D SPACE',''
  ) );
#559 = ORIENTED_EDGE('',*,*,#560,.F.);
#560 = EDGE_CURVE('',#561,#533,#563,.T.);
#561 = VERTEX_POINT('',#562);
#562 = CARTESIAN_POINT('',(-90.,129.,328.3));
#563 = SURFACE_CURVE('',#564,(#568,#575),.PCURVE_S1.);
#564 = LINE('',#565,#566);
#565 = CARTESIAN_POINT('',(-90.,129.,328.3));
#566 = VECTOR('',#567,1.);
#567 = DIRECTION('',(0.,-1.,0.));
#568 = PCURVE('',#62,#569);
#569 = DEFINITIONAL_REPRESENTATION('',(#570),#574);
#570 = LINE('',#571,#572);
#571 = CARTESIAN_POINT('',(-6.7,-63.));
#572 = VECTOR('',#573,1.);
#573 = DIRECTION('',(0.,1.));
#574 = ( GEOMETRIC_REPRESENTATION_CONTEXT(2) 
PARAMETRIC_REPRESENTATION_CONTEXT() REPRESENTATION_CONTEXT('2D SPACE',''
  ) );
#575 = PCURVE('',#576,#581);
#576 = PLANE('',#577);
#577 = AXIS2_PLACEMENT_3D('',#578,#579,#580);
#578 = CARTESIAN_POINT('',(-90.,129.,328.3));
#579 = DIRECTION('',(0.,0.,-1.));
#580 = DIRECTION('',(0.,-1.,0.));
#581 = DEFINITIONAL_REPRESENTATION('',(#582),#586);
#582 = LINE('',#583,#584);
#583 = CARTESIAN_POINT('',(0.,-0.));
#584 = VECTOR('',#585,1.);
#585 = DIRECTION('',(1.,0.));
#586 = ( GEOMETRIC_REPRESENTATION_CONTEXT(2) 
PARAMETRIC_REPRESENTATION_CONTEXT() REPRESENTATION_CONTEXT('2D SPACE',''
  ) );
#587 = ORIENTED_EDGE('',*,*,#588,.F.);
#588 = EDGE_CURVE('',#54,#561,#589,.T.);
#589 = SURFACE_CURVE('',#590,(#594,#601),.PCURVE_S1.);
#590 = LINE('',#591,#592);
#591 = CARTESIAN_POINT('',(-90.,129.,405.));
#592 = VECTOR('',#593,1.);
#593 = DIRECTION('',(0.,0.,-1.));
#594 = PCURVE('',#62,#595);
#595 = DEFINITIONAL_REPRESENTATION('',(#596),#600);
#596 = LINE('',#597,#598);
#597 = CARTESIAN_POINT('',(70.,-63.));
#598 = VECTOR('',#599,1.);
#599 = DIRECTION('',(-1.,0.));
#600 = ( GEOMETRIC_REPRESENTATION_CONTEXT(2) 
PARAMETRIC_REPRESENTATION_CONTEXT() REPRESENTATION_CONTEXT('2D SPACE',''
  ) );
#601 = PCURVE('',#74,#602);
#602 = DEFINITIONAL_REPRESENTATION('',(#603),#607);
#603 = LINE('',#604,#605);
#604 = CARTESIAN_POINT('',(70.,0.));
#605 = VECTOR('',#606,1.);
#606 = DIRECTION('',(-1.,0.));
#607 = ( GEOMETRIC_REPRESENTATION_CONTEXT(2) 
PARAMETRIC_REPRESENTATION_CONTEXT() REPRESENTATION_CONTEXT('2D SPACE',''
  ) );
#608 = FACE_BOUND('',#609,.F.);
#609 = EDGE_LOOP('',(#610,#641,#667));
#610 = ORIENTED_EDGE('',*,*,#611,.F.);
#611 = EDGE_CURVE('',#612,#614,#616,.T.);
#612 = VERTEX_POINT('',#613);
#613 = CARTESIAN_POINT('',(-90.,85.666547622084,286.76654762208));
#614 = VERTEX_POINT('',#615);
#615 = CARTESIAN_POINT('',(-90.,85.666547622084,291.43345237791));
#616 = SURFACE_CURVE('',#617,(#622,#629),.PCURVE_S1.);
#617 = CIRCLE('',#618,3.3);
#618 = AXIS2_PLACEMENT_3D('',#619,#620,#621);
#619 = CARTESIAN_POINT('',(-90.,88.,289.1));
#620 = DIRECTION('',(1.,0.,0.));
#621 = DIRECTION('',(-0.,0.,1.));
#622 = PCURVE('',#62,#623);
#623 = DEFINITIONAL_REPRESENTATION('',(#624),#628);
#624 = CIRCLE('',#625,3.3);
#625 = AXIS2_PLACEMENT_2D('',#626,#627);
#626 = CARTESIAN_POINT('',(-45.9,-22.));
#627 = DIRECTION('',(1.,0.));
#628 = ( GEOMETRIC_REPRESENTATION_CONTEXT(2) 
PARAMETRIC_REPRESENTATION_CONTEXT() REPRESENTATION_CONTEXT('2D SPACE',''
  ) );
#629 = PCURVE('',#630,#635);
#630 = CYLINDRICAL_SURFACE('',#631,3.3);
#631 = AXIS2_PLACEMENT_3D('',#632,#633,#634);
#632 = CARTESIAN_POINT('',(-91.,88.,289.1));
#633 = DIRECTION('',(1.,0.,0.));
#634 = DIRECTION('',(-0.,0.,1.));
#635 = DEFINITIONAL_REPRESENTATION('',(#636),#640);
#636 = LINE('',#637,#638);
#637 = CARTESIAN_POINT('',(0.,1.));
#638 = VECTOR('',#639,1.);
#639 = DIRECTION('',(1.,0.));
#640 = ( GEOMETRIC_REPRESENTATION_CONTEXT(2) 
PARAMETRIC_REPRESENTATION_CONTEXT() REPRESENTATION_CONTEXT('2D SPACE',''
  ) );
#641 = ORIENTED_EDGE('',*,*,#642,.F.);
#642 = EDGE_CURVE('',#643,#612,#645,.T.);
#643 = VERTEX_POINT('',#644);
#644 = CARTESIAN_POINT('',(-90.,83.333095244169,289.1));
#645 = SURFACE_CURVE('',#646,(#650,#656),.PCURVE_S1.);
#646 = LINE('',#647,#648);
#647 = CARTESIAN_POINT('',(-90.,68.691547622084,303.74154762208));
#648 = VECTOR('',#649,1.);
#649 = DIRECTION('',(-0.,0.707106781187,-0.707106781187));
#650 = PCURVE('',#62,#651);
#651 = DEFINITIONAL_REPRESENTATION('',(#652),#655);
#652 = B_SPLINE_CURVE_WITH_KNOTS('',1,(#653,#654),.UNSPECIFIED.,.F.,.F.,
  (2,2),(20.706275221283,24.006275221283),.PIECEWISE_BEZIER_KNOTS.);
#653 = CARTESIAN_POINT('',(-45.9,-17.33309524416));
#654 = CARTESIAN_POINT('',(-48.23345237791,-19.66654762208));
#655 = ( GEOMETRIC_REPRESENTATION_CONTEXT(2) 
PARAMETRIC_REPRESENTATION_CONTEXT() REPRESENTATION_CONTEXT('2D SPACE',''
  ) );
#656 = PCURVE('',#657,#662);
#657 = PLANE('',#658);
#658 = AXIS2_PLACEMENT_3D('',#659,#660,#661);
#659 = CARTESIAN_POINT('',(-91.,85.666547622084,286.76654762208));
#660 = DIRECTION('',(0.,-0.707106781187,-0.707106781187));
#661 = DIRECTION('',(0.,-0.707106781187,0.707106781187));
#662 = DEFINITIONAL_REPRESENTATION('',(#663),#666);
#663 = B_SPLINE_CURVE_WITH_KNOTS('',1,(#664,#665),.UNSPECIFIED.,.F.,.F.,
  (2,2),(20.706275221283,24.006275221283),.PIECEWISE_BEZIER_KNOTS.);
#664 = CARTESIAN_POINT('',(3.3,-1.));
#665 = CARTESIAN_POINT('',(0.,-1.));
#666 = ( GEOMETRIC_REPRESENTATION_CONTEXT(2) 
PARAMETRIC_REPRESENTATION_CONTEXT() REPRESENTATION_CONTEXT('2D SPACE',''
  ) );
#667 = ORIENTED_EDGE('',*,*,#668,.F.);
#668 = EDGE_CURVE('',#614,#643,#669,.T.);
#669 = SURFACE_CURVE('',#670,(#674,#680),.PCURVE_S1.);
#670 = LINE('',#671,#672);
#671 = CARTESIAN_POINT('',(-90.,90.474821433127,296.24172618895));
#672 = VECTOR('',#673,1.);
#673 = DIRECTION('',(0.,-0.707106781187,-0.707106781187));
#674 = PCURVE('',#62,#675);
#675 = DEFINITIONAL_REPRESENTATION('',(#676),#679);
#676 = B_SPLINE_CURVE_WITH_KNOTS('',1,(#677,#678),.UNSPECIFIED.,.F.,.F.,
  (2,2),(6.799926035179,10.099926035179),.PIECEWISE_BEZIER_KNOTS.);
#677 = CARTESIAN_POINT('',(-43.56654762208,-19.66654762208));
#678 = CARTESIAN_POINT('',(-45.9,-17.33309524416));
#679 = ( GEOMETRIC_REPRESENTATION_CONTEXT(2) 
PARAMETRIC_REPRESENTATION_CONTEXT() REPRESENTATION_CONTEXT('2D SPACE',''
  ) );
#680 = PCURVE('',#681,#686);
#681 = PLANE('',#682);
#682 = AXIS2_PLACEMENT_3D('',#683,#684,#685);
#683 = CARTESIAN_POINT('',(-91.,83.333095244169,289.1));
#684 = DIRECTION('',(0.,-0.707106781187,0.707106781187));
#685 = DIRECTION('',(0.,0.707106781187,0.707106781187));
#686 = DEFINITIONAL_REPRESENTATION('',(#687),#690);
#687 = B_SPLINE_CURVE_WITH_KNOTS('',1,(#688,#689),.UNSPECIFIED.,.F.,.F.,
  (2,2),(6.799926035179,10.099926035179),.PIECEWISE_BEZIER_KNOTS.);
#688 = CARTESIAN_POINT('',(3.3,-1.));
#689 = CARTESIAN_POINT('',(0.,-1.));
#690 = ( GEOMETRIC_REPRESENTATION_CONTEXT(2) 
PARAMETRIC_REPRESENTATION_CONTEXT() REPRESENTATION_CONTEXT('2D SPACE',''
  ) );
#691 = FACE_BOUND('',#692,.F.);
#692 = EDGE_LOOP('',(#693,#724,#750));
#693 = ORIENTED_EDGE('',*,*,#694,.F.);
#694 = EDGE_CURVE('',#695,#697,#699,.T.);
#695 = VERTEX_POINT('',#696);
#696 = CARTESIAN_POINT('',(-90.,72.666547622084,386.76654762208));
#697 = VERTEX_POINT('',#698);
#698 = CARTESIAN_POINT('',(-90.,72.666547622084,391.43345237791));
#699 = SURFACE_CURVE('',#700,(#705,#712),.PCURVE_S1.);
#700 = CIRCLE('',#701,3.3);
#701 = AXIS2_PLACEMENT_3D('',#702,#703,#704);
#702 = CARTESIAN_POINT('',(-90.,75.,389.1));
#703 = DIRECTION('',(1.,0.,0.));
#704 = DIRECTION('',(-0.,0.,1.));
#705 = PCURVE('',#62,#706);
#706 = DEFINITIONAL_REPRESENTATION('',(#707),#711);
#707 = CIRCLE('',#708,3.3);
#708 = AXIS2_PLACEMENT_2D('',#709,#710);
#709 = CARTESIAN_POINT('',(54.1,-9.));
#710 = DIRECTION('',(1.,0.));
#711 = ( GEOMETRIC_REPRESENTATION_CONTEXT(2) 
PARAMETRIC_REPRESENTATION_CONTEXT() REPRESENTATION_CONTEXT('2D SPACE',''
  ) );
#712 = PCURVE('',#713,#718);
#713 = CYLINDRICAL_SURFACE('',#714,3.3);
#714 = AXIS2_PLACEMENT_3D('',#715,#716,#717);
#715 = CARTESIAN_POINT('',(-91.,75.,389.1));
#716 = DIRECTION('',(1.,0.,0.));
#717 = DIRECTION('',(-0.,0.,1.));
#718 = DEFINITIONAL_REPRESENTATION('',(#719),#723);
#719 = LINE('',#720,#721);
#720 = CARTESIAN_POINT('',(0.,1.));
#721 = VECTOR('',#722,1.);
#722 = DIRECTION('',(1.,0.));
#723 = ( GEOMETRIC_REPRESENTATION_CONTEXT(2) 
PARAMETRIC_REPRESENTATION_CONTEXT() REPRESENTATION_CONTEXT('2D SPACE',''
  ) );
#724 = ORIENTED_EDGE('',*,*,#725,.F.);
#725 = EDGE_CURVE('',#726,#695,#728,.T.);
#726 = VERTEX_POINT('',#727);
#727 = CARTESIAN_POINT('',(-90.,70.333095244169,389.1));
#728 = SURFACE_CURVE('',#729,(#733,#739),.PCURVE_S1.);
#729 = LINE('',#730,#731);
#730 = CARTESIAN_POINT('',(-90.,83.941547622084,375.49154762208));
#731 = VECTOR('',#732,1.);
#732 = DIRECTION('',(-0.,0.707106781187,-0.707106781187));
#733 = PCURVE('',#62,#734);
#734 = DEFINITIONAL_REPRESENTATION('',(#735),#738);
#735 = B_SPLINE_CURVE_WITH_KNOTS('',1,(#736,#737),.UNSPECIFIED.,.F.,.F.,
  (2,2),(-19.24525791575,-15.94525791575),.PIECEWISE_BEZIER_KNOTS.);
#736 = CARTESIAN_POINT('',(54.1,-4.333095244169));
#737 = CARTESIAN_POINT('',(51.766547622084,-6.666547622084));
#738 = ( GEOMETRIC_REPRESENTATION_CONTEXT(2) 
PARAMETRIC_REPRESENTATION_CONTEXT() REPRESENTATION_CONTEXT('2D SPACE',''
  ) );
#739 = PCURVE('',#740,#745);
#740 = PLANE('',#741);
#741 = AXIS2_PLACEMENT_3D('',#742,#743,#744);
#742 = CARTESIAN_POINT('',(-91.,72.666547622084,386.76654762208));
#743 = DIRECTION('',(0.,-0.707106781187,-0.707106781187));
#744 = DIRECTION('',(0.,-0.707106781187,0.707106781187));
#745 = DEFINITIONAL_REPRESENTATION('',(#746),#749);
#746 = B_SPLINE_CURVE_WITH_KNOTS('',1,(#747,#748),.UNSPECIFIED.,.F.,.F.,
  (2,2),(-19.24525791575,-15.94525791575),.PIECEWISE_BEZIER_KNOTS.);
#747 = CARTESIAN_POINT('',(3.3,-1.));
#748 = CARTESIAN_POINT('',(0.,-1.));
#749 = ( GEOMETRIC_REPRESENTATION_CONTEXT(2) 
PARAMETRIC_REPRESENTATION_CONTEXT() REPRESENTATION_CONTEXT('2D SPACE',''
  ) );
#750 = ORIENTED_EDGE('',*,*,#751,.F.);
#751 = EDGE_CURVE('',#697,#726,#752,.T.);
#752 = SURFACE_CURVE('',#753,(#757,#763),.PCURVE_S1.);
#753 = LINE('',#754,#755);
#754 = CARTESIAN_POINT('',(-90.,55.724821433127,374.49172618895));
#755 = VECTOR('',#756,1.);
#756 = DIRECTION('',(0.,-0.707106781187,-0.707106781187));
#757 = PCURVE('',#62,#758);
#758 = DEFINITIONAL_REPRESENTATION('',(#759),#762);
#759 = B_SPLINE_CURVE_WITH_KNOTS('',1,(#760,#761),.UNSPECIFIED.,.F.,.F.,
  (2,2),(-23.95921894643,-20.65921894643),.PIECEWISE_BEZIER_KNOTS.);
#760 = CARTESIAN_POINT('',(56.433452377916,-6.666547622084));
#761 = CARTESIAN_POINT('',(54.1,-4.333095244169));
#762 = ( GEOMETRIC_REPRESENTATION_CONTEXT(2) 
PARAMETRIC_REPRESENTATION_CONTEXT() REPRESENTATION_CONTEXT('2D SPACE',''
  ) );
#763 = PCURVE('',#764,#769);
#764 = PLANE('',#765);
#765 = AXIS2_PLACEMENT_3D('',#766,#767,#768);
#766 = CARTESIAN_POINT('',(-91.,70.333095244169,389.1));
#767 = DIRECTION('',(0.,-0.707106781187,0.707106781187));
#768 = DIRECTION('',(0.,0.707106781187,0.707106781187));
#769 = DEFINITIONAL_REPRESENTATION('',(#770),#773);
#770 = B_SPLINE_CURVE_WITH_KNOTS('',1,(#771,#772),.UNSPECIFIED.,.F.,.F.,
  (2,2),(-23.95921894643,-20.65921894643),.PIECEWISE_BEZIER_KNOTS.);
#771 = CARTESIAN_POINT('',(3.3,-1.));
#772 = CARTESIAN_POINT('',(0.,-1.));
#773 = ( GEOMETRIC_REPRESENTATION_CONTEXT(2) 
PARAMETRIC_REPRESENTATION_CONTEXT() REPRESENTATION_CONTEXT('2D SPACE',''
  ) );
#774 = ADVANCED_FACE('',(#775,#1163,#1194),#74,.T.);
#775 = FACE_BOUND('',#776,.T.);
#776 = EDGE_LOOP('',(#777,#778,#801,#830,#858,#887,#915,#943,#971,#999,
    #1027,#1056,#1084,#1113,#1141,#1162));
#777 = ORIENTED_EDGE('',*,*,#51,.F.);
#778 = ORIENTED_EDGE('',*,*,#779,.T.);
#779 = EDGE_CURVE('',#52,#780,#782,.T.);
#780 = VERTEX_POINT('',#781);
#781 = CARTESIAN_POINT('',(-89.86931771216,129.,405.));
#782 = SURFACE_CURVE('',#783,(#787,#794),.PCURVE_S1.);
#783 = LINE('',#784,#785);
#784 = CARTESIAN_POINT('',(-90.,129.,405.));
#785 = VECTOR('',#786,1.);
#786 = DIRECTION('',(1.,0.,-0.));
#787 = PCURVE('',#74,#788);
#788 = DEFINITIONAL_REPRESENTATION('',(#789),#793);
#789 = LINE('',#790,#791);
#790 = CARTESIAN_POINT('',(70.,0.));
#791 = VECTOR('',#792,1.);
#792 = DIRECTION('',(0.,1.));
#793 = ( GEOMETRIC_REPRESENTATION_CONTEXT(2) 
PARAMETRIC_REPRESENTATION_CONTEXT() REPRESENTATION_CONTEXT('2D SPACE',''
  ) );
#794 = PCURVE('',#102,#795);
#795 = DEFINITIONAL_REPRESENTATION('',(#796),#800);
#796 = LINE('',#797,#798);
#797 = CARTESIAN_POINT('',(0.,63.));
#798 = VECTOR('',#799,1.);
#799 = DIRECTION('',(1.,0.));
#800 = ( GEOMETRIC_REPRESENTATION_CONTEXT(2) 
PARAMETRIC_REPRESENTATION_CONTEXT() REPRESENTATION_CONTEXT('2D SPACE',''
  ) );
#801 = ORIENTED_EDGE('',*,*,#802,.T.);
#802 = EDGE_CURVE('',#780,#803,#805,.T.);
#803 = VERTEX_POINT('',#804);
#804 = CARTESIAN_POINT('',(-55.5,129.,436.5));
#805 = SURFACE_CURVE('',#806,(#811,#818),.PCURVE_S1.);
#806 = CIRCLE('',#807,34.5);
#807 = AXIS2_PLACEMENT_3D('',#808,#809,#810);
#808 = CARTESIAN_POINT('',(-55.5,129.,402.));
#809 = DIRECTION('',(0.,1.,0.));
#810 = DIRECTION('',(0.,-0.,1.));
#811 = PCURVE('',#74,#812);
#812 = DEFINITIONAL_REPRESENTATION('',(#813),#817);
#813 = CIRCLE('',#814,34.5);
#814 = AXIS2_PLACEMENT_2D('',#815,#816);
#815 = CARTESIAN_POINT('',(67.,34.5));
#816 = DIRECTION('',(1.,0.));
#817 = ( GEOMETRIC_REPRESENTATION_CONTEXT(2) 
PARAMETRIC_REPRESENTATION_CONTEXT() REPRESENTATION_CONTEXT('2D SPACE',''
  ) );
#818 = PCURVE('',#819,#824);
#819 = CYLINDRICAL_SURFACE('',#820,34.5);
#820 = AXIS2_PLACEMENT_3D('',#821,#822,#823);
#821 = CARTESIAN_POINT('',(-55.5,105.,402.));
#822 = DIRECTION('',(0.,1.,0.));
#823 = DIRECTION('',(0.,-0.,1.));
#824 = DEFINITIONAL_REPRESENTATION('',(#825),#829);
#825 = LINE('',#826,#827);
#826 = CARTESIAN_POINT('',(0.,24.));
#827 = VECTOR('',#828,1.);
#828 = DIRECTION('',(1.,0.));
#829 = ( GEOMETRIC_REPRESENTATION_CONTEXT(2) 
PARAMETRIC_REPRESENTATION_CONTEXT() REPRESENTATION_CONTEXT('2D SPACE',''
  ) );
#830 = ORIENTED_EDGE('',*,*,#831,.T.);
#831 = EDGE_CURVE('',#803,#832,#834,.T.);
#832 = VERTEX_POINT('',#833);
#833 = CARTESIAN_POINT('',(55.,129.,436.5));
#834 = SURFACE_CURVE('',#835,(#839,#846),.PCURVE_S1.);
#835 = LINE('',#836,#837);
#836 = CARTESIAN_POINT('',(-55.5,129.,436.5));
#837 = VECTOR('',#838,1.);
#838 = DIRECTION('',(1.,0.,-0.));
#839 = PCURVE('',#74,#840);
#840 = DEFINITIONAL_REPRESENTATION('',(#841),#845);
#841 = LINE('',#842,#843);
#842 = CARTESIAN_POINT('',(101.5,34.5));
#843 = VECTOR('',#844,1.);
#844 = DIRECTION('',(0.,1.));
#845 = ( GEOMETRIC_REPRESENTATION_CONTEXT(2) 
PARAMETRIC_REPRESENTATION_CONTEXT() REPRESENTATION_CONTEXT('2D SPACE',''
  ) );
#846 = PCURVE('',#847,#852);
#847 = PLANE('',#848);
#848 = AXIS2_PLACEMENT_3D('',#849,#850,#851);
#849 = CARTESIAN_POINT('',(-55.5,105.,436.5));
#850 = DIRECTION('',(0.,0.,1.));
#851 = DIRECTION('',(1.,0.,-0.));
#852 = DEFINITIONAL_REPRESENTATION('',(#853),#857);
#853 = LINE('',#854,#855);
#854 = CARTESIAN_POINT('',(0.,24.));
#855 = VECTOR('',#856,1.);
#856 = DIRECTION('',(1.,0.));
#857 = ( GEOMETRIC_REPRESENTATION_CONTEXT(2) 
PARAMETRIC_REPRESENTATION_CONTEXT() REPRESENTATION_CONTEXT('2D SPACE',''
  ) );
#858 = ORIENTED_EDGE('',*,*,#859,.T.);
#859 = EDGE_CURVE('',#832,#860,#862,.T.);
#860 = VERTEX_POINT('',#861);
#861 = CARTESIAN_POINT('',(89.5,129.,402.));
#862 = SURFACE_CURVE('',#863,(#868,#875),.PCURVE_S1.);
#863 = CIRCLE('',#864,34.5);
#864 = AXIS2_PLACEMENT_3D('',#865,#866,#867);
#865 = CARTESIAN_POINT('',(55.,129.,402.));
#866 = DIRECTION('',(0.,1.,0.));
#867 = DIRECTION('',(0.,-0.,1.));
#868 = PCURVE('',#74,#869);
#869 = DEFINITIONAL_REPRESENTATION('',(#870),#874);
#870 = CIRCLE('',#871,34.5);
#871 = AXIS2_PLACEMENT_2D('',#872,#873);
#872 = CARTESIAN_POINT('',(67.,145.));
#873 = DIRECTION('',(1.,0.));
#874 = ( GEOMETRIC_REPRESENTATION_CONTEXT(2) 
PARAMETRIC_REPRESENTATION_CONTEXT() REPRESENTATION_CONTEXT('2D SPACE',''
  ) );
#875 = PCURVE('',#876,#881);
#876 = CYLINDRICAL_SURFACE('',#877,34.5);
#877 = AXIS2_PLACEMENT_3D('',#878,#879,#880);
#878 = CARTESIAN_POINT('',(55.,105.,402.));
#879 = DIRECTION('',(0.,1.,0.));
#880 = DIRECTION('',(0.,-0.,1.));
#881 = DEFINITIONAL_REPRESENTATION('',(#882),#886);
#882 = LINE('',#883,#884);
#883 = CARTESIAN_POINT('',(0.,24.));
#884 = VECTOR('',#885,1.);
#885 = DIRECTION('',(1.,0.));
#886 = ( GEOMETRIC_REPRESENTATION_CONTEXT(2) 
PARAMETRIC_REPRESENTATION_CONTEXT() REPRESENTATION_CONTEXT('2D SPACE',''
  ) );
#887 = ORIENTED_EDGE('',*,*,#888,.F.);
#888 = EDGE_CURVE('',#889,#860,#891,.T.);
#889 = VERTEX_POINT('',#890);
#890 = CARTESIAN_POINT('',(89.5,129.,362.));
#891 = SURFACE_CURVE('',#892,(#896,#903),.PCURVE_S1.);
#892 = LINE('',#893,#894);
#893 = CARTESIAN_POINT('',(89.5,129.,338.));
#894 = VECTOR('',#895,1.);
#895 = DIRECTION('',(0.,0.,1.));
#896 = PCURVE('',#74,#897);
#897 = DEFINITIONAL_REPRESENTATION('',(#898),#902);
#898 = LINE('',#899,#900);
#899 = CARTESIAN_POINT('',(3.,179.5));
#900 = VECTOR('',#901,1.);
#901 = DIRECTION('',(1.,0.));
#902 = ( GEOMETRIC_REPRESENTATION_CONTEXT(2) 
PARAMETRIC_REPRESENTATION_CONTEXT() REPRESENTATION_CONTEXT('2D SPACE',''
  ) );
#903 = PCURVE('',#904,#909);
#904 = PLANE('',#905);
#905 = AXIS2_PLACEMENT_3D('',#906,#907,#908);
#906 = CARTESIAN_POINT('',(89.5,105.,338.));
#907 = DIRECTION('',(1.,0.,-0.));
#908 = DIRECTION('',(0.,0.,1.));
#909 = DEFINITIONAL_REPRESENTATION('',(#910),#914);
#910 = LINE('',#911,#912);
#911 = CARTESIAN_POINT('',(0.,-24.));
#912 = VECTOR('',#913,1.);
#913 = DIRECTION('',(1.,0.));
#914 = ( GEOMETRIC_REPRESENTATION_CONTEXT(2) 
PARAMETRIC_REPRESENTATION_CONTEXT() REPRESENTATION_CONTEXT('2D SPACE',''
  ) );
#915 = ORIENTED_EDGE('',*,*,#916,.T.);
#916 = EDGE_CURVE('',#889,#917,#919,.T.);
#917 = VERTEX_POINT('',#918);
#918 = CARTESIAN_POINT('',(121.,129.,362.));
#919 = SURFACE_CURVE('',#920,(#924,#931),.PCURVE_S1.);
#920 = LINE('',#921,#922);
#921 = CARTESIAN_POINT('',(80.5,129.,362.));
#922 = VECTOR('',#923,1.);
#923 = DIRECTION('',(1.,0.,-0.));
#924 = PCURVE('',#74,#925);
#925 = DEFINITIONAL_REPRESENTATION('',(#926),#930);
#926 = LINE('',#927,#928);
#927 = CARTESIAN_POINT('',(27.,170.5));
#928 = VECTOR('',#929,1.);
#929 = DIRECTION('',(0.,1.));
#930 = ( GEOMETRIC_REPRESENTATION_CONTEXT(2) 
PARAMETRIC_REPRESENTATION_CONTEXT() REPRESENTATION_CONTEXT('2D SPACE',''
  ) );
#931 = PCURVE('',#932,#937);
#932 = PLANE('',#933);
#933 = AXIS2_PLACEMENT_3D('',#934,#935,#936);
#934 = CARTESIAN_POINT('',(80.5,105.,362.));
#935 = DIRECTION('',(0.,0.,1.));
#936 = DIRECTION('',(1.,0.,-0.));
#937 = DEFINITIONAL_REPRESENTATION('',(#938),#942);
#938 = LINE('',#939,#940);
#939 = CARTESIAN_POINT('',(0.,24.));
#940 = VECTOR('',#941,1.);
#941 = DIRECTION('',(1.,0.));
#942 = ( GEOMETRIC_REPRESENTATION_CONTEXT(2) 
PARAMETRIC_REPRESENTATION_CONTEXT() REPRESENTATION_CONTEXT('2D SPACE',''
  ) );
#943 = ORIENTED_EDGE('',*,*,#944,.F.);
#944 = EDGE_CURVE('',#945,#917,#947,.T.);
#945 = VERTEX_POINT('',#946);
#946 = CARTESIAN_POINT('',(121.,129.,338.));
#947 = SURFACE_CURVE('',#948,(#952,#959),.PCURVE_S1.);
#948 = LINE('',#949,#950);
#949 = CARTESIAN_POINT('',(121.,129.,338.));
#950 = VECTOR('',#951,1.);
#951 = DIRECTION('',(0.,0.,1.));
#952 = PCURVE('',#74,#953);
#953 = DEFINITIONAL_REPRESENTATION('',(#954),#958);
#954 = LINE('',#955,#956);
#955 = CARTESIAN_POINT('',(3.,211.));
#956 = VECTOR('',#957,1.);
#957 = DIRECTION('',(1.,0.));
#958 = ( GEOMETRIC_REPRESENTATION_CONTEXT(2) 
PARAMETRIC_REPRESENTATION_CONTEXT() REPRESENTATION_CONTEXT('2D SPACE',''
  ) );
#959 = PCURVE('',#960,#965);
#960 = PLANE('',#961);
#961 = AXIS2_PLACEMENT_3D('',#962,#963,#964);
#962 = CARTESIAN_POINT('',(121.,105.,338.));
#963 = DIRECTION('',(1.,0.,-0.));
#964 = DIRECTION('',(0.,0.,1.));
#965 = DEFINITIONAL_REPRESENTATION('',(#966),#970);
#966 = LINE('',#967,#968);
#967 = CARTESIAN_POINT('',(0.,-24.));
#968 = VECTOR('',#969,1.);
#969 = DIRECTION('',(1.,0.));
#970 = ( GEOMETRIC_REPRESENTATION_CONTEXT(2) 
PARAMETRIC_REPRESENTATION_CONTEXT() REPRESENTATION_CONTEXT('2D SPACE',''
  ) );
#971 = ORIENTED_EDGE('',*,*,#972,.T.);
#972 = EDGE_CURVE('',#945,#973,#975,.T.);
#973 = VERTEX_POINT('',#974);
#974 = CARTESIAN_POINT('',(80.5,129.,338.));
#975 = SURFACE_CURVE('',#976,(#980,#987),.PCURVE_S1.);
#976 = LINE('',#977,#978);
#977 = CARTESIAN_POINT('',(121.,129.,338.));
#978 = VECTOR('',#979,1.);
#979 = DIRECTION('',(-1.,0.,0.));
#980 = PCURVE('',#74,#981);
#981 = DEFINITIONAL_REPRESENTATION('',(#982),#986);
#982 = LINE('',#983,#984);
#983 = CARTESIAN_POINT('',(3.,211.));
#984 = VECTOR('',#985,1.);
#985 = DIRECTION('',(0.,-1.));
#986 = ( GEOMETRIC_REPRESENTATION_CONTEXT(2) 
PARAMETRIC_REPRESENTATION_CONTEXT() REPRESENTATION_CONTEXT('2D SPACE',''
  ) );
#987 = PCURVE('',#988,#993);
#988 = PLANE('',#989);
#989 = AXIS2_PLACEMENT_3D('',#990,#991,#992);
#990 = CARTESIAN_POINT('',(80.5,105.,338.));
#991 = DIRECTION('',(0.,0.,1.));
#992 = DIRECTION('',(1.,0.,-0.));
#993 = DEFINITIONAL_REPRESENTATION('',(#994),#998);
#994 = LINE('',#995,#996);
#995 = CARTESIAN_POINT('',(40.5,24.));
#996 = VECTOR('',#997,1.);
#997 = DIRECTION('',(-1.,0.));
#998 = ( GEOMETRIC_REPRESENTATION_CONTEXT(2) 
PARAMETRIC_REPRESENTATION_CONTEXT() REPRESENTATION_CONTEXT('2D SPACE',''
  ) );
#999 = ORIENTED_EDGE('',*,*,#1000,.T.);
#1000 = EDGE_CURVE('',#973,#1001,#1003,.T.);
#1001 = VERTEX_POINT('',#1002);
#1002 = CARTESIAN_POINT('',(80.5,129.,402.));
#1003 = SURFACE_CURVE('',#1004,(#1008,#1015),.PCURVE_S1.);
#1004 = LINE('',#1005,#1006);
#1005 = CARTESIAN_POINT('',(80.5,129.,338.));
#1006 = VECTOR('',#1007,1.);
#1007 = DIRECTION('',(0.,0.,1.));
#1008 = PCURVE('',#74,#1009);
#1009 = DEFINITIONAL_REPRESENTATION('',(#1010),#1014);
#1010 = LINE('',#1011,#1012);
#1011 = CARTESIAN_POINT('',(3.,170.5));
#1012 = VECTOR('',#1013,1.);
#1013 = DIRECTION('',(1.,0.));
#1014 = ( GEOMETRIC_REPRESENTATION_CONTEXT(2) 
PARAMETRIC_REPRESENTATION_CONTEXT() REPRESENTATION_CONTEXT('2D SPACE',''
  ) );
#1015 = PCURVE('',#1016,#1021);
#1016 = PLANE('',#1017);
#1017 = AXIS2_PLACEMENT_3D('',#1018,#1019,#1020);
#1018 = CARTESIAN_POINT('',(80.5,105.,338.));
#1019 = DIRECTION('',(1.,0.,-0.));
#1020 = DIRECTION('',(0.,0.,1.));
#1021 = DEFINITIONAL_REPRESENTATION('',(#1022),#1026);
#1022 = LINE('',#1023,#1024);
#1023 = CARTESIAN_POINT('',(0.,-24.));
#1024 = VECTOR('',#1025,1.);
#1025 = DIRECTION('',(1.,0.));
#1026 = ( GEOMETRIC_REPRESENTATION_CONTEXT(2) 
PARAMETRIC_REPRESENTATION_CONTEXT() REPRESENTATION_CONTEXT('2D SPACE',''
  ) );
#1027 = ORIENTED_EDGE('',*,*,#1028,.F.);
#1028 = EDGE_CURVE('',#1029,#1001,#1031,.T.);
#1029 = VERTEX_POINT('',#1030);
#1030 = CARTESIAN_POINT('',(55.,129.,427.5));
#1031 = SURFACE_CURVE('',#1032,(#1037,#1044),.PCURVE_S1.);
#1032 = CIRCLE('',#1033,25.5);
#1033 = AXIS2_PLACEMENT_3D('',#1034,#1035,#1036);
#1034 = CARTESIAN_POINT('',(55.,129.,402.));
#1035 = DIRECTION('',(0.,1.,0.));
#1036 = DIRECTION('',(0.,-0.,1.));
#1037 = PCURVE('',#74,#1038);
#1038 = DEFINITIONAL_REPRESENTATION('',(#1039),#1043);
#1039 = CIRCLE('',#1040,25.5);
#1040 = AXIS2_PLACEMENT_2D('',#1041,#1042);
#1041 = CARTESIAN_POINT('',(67.,145.));
#1042 = DIRECTION('',(1.,0.));
#1043 = ( GEOMETRIC_REPRESENTATION_CONTEXT(2) 
PARAMETRIC_REPRESENTATION_CONTEXT() REPRESENTATION_CONTEXT('2D SPACE',''
  ) );
#1044 = PCURVE('',#1045,#1050);
#1045 = CYLINDRICAL_SURFACE('',#1046,25.5);
#1046 = AXIS2_PLACEMENT_3D('',#1047,#1048,#1049);
#1047 = CARTESIAN_POINT('',(55.,104.,402.));
#1048 = DIRECTION('',(0.,1.,0.));
#1049 = DIRECTION('',(0.,-0.,1.));
#1050 = DEFINITIONAL_REPRESENTATION('',(#1051),#1055);
#1051 = LINE('',#1052,#1053);
#1052 = CARTESIAN_POINT('',(0.,25.));
#1053 = VECTOR('',#1054,1.);
#1054 = DIRECTION('',(1.,0.));
#1055 = ( GEOMETRIC_REPRESENTATION_CONTEXT(2) 
PARAMETRIC_REPRESENTATION_CONTEXT() REPRESENTATION_CONTEXT('2D SPACE',''
  ) );
#1056 = ORIENTED_EDGE('',*,*,#1057,.F.);
#1057 = EDGE_CURVE('',#1058,#1029,#1060,.T.);
#1058 = VERTEX_POINT('',#1059);
#1059 = CARTESIAN_POINT('',(-55.5,129.,427.5));
#1060 = SURFACE_CURVE('',#1061,(#1065,#1072),.PCURVE_S1.);
#1061 = LINE('',#1062,#1063);
#1062 = CARTESIAN_POINT('',(-55.5,129.,427.5));
#1063 = VECTOR('',#1064,1.);
#1064 = DIRECTION('',(1.,0.,-0.));
#1065 = PCURVE('',#74,#1066);
#1066 = DEFINITIONAL_REPRESENTATION('',(#1067),#1071);
#1067 = LINE('',#1068,#1069);
#1068 = CARTESIAN_POINT('',(92.5,34.5));
#1069 = VECTOR('',#1070,1.);
#1070 = DIRECTION('',(0.,1.));
#1071 = ( GEOMETRIC_REPRESENTATION_CONTEXT(2) 
PARAMETRIC_REPRESENTATION_CONTEXT() REPRESENTATION_CONTEXT('2D SPACE',''
  ) );
#1072 = PCURVE('',#1073,#1078);
#1073 = PLANE('',#1074);
#1074 = AXIS2_PLACEMENT_3D('',#1075,#1076,#1077);
#1075 = CARTESIAN_POINT('',(-55.5,105.,427.5));
#1076 = DIRECTION('',(0.,0.,1.));
#1077 = DIRECTION('',(1.,0.,-0.));
#1078 = DEFINITIONAL_REPRESENTATION('',(#1079),#1083);
#1079 = LINE('',#1080,#1081);
#1080 = CARTESIAN_POINT('',(0.,24.));
#1081 = VECTOR('',#1082,1.);
#1082 = DIRECTION('',(1.,0.));
#1083 = ( GEOMETRIC_REPRESENTATION_CONTEXT(2) 
PARAMETRIC_REPRESENTATION_CONTEXT() REPRESENTATION_CONTEXT('2D SPACE',''
  ) );
#1084 = ORIENTED_EDGE('',*,*,#1085,.F.);
#1085 = EDGE_CURVE('',#1086,#1058,#1088,.T.);
#1086 = VERTEX_POINT('',#1087);
#1087 = CARTESIAN_POINT('',(-81.,129.,402.));
#1088 = SURFACE_CURVE('',#1089,(#1094,#1101),.PCURVE_S1.);
#1089 = CIRCLE('',#1090,25.5);
#1090 = AXIS2_PLACEMENT_3D('',#1091,#1092,#1093);
#1091 = CARTESIAN_POINT('',(-55.5,129.,402.));
#1092 = DIRECTION('',(0.,1.,0.));
#1093 = DIRECTION('',(0.,-0.,1.));
#1094 = PCURVE('',#74,#1095);
#1095 = DEFINITIONAL_REPRESENTATION('',(#1096),#1100);
#1096 = CIRCLE('',#1097,25.5);
#1097 = AXIS2_PLACEMENT_2D('',#1098,#1099);
#1098 = CARTESIAN_POINT('',(67.,34.5));
#1099 = DIRECTION('',(1.,0.));
#1100 = ( GEOMETRIC_REPRESENTATION_CONTEXT(2) 
PARAMETRIC_REPRESENTATION_CONTEXT() REPRESENTATION_CONTEXT('2D SPACE',''
  ) );
#1101 = PCURVE('',#1102,#1107);
#1102 = CYLINDRICAL_SURFACE('',#1103,25.5);
#1103 = AXIS2_PLACEMENT_3D('',#1104,#1105,#1106);
#1104 = CARTESIAN_POINT('',(-55.5,104.,402.));
#1105 = DIRECTION('',(0.,1.,0.));
#1106 = DIRECTION('',(0.,-0.,1.));
#1107 = DEFINITIONAL_REPRESENTATION('',(#1108),#1112);
#1108 = LINE('',#1109,#1110);
#1109 = CARTESIAN_POINT('',(0.,25.));
#1110 = VECTOR('',#1111,1.);
#1111 = DIRECTION('',(1.,0.));
#1112 = ( GEOMETRIC_REPRESENTATION_CONTEXT(2) 
PARAMETRIC_REPRESENTATION_CONTEXT() REPRESENTATION_CONTEXT('2D SPACE',''
  ) );
#1113 = ORIENTED_EDGE('',*,*,#1114,.T.);
#1114 = EDGE_CURVE('',#1086,#1115,#1117,.T.);
#1115 = VERTEX_POINT('',#1116);
#1116 = CARTESIAN_POINT('',(-81.,129.,328.3));
#1117 = SURFACE_CURVE('',#1118,(#1122,#1129),.PCURVE_S1.);
#1118 = LINE('',#1119,#1120);
#1119 = CARTESIAN_POINT('',(-81.,129.,405.));
#1120 = VECTOR('',#1121,1.);
#1121 = DIRECTION('',(0.,0.,-1.));
#1122 = PCURVE('',#74,#1123);
#1123 = DEFINITIONAL_REPRESENTATION('',(#1124),#1128);
#1124 = LINE('',#1125,#1126);
#1125 = CARTESIAN_POINT('',(70.,9.));
#1126 = VECTOR('',#1127,1.);
#1127 = DIRECTION('',(-1.,0.));
#1128 = ( GEOMETRIC_REPRESENTATION_CONTEXT(2) 
PARAMETRIC_REPRESENTATION_CONTEXT() REPRESENTATION_CONTEXT('2D SPACE',''
  ) );
#1129 = PCURVE('',#1130,#1135);
#1130 = PLANE('',#1131);
#1131 = AXIS2_PLACEMENT_3D('',#1132,#1133,#1134);
#1132 = CARTESIAN_POINT('',(-81.,66.,335.));
#1133 = DIRECTION('',(1.,0.,-0.));
#1134 = DIRECTION('',(0.,0.,1.));
#1135 = DEFINITIONAL_REPRESENTATION('',(#1136),#1140);
#1136 = LINE('',#1137,#1138);
#1137 = CARTESIAN_POINT('',(70.,-63.));
#1138 = VECTOR('',#1139,1.);
#1139 = DIRECTION('',(-1.,0.));
#1140 = ( GEOMETRIC_REPRESENTATION_CONTEXT(2) 
PARAMETRIC_REPRESENTATION_CONTEXT() REPRESENTATION_CONTEXT('2D SPACE',''
  ) );
#1141 = ORIENTED_EDGE('',*,*,#1142,.F.);
#1142 = EDGE_CURVE('',#561,#1115,#1143,.T.);
#1143 = SURFACE_CURVE('',#1144,(#1148,#1155),.PCURVE_S1.);
#1144 = LINE('',#1145,#1146);
#1145 = CARTESIAN_POINT('',(-90.,129.,328.3));
#1146 = VECTOR('',#1147,1.);
#1147 = DIRECTION('',(1.,0.,0.));
#1148 = PCURVE('',#74,#1149);
#1149 = DEFINITIONAL_REPRESENTATION('',(#1150),#1154);
#1150 = LINE('',#1151,#1152);
#1151 = CARTESIAN_POINT('',(-6.7,0.));
#1152 = VECTOR('',#1153,1.);
#1153 = DIRECTION('',(0.,1.));
#1154 = ( GEOMETRIC_REPRESENTATION_CONTEXT(2) 
PARAMETRIC_REPRESENTATION_CONTEXT() REPRESENTATION_CONTEXT('2D SPACE',''
  ) );
#1155 = PCURVE('',#576,#1156);
#1156 = DEFINITIONAL_REPRESENTATION('',(#1157),#1161);
#1157 = LINE('',#1158,#1159);
#1158 = CARTESIAN_POINT('',(0.,-0.));
#1159 = VECTOR('',#1160,1.);
#1160 = DIRECTION('',(0.,-1.));
#1161 = ( GEOMETRIC_REPRESENTATION_CONTEXT(2) 
PARAMETRIC_REPRESENTATION_CONTEXT() REPRESENTATION_CONTEXT('2D SPACE',''
  ) );
#1162 = ORIENTED_EDGE('',*,*,#588,.F.);
#1163 = FACE_BOUND('',#1164,.T.);
#1164 = EDGE_LOOP('',(#1165));
#1165 = ORIENTED_EDGE('',*,*,#1166,.F.);
#1166 = EDGE_CURVE('',#1167,#1167,#1169,.T.);
#1167 = VERTEX_POINT('',#1168);
#1168 = CARTESIAN_POINT('',(104.,129.,354.));
#1169 = SURFACE_CURVE('',#1170,(#1175,#1182),.PCURVE_S1.);
#1170 = CIRCLE('',#1171,4.);
#1171 = AXIS2_PLACEMENT_3D('',#1172,#1173,#1174);
#1172 = CARTESIAN_POINT('',(104.,129.,350.));
#1173 = DIRECTION('',(0.,1.,0.));
#1174 = DIRECTION('',(0.,-0.,1.));
#1175 = PCURVE('',#74,#1176);
#1176 = DEFINITIONAL_REPRESENTATION('',(#1177),#1181);
#1177 = CIRCLE('',#1178,4.);
#1178 = AXIS2_PLACEMENT_2D('',#1179,#1180);
#1179 = CARTESIAN_POINT('',(15.,194.));
#1180 = DIRECTION('',(1.,0.));
#1181 = ( GEOMETRIC_REPRESENTATION_CONTEXT(2) 
PARAMETRIC_REPRESENTATION_CONTEXT() REPRESENTATION_CONTEXT('2D SPACE',''
  ) );
#1182 = PCURVE('',#1183,#1188);
#1183 = CYLINDRICAL_SURFACE('',#1184,4.);
#1184 = AXIS2_PLACEMENT_3D('',#1185,#1186,#1187);
#1185 = CARTESIAN_POINT('',(104.,124.5,350.));
#1186 = DIRECTION('',(0.,1.,0.));
#1187 = DIRECTION('',(0.,-0.,1.));
#1188 = DEFINITIONAL_REPRESENTATION('',(#1189),#1193);
#1189 = LINE('',#1190,#1191);
#1190 = CARTESIAN_POINT('',(0.,4.5));
#1191 = VECTOR('',#1192,1.);
#1192 = DIRECTION('',(1.,0.));
#1193 = ( GEOMETRIC_REPRESENTATION_CONTEXT(2) 
PARAMETRIC_REPRESENTATION_CONTEXT() REPRESENTATION_CONTEXT('2D SPACE',''
  ) );
#1194 = FACE_BOUND('',#1195,.T.);
#1195 = EDGE_LOOP('',(#1196));
#1196 = ORIENTED_EDGE('',*,*,#1197,.F.);
#1197 = EDGE_CURVE('',#1198,#1198,#1200,.T.);
#1198 = VERTEX_POINT('',#1199);
#1199 = CARTESIAN_POINT('',(115.,129.,354.));
#1200 = SURFACE_CURVE('',#1201,(#1206,#1213),.PCURVE_S1.);
#1201 = CIRCLE('',#1202,4.);
#1202 = AXIS2_PLACEMENT_3D('',#1203,#1204,#1205);
#1203 = CARTESIAN_POINT('',(115.,129.,350.));
#1204 = DIRECTION('',(0.,1.,0.));
#1205 = DIRECTION('',(0.,-0.,1.));
#1206 = PCURVE('',#74,#1207);
#1207 = DEFINITIONAL_REPRESENTATION('',(#1208),#1212);
#1208 = CIRCLE('',#1209,4.);
#1209 = AXIS2_PLACEMENT_2D('',#1210,#1211);
#1210 = CARTESIAN_POINT('',(15.,205.));
#1211 = DIRECTION('',(1.,0.));
#1212 = ( GEOMETRIC_REPRESENTATION_CONTEXT(2) 
PARAMETRIC_REPRESENTATION_CONTEXT() REPRESENTATION_CONTEXT('2D SPACE',''
  ) );
#1213 = PCURVE('',#1214,#1219);
#1214 = CYLINDRICAL_SURFACE('',#1215,4.);
#1215 = AXIS2_PLACEMENT_3D('',#1216,#1217,#1218);
#1216 = CARTESIAN_POINT('',(115.,124.5,350.));
#1217 = DIRECTION('',(0.,1.,0.));
#1218 = DIRECTION('',(0.,-0.,1.));
#1219 = DEFINITIONAL_REPRESENTATION('',(#1220),#1224);
#1220 = LINE('',#1221,#1222);
#1221 = CARTESIAN_POINT('',(0.,4.5));
#1222 = VECTOR('',#1223,1.);
#1223 = DIRECTION('',(1.,0.));
#1224 = ( GEOMETRIC_REPRESENTATION_CONTEXT(2) 
PARAMETRIC_REPRESENTATION_CONTEXT() REPRESENTATION_CONTEXT('2D SPACE',''
  ) );
#1225 = ADVANCED_FACE('',(#1226),#102,.T.);
#1226 = FACE_BOUND('',#1227,.T.);
#1227 = EDGE_LOOP('',(#1228,#1229,#1230,#1253,#1276,#1303));
#1228 = ORIENTED_EDGE('',*,*,#779,.F.);
#1229 = ORIENTED_EDGE('',*,*,#86,.F.);
#1230 = ORIENTED_EDGE('',*,*,#1231,.T.);
#1231 = EDGE_CURVE('',#87,#1232,#1234,.T.);
#1232 = VERTEX_POINT('',#1233);
#1233 = CARTESIAN_POINT('',(-81.,66.,405.));
#1234 = SURFACE_CURVE('',#1235,(#1239,#1246),.PCURVE_S1.);
#1235 = LINE('',#1236,#1237);
#1236 = CARTESIAN_POINT('',(-90.,66.,405.));
#1237 = VECTOR('',#1238,1.);
#1238 = DIRECTION('',(1.,0.,-0.));
#1239 = PCURVE('',#102,#1240);
#1240 = DEFINITIONAL_REPRESENTATION('',(#1241),#1245);
#1241 = LINE('',#1242,#1243);
#1242 = CARTESIAN_POINT('',(0.,0.));
#1243 = VECTOR('',#1244,1.);
#1244 = DIRECTION('',(1.,0.));
#1245 = ( GEOMETRIC_REPRESENTATION_CONTEXT(2) 
PARAMETRIC_REPRESENTATION_CONTEXT() REPRESENTATION_CONTEXT('2D SPACE',''
  ) );
#1246 = PCURVE('',#130,#1247);
#1247 = DEFINITIONAL_REPRESENTATION('',(#1248),#1252);
#1248 = LINE('',#1249,#1250);
#1249 = CARTESIAN_POINT('',(70.,0.));
#1250 = VECTOR('',#1251,1.);
#1251 = DIRECTION('',(0.,1.));
#1252 = ( GEOMETRIC_REPRESENTATION_CONTEXT(2) 
PARAMETRIC_REPRESENTATION_CONTEXT() REPRESENTATION_CONTEXT('2D SPACE',''
  ) );
#1253 = ORIENTED_EDGE('',*,*,#1254,.T.);
#1254 = EDGE_CURVE('',#1232,#1255,#1257,.T.);
#1255 = VERTEX_POINT('',#1256);
#1256 = CARTESIAN_POINT('',(-81.,105.,405.));
#1257 = SURFACE_CURVE('',#1258,(#1262,#1269),.PCURVE_S1.);
#1258 = LINE('',#1259,#1260);
#1259 = CARTESIAN_POINT('',(-81.,66.,405.));
#1260 = VECTOR('',#1261,1.);
#1261 = DIRECTION('',(-0.,1.,0.));
#1262 = PCURVE('',#102,#1263);
#1263 = DEFINITIONAL_REPRESENTATION('',(#1264),#1268);
#1264 = LINE('',#1265,#1266);
#1265 = CARTESIAN_POINT('',(9.,0.));
#1266 = VECTOR('',#1267,1.);
#1267 = DIRECTION('',(0.,1.));
#1268 = ( GEOMETRIC_REPRESENTATION_CONTEXT(2) 
PARAMETRIC_REPRESENTATION_CONTEXT() REPRESENTATION_CONTEXT('2D SPACE',''
  ) );
#1269 = PCURVE('',#1130,#1270);
#1270 = DEFINITIONAL_REPRESENTATION('',(#1271),#1275);
#1271 = LINE('',#1272,#1273);
#1272 = CARTESIAN_POINT('',(70.,0.));
#1273 = VECTOR('',#1274,1.);
#1274 = DIRECTION('',(0.,-1.));
#1275 = ( GEOMETRIC_REPRESENTATION_CONTEXT(2) 
PARAMETRIC_REPRESENTATION_CONTEXT() REPRESENTATION_CONTEXT('2D SPACE',''
  ) );
#1276 = ORIENTED_EDGE('',*,*,#1277,.T.);
#1277 = EDGE_CURVE('',#1255,#1278,#1280,.T.);
#1278 = VERTEX_POINT('',#1279);
#1279 = CARTESIAN_POINT('',(-89.86931771216,105.,405.));
#1280 = SURFACE_CURVE('',#1281,(#1285,#1291),.PCURVE_S1.);
#1281 = LINE('',#1282,#1283);
#1282 = CARTESIAN_POINT('',(-72.75,105.,405.));
#1283 = VECTOR('',#1284,1.);
#1284 = DIRECTION('',(-1.,0.,0.));
#1285 = PCURVE('',#102,#1286);
#1286 = DEFINITIONAL_REPRESENTATION('',(#1287),#1290);
#1287 = B_SPLINE_CURVE_WITH_KNOTS('',1,(#1288,#1289),.UNSPECIFIED.,.F.,
  .F.,(2,2),(8.25,17.25),.PIECEWISE_BEZIER_KNOTS.);
#1288 = CARTESIAN_POINT('',(9.,39.));
#1289 = CARTESIAN_POINT('',(0.,39.));
#1290 = ( GEOMETRIC_REPRESENTATION_CONTEXT(2) 
PARAMETRIC_REPRESENTATION_CONTEXT() REPRESENTATION_CONTEXT('2D SPACE',''
  ) );
#1291 = PCURVE('',#1292,#1297);
#1292 = PLANE('',#1293);
#1293 = AXIS2_PLACEMENT_3D('',#1294,#1295,#1296);
#1294 = CARTESIAN_POINT('',(-55.5,105.,402.));
#1295 = DIRECTION('',(0.,1.,0.));
#1296 = DIRECTION('',(0.,-0.,1.));
#1297 = DEFINITIONAL_REPRESENTATION('',(#1298),#1302);
#1298 = LINE('',#1299,#1300);
#1299 = CARTESIAN_POINT('',(3.,-17.25));
#1300 = VECTOR('',#1301,1.);
#1301 = DIRECTION('',(0.,-1.));
#1302 = ( GEOMETRIC_REPRESENTATION_CONTEXT(2) 
PARAMETRIC_REPRESENTATION_CONTEXT() REPRESENTATION_CONTEXT('2D SPACE',''
  ) );
#1303 = ORIENTED_EDGE('',*,*,#1304,.T.);
#1304 = EDGE_CURVE('',#1278,#780,#1305,.T.);
#1305 = SURFACE_CURVE('',#1306,(#1310,#1316),.PCURVE_S1.);
#1306 = LINE('',#1307,#1308);
#1307 = CARTESIAN_POINT('',(-89.86931771216,105.,405.));
#1308 = VECTOR('',#1309,1.);
#1309 = DIRECTION('',(0.,1.,0.));
#1310 = PCURVE('',#102,#1311);
#1311 = DEFINITIONAL_REPRESENTATION('',(#1312),#1315);
#1312 = B_SPLINE_CURVE_WITH_KNOTS('',1,(#1313,#1314),.UNSPECIFIED.,.F.,
  .F.,(2,2),(-6.000000070117E-07,24.0000006),.PIECEWISE_BEZIER_KNOTS.);
#1313 = CARTESIAN_POINT('',(0.130682287831,38.9999994));
#1314 = CARTESIAN_POINT('',(0.130682287831,63.0000006));
#1315 = ( GEOMETRIC_REPRESENTATION_CONTEXT(2) 
PARAMETRIC_REPRESENTATION_CONTEXT() REPRESENTATION_CONTEXT('2D SPACE',''
  ) );
#1316 = PCURVE('',#819,#1317);
#1317 = DEFINITIONAL_REPRESENTATION('',(#1318),#1321);
#1318 = B_SPLINE_CURVE_WITH_KNOTS('',1,(#1319,#1320),.UNSPECIFIED.,.F.,
  .F.,(2,2),(-6.000000070117E-07,24.0000006),.PIECEWISE_BEZIER_KNOTS.);
#1319 = CARTESIAN_POINT('',(4.799455462732,-6.000000070117E-07));
#1320 = CARTESIAN_POINT('',(4.799455462732,24.0000006));
#1321 = ( GEOMETRIC_REPRESENTATION_CONTEXT(2) 
PARAMETRIC_REPRESENTATION_CONTEXT() REPRESENTATION_CONTEXT('2D SPACE',''
  ) );
#1322 = ADVANCED_FACE('',(#1323),#130,.F.);
#1323 = FACE_BOUND('',#1324,.F.);
#1324 = EDGE_LOOP('',(#1325,#1348,#1349,#1350));
#1325 = ORIENTED_EDGE('',*,*,#1326,.F.);
#1326 = EDGE_CURVE('',#115,#1327,#1329,.T.);
#1327 = VERTEX_POINT('',#1328);
#1328 = CARTESIAN_POINT('',(-81.,66.,335.));
#1329 = SURFACE_CURVE('',#1330,(#1334,#1341),.PCURVE_S1.);
#1330 = LINE('',#1331,#1332);
#1331 = CARTESIAN_POINT('',(-90.,66.,335.));
#1332 = VECTOR('',#1333,1.);
#1333 = DIRECTION('',(1.,0.,-0.));
#1334 = PCURVE('',#130,#1335);
#1335 = DEFINITIONAL_REPRESENTATION('',(#1336),#1340);
#1336 = LINE('',#1337,#1338);
#1337 = CARTESIAN_POINT('',(0.,0.));
#1338 = VECTOR('',#1339,1.);
#1339 = DIRECTION('',(0.,1.));
#1340 = ( GEOMETRIC_REPRESENTATION_CONTEXT(2) 
PARAMETRIC_REPRESENTATION_CONTEXT() REPRESENTATION_CONTEXT('2D SPACE',''
  ) );
#1341 = PCURVE('',#158,#1342);
#1342 = DEFINITIONAL_REPRESENTATION('',(#1343),#1347);
#1343 = LINE('',#1344,#1345);
#1344 = CARTESIAN_POINT('',(0.,0.));
#1345 = VECTOR('',#1346,1.);
#1346 = DIRECTION('',(1.,0.));
#1347 = ( GEOMETRIC_REPRESENTATION_CONTEXT(2) 
PARAMETRIC_REPRESENTATION_CONTEXT() REPRESENTATION_CONTEXT('2D SPACE',''
  ) );
#1348 = ORIENTED_EDGE('',*,*,#114,.T.);
#1349 = ORIENTED_EDGE('',*,*,#1231,.T.);
#1350 = ORIENTED_EDGE('',*,*,#1351,.F.);
#1351 = EDGE_CURVE('',#1327,#1232,#1352,.T.);
#1352 = SURFACE_CURVE('',#1353,(#1357,#1364),.PCURVE_S1.);
#1353 = LINE('',#1354,#1355);
#1354 = CARTESIAN_POINT('',(-81.,66.,335.));
#1355 = VECTOR('',#1356,1.);
#1356 = DIRECTION('',(0.,0.,1.));
#1357 = PCURVE('',#130,#1358);
#1358 = DEFINITIONAL_REPRESENTATION('',(#1359),#1363);
#1359 = LINE('',#1360,#1361);
#1360 = CARTESIAN_POINT('',(0.,9.));
#1361 = VECTOR('',#1362,1.);
#1362 = DIRECTION('',(1.,0.));
#1363 = ( GEOMETRIC_REPRESENTATION_CONTEXT(2) 
PARAMETRIC_REPRESENTATION_CONTEXT() REPRESENTATION_CONTEXT('2D SPACE',''
  ) );
#1364 = PCURVE('',#1130,#1365);
#1365 = DEFINITIONAL_REPRESENTATION('',(#1366),#1370);
#1366 = LINE('',#1367,#1368);
#1367 = CARTESIAN_POINT('',(0.,0.));
#1368 = VECTOR('',#1369,1.);
#1369 = DIRECTION('',(1.,0.));
#1370 = ( GEOMETRIC_REPRESENTATION_CONTEXT(2) 
PARAMETRIC_REPRESENTATION_CONTEXT() REPRESENTATION_CONTEXT('2D SPACE',''
  ) );
#1371 = ADVANCED_FACE('',(#1372),#576,.T.);
#1372 = FACE_BOUND('',#1373,.T.);
#1373 = EDGE_LOOP('',(#1374,#1375,#1398,#1419));
#1374 = ORIENTED_EDGE('',*,*,#1142,.T.);
#1375 = ORIENTED_EDGE('',*,*,#1376,.T.);
#1376 = EDGE_CURVE('',#1115,#1377,#1379,.T.);
#1377 = VERTEX_POINT('',#1378);
#1378 = CARTESIAN_POINT('',(-81.,125.,328.3));
#1379 = SURFACE_CURVE('',#1380,(#1384,#1391),.PCURVE_S1.);
#1380 = LINE('',#1381,#1382);
#1381 = CARTESIAN_POINT('',(-81.,129.,328.3));
#1382 = VECTOR('',#1383,1.);
#1383 = DIRECTION('',(0.,-1.,0.));
#1384 = PCURVE('',#576,#1385);
#1385 = DEFINITIONAL_REPRESENTATION('',(#1386),#1390);
#1386 = LINE('',#1387,#1388);
#1387 = CARTESIAN_POINT('',(0.,-9.));
#1388 = VECTOR('',#1389,1.);
#1389 = DIRECTION('',(1.,0.));
#1390 = ( GEOMETRIC_REPRESENTATION_CONTEXT(2) 
PARAMETRIC_REPRESENTATION_CONTEXT() REPRESENTATION_CONTEXT('2D SPACE',''
  ) );
#1391 = PCURVE('',#1130,#1392);
#1392 = DEFINITIONAL_REPRESENTATION('',(#1393),#1397);
#1393 = LINE('',#1394,#1395);
#1394 = CARTESIAN_POINT('',(-6.7,-63.));
#1395 = VECTOR('',#1396,1.);
#1396 = DIRECTION('',(0.,1.));
#1397 = ( GEOMETRIC_REPRESENTATION_CONTEXT(2) 
PARAMETRIC_REPRESENTATION_CONTEXT() REPRESENTATION_CONTEXT('2D SPACE',''
  ) );
#1398 = ORIENTED_EDGE('',*,*,#1399,.F.);
#1399 = EDGE_CURVE('',#533,#1377,#1400,.T.);
#1400 = SURFACE_CURVE('',#1401,(#1405,#1412),.PCURVE_S1.);
#1401 = LINE('',#1402,#1403);
#1402 = CARTESIAN_POINT('',(-90.,125.,328.3));
#1403 = VECTOR('',#1404,1.);
#1404 = DIRECTION('',(1.,0.,0.));
#1405 = PCURVE('',#576,#1406);
#1406 = DEFINITIONAL_REPRESENTATION('',(#1407),#1411);
#1407 = LINE('',#1408,#1409);
#1408 = CARTESIAN_POINT('',(4.,0.));
#1409 = VECTOR('',#1410,1.);
#1410 = DIRECTION('',(0.,-1.));
#1411 = ( GEOMETRIC_REPRESENTATION_CONTEXT(2) 
PARAMETRIC_REPRESENTATION_CONTEXT() REPRESENTATION_CONTEXT('2D SPACE',''
  ) );
#1412 = PCURVE('',#548,#1413);
#1413 = DEFINITIONAL_REPRESENTATION('',(#1414),#1418);
#1414 = LINE('',#1415,#1416);
#1415 = CARTESIAN_POINT('',(0.,0.));
#1416 = VECTOR('',#1417,1.);
#1417 = DIRECTION('',(0.,-1.));
#1418 = ( GEOMETRIC_REPRESENTATION_CONTEXT(2) 
PARAMETRIC_REPRESENTATION_CONTEXT() REPRESENTATION_CONTEXT('2D SPACE',''
  ) );
#1419 = ORIENTED_EDGE('',*,*,#560,.F.);
#1420 = ADVANCED_FACE('',(#1421),#158,.F.);
#1421 = FACE_BOUND('',#1422,.F.);
#1422 = EDGE_LOOP('',(#1423,#1424,#1425,#1448));
#1423 = ORIENTED_EDGE('',*,*,#142,.F.);
#1424 = ORIENTED_EDGE('',*,*,#1326,.T.);
#1425 = ORIENTED_EDGE('',*,*,#1426,.T.);
#1426 = EDGE_CURVE('',#1327,#1427,#1429,.T.);
#1427 = VERTEX_POINT('',#1428);
#1428 = CARTESIAN_POINT('',(-81.,71.5,335.));
#1429 = SURFACE_CURVE('',#1430,(#1434,#1441),.PCURVE_S1.);
#1430 = LINE('',#1431,#1432);
#1431 = CARTESIAN_POINT('',(-81.,66.,335.));
#1432 = VECTOR('',#1433,1.);
#1433 = DIRECTION('',(-0.,1.,0.));
#1434 = PCURVE('',#158,#1435);
#1435 = DEFINITIONAL_REPRESENTATION('',(#1436),#1440);
#1436 = LINE('',#1437,#1438);
#1437 = CARTESIAN_POINT('',(9.,0.));
#1438 = VECTOR('',#1439,1.);
#1439 = DIRECTION('',(0.,1.));
#1440 = ( GEOMETRIC_REPRESENTATION_CONTEXT(2) 
PARAMETRIC_REPRESENTATION_CONTEXT() REPRESENTATION_CONTEXT('2D SPACE',''
  ) );
#1441 = PCURVE('',#1130,#1442);
#1442 = DEFINITIONAL_REPRESENTATION('',(#1443),#1447);
#1443 = LINE('',#1444,#1445);
#1444 = CARTESIAN_POINT('',(0.,0.));
#1445 = VECTOR('',#1446,1.);
#1446 = DIRECTION('',(0.,-1.));
#1447 = ( GEOMETRIC_REPRESENTATION_CONTEXT(2) 
PARAMETRIC_REPRESENTATION_CONTEXT() REPRESENTATION_CONTEXT('2D SPACE',''
  ) );
#1448 = ORIENTED_EDGE('',*,*,#1449,.T.);
#1449 = EDGE_CURVE('',#1427,#143,#1450,.T.);
#1450 = SURFACE_CURVE('',#1451,(#1455,#1461),.PCURVE_S1.);
#1451 = LINE('',#1452,#1453);
#1452 = CARTESIAN_POINT('',(-90.,71.5,335.));
#1453 = VECTOR('',#1454,1.);
#1454 = DIRECTION('',(-1.,-0.,0.));
#1455 = PCURVE('',#158,#1456);
#1456 = DEFINITIONAL_REPRESENTATION('',(#1457),#1460);
#1457 = B_SPLINE_CURVE_WITH_KNOTS('',1,(#1458,#1459),.UNSPECIFIED.,.F.,
  .F.,(2,2),(-9.,0.),.PIECEWISE_BEZIER_KNOTS.);
#1458 = CARTESIAN_POINT('',(9.,5.5));
#1459 = CARTESIAN_POINT('',(0.,5.5));
#1460 = ( GEOMETRIC_REPRESENTATION_CONTEXT(2) 
PARAMETRIC_REPRESENTATION_CONTEXT() REPRESENTATION_CONTEXT('2D SPACE',''
  ) );
#1461 = PCURVE('',#186,#1462);
#1462 = DEFINITIONAL_REPRESENTATION('',(#1463),#1466);
#1463 = B_SPLINE_CURVE_WITH_KNOTS('',1,(#1464,#1465),.UNSPECIFIED.,.F.,
  .F.,(2,2),(-9.,0.),.PIECEWISE_BEZIER_KNOTS.);
#1464 = CARTESIAN_POINT('',(53.5,9.));
#1465 = CARTESIAN_POINT('',(53.5,0.));
#1466 = ( GEOMETRIC_REPRESENTATION_CONTEXT(2) 
PARAMETRIC_REPRESENTATION_CONTEXT() REPRESENTATION_CONTEXT('2D SPACE',''
  ) );
#1467 = ADVANCED_FACE('',(#1468),#548,.T.);
#1468 = FACE_BOUND('',#1469,.T.);
#1469 = EDGE_LOOP('',(#1470,#1471,#1494,#1515));
#1470 = ORIENTED_EDGE('',*,*,#1399,.T.);
#1471 = ORIENTED_EDGE('',*,*,#1472,.T.);
#1472 = EDGE_CURVE('',#1377,#1473,#1475,.T.);
#1473 = VERTEX_POINT('',#1474);
#1474 = CARTESIAN_POINT('',(-81.,124.5,327.7));
#1475 = SURFACE_CURVE('',#1476,(#1480,#1487),.PCURVE_S1.);
#1476 = LINE('',#1477,#1478);
#1477 = CARTESIAN_POINT('',(-81.,125.,328.3));
#1478 = VECTOR('',#1479,1.);
#1479 = DIRECTION('',(0.,-0.640184399664,-0.768221279597));
#1480 = PCURVE('',#548,#1481);
#1481 = DEFINITIONAL_REPRESENTATION('',(#1482),#1486);
#1482 = LINE('',#1483,#1484);
#1483 = CARTESIAN_POINT('',(0.,-9.));
#1484 = VECTOR('',#1485,1.);
#1485 = DIRECTION('',(1.,0.));
#1486 = ( GEOMETRIC_REPRESENTATION_CONTEXT(2) 
PARAMETRIC_REPRESENTATION_CONTEXT() REPRESENTATION_CONTEXT('2D SPACE',''
  ) );
#1487 = PCURVE('',#1130,#1488);
#1488 = DEFINITIONAL_REPRESENTATION('',(#1489),#1493);
#1489 = LINE('',#1490,#1491);
#1490 = CARTESIAN_POINT('',(-6.7,-59.));
#1491 = VECTOR('',#1492,1.);
#1492 = DIRECTION('',(-0.768221279597,0.640184399664));
#1493 = ( GEOMETRIC_REPRESENTATION_CONTEXT(2) 
PARAMETRIC_REPRESENTATION_CONTEXT() REPRESENTATION_CONTEXT('2D SPACE',''
  ) );
#1494 = ORIENTED_EDGE('',*,*,#1495,.F.);
#1495 = EDGE_CURVE('',#505,#1473,#1496,.T.);
#1496 = SURFACE_CURVE('',#1497,(#1501,#1508),.PCURVE_S1.);
#1497 = LINE('',#1498,#1499);
#1498 = CARTESIAN_POINT('',(-90.,124.5,327.7));
#1499 = VECTOR('',#1500,1.);
#1500 = DIRECTION('',(1.,0.,0.));
#1501 = PCURVE('',#548,#1502);
#1502 = DEFINITIONAL_REPRESENTATION('',(#1503),#1507);
#1503 = LINE('',#1504,#1505);
#1504 = CARTESIAN_POINT('',(0.781024967591,0.));
#1505 = VECTOR('',#1506,1.);
#1506 = DIRECTION('',(0.,-1.));
#1507 = ( GEOMETRIC_REPRESENTATION_CONTEXT(2) 
PARAMETRIC_REPRESENTATION_CONTEXT() REPRESENTATION_CONTEXT('2D SPACE',''
  ) );
#1508 = PCURVE('',#520,#1509);
#1509 = DEFINITIONAL_REPRESENTATION('',(#1510),#1514);
#1510 = LINE('',#1511,#1512);
#1511 = CARTESIAN_POINT('',(0.,0.));
#1512 = VECTOR('',#1513,1.);
#1513 = DIRECTION('',(0.,-1.));
#1514 = ( GEOMETRIC_REPRESENTATION_CONTEXT(2) 
PARAMETRIC_REPRESENTATION_CONTEXT() REPRESENTATION_CONTEXT('2D SPACE',''
  ) );
#1515 = ORIENTED_EDGE('',*,*,#532,.F.);
#1516 = ADVANCED_FACE('',(#1517),#186,.F.);
#1517 = FACE_BOUND('',#1518,.F.);
#1518 = EDGE_LOOP('',(#1519,#1542,#1563,#1564));
#1519 = ORIENTED_EDGE('',*,*,#1520,.F.);
#1520 = EDGE_CURVE('',#1521,#1427,#1523,.T.);
#1521 = VERTEX_POINT('',#1522);
#1522 = CARTESIAN_POINT('',(-81.,71.5,281.5));
#1523 = SURFACE_CURVE('',#1524,(#1528,#1535),.PCURVE_S1.);
#1524 = LINE('',#1525,#1526);
#1525 = CARTESIAN_POINT('',(-81.,71.5,281.5));
#1526 = VECTOR('',#1527,1.);
#1527 = DIRECTION('',(0.,0.,1.));
#1528 = PCURVE('',#186,#1529);
#1529 = DEFINITIONAL_REPRESENTATION('',(#1530),#1534);
#1530 = LINE('',#1531,#1532);
#1531 = CARTESIAN_POINT('',(0.,9.));
#1532 = VECTOR('',#1533,1.);
#1533 = DIRECTION('',(1.,0.));
#1534 = ( GEOMETRIC_REPRESENTATION_CONTEXT(2) 
PARAMETRIC_REPRESENTATION_CONTEXT() REPRESENTATION_CONTEXT('2D SPACE',''
  ) );
#1535 = PCURVE('',#1130,#1536);
#1536 = DEFINITIONAL_REPRESENTATION('',(#1537),#1541);
#1537 = LINE('',#1538,#1539);
#1538 = CARTESIAN_POINT('',(-53.5,-5.5));
#1539 = VECTOR('',#1540,1.);
#1540 = DIRECTION('',(1.,0.));
#1541 = ( GEOMETRIC_REPRESENTATION_CONTEXT(2) 
PARAMETRIC_REPRESENTATION_CONTEXT() REPRESENTATION_CONTEXT('2D SPACE',''
  ) );
#1542 = ORIENTED_EDGE('',*,*,#1543,.F.);
#1543 = EDGE_CURVE('',#171,#1521,#1544,.T.);
#1544 = SURFACE_CURVE('',#1545,(#1549,#1556),.PCURVE_S1.);
#1545 = LINE('',#1546,#1547);
#1546 = CARTESIAN_POINT('',(-90.,71.5,281.5));
#1547 = VECTOR('',#1548,1.);
#1548 = DIRECTION('',(1.,0.,-0.));
#1549 = PCURVE('',#186,#1550);
#1550 = DEFINITIONAL_REPRESENTATION('',(#1551),#1555);
#1551 = LINE('',#1552,#1553);
#1552 = CARTESIAN_POINT('',(0.,0.));
#1553 = VECTOR('',#1554,1.);
#1554 = DIRECTION('',(0.,1.));
#1555 = ( GEOMETRIC_REPRESENTATION_CONTEXT(2) 
PARAMETRIC_REPRESENTATION_CONTEXT() REPRESENTATION_CONTEXT('2D SPACE',''
  ) );
#1556 = PCURVE('',#214,#1557);
#1557 = DEFINITIONAL_REPRESENTATION('',(#1558),#1562);
#1558 = LINE('',#1559,#1560);
#1559 = CARTESIAN_POINT('',(0.,0.));
#1560 = VECTOR('',#1561,1.);
#1561 = DIRECTION('',(1.,0.));
#1562 = ( GEOMETRIC_REPRESENTATION_CONTEXT(2) 
PARAMETRIC_REPRESENTATION_CONTEXT() REPRESENTATION_CONTEXT('2D SPACE',''
  ) );
#1563 = ORIENTED_EDGE('',*,*,#170,.T.);
#1564 = ORIENTED_EDGE('',*,*,#1449,.F.);
#1565 = ADVANCED_FACE('',(#1566),#520,.T.);
#1566 = FACE_BOUND('',#1567,.T.);
#1567 = EDGE_LOOP('',(#1568,#1569,#1592,#1613));
#1568 = ORIENTED_EDGE('',*,*,#1495,.T.);
#1569 = ORIENTED_EDGE('',*,*,#1570,.T.);
#1570 = EDGE_CURVE('',#1473,#1571,#1573,.T.);
#1571 = VERTEX_POINT('',#1572);
#1572 = CARTESIAN_POINT('',(-81.,124.,327.3));
#1573 = SURFACE_CURVE('',#1574,(#1578,#1585),.PCURVE_S1.);
#1574 = LINE('',#1575,#1576);
#1575 = CARTESIAN_POINT('',(-81.,124.5,327.7));
#1576 = VECTOR('',#1577,1.);
#1577 = DIRECTION('',(0.,-0.780868809443,-0.624695047554));
#1578 = PCURVE('',#520,#1579);
#1579 = DEFINITIONAL_REPRESENTATION('',(#1580),#1584);
#1580 = LINE('',#1581,#1582);
#1581 = CARTESIAN_POINT('',(0.,-9.));
#1582 = VECTOR('',#1583,1.);
#1583 = DIRECTION('',(1.,0.));
#1584 = ( GEOMETRIC_REPRESENTATION_CONTEXT(2) 
PARAMETRIC_REPRESENTATION_CONTEXT() REPRESENTATION_CONTEXT('2D SPACE',''
  ) );
#1585 = PCURVE('',#1130,#1586);
#1586 = DEFINITIONAL_REPRESENTATION('',(#1587),#1591);
#1587 = LINE('',#1588,#1589);
#1588 = CARTESIAN_POINT('',(-7.3,-58.5));
#1589 = VECTOR('',#1590,1.);
#1590 = DIRECTION('',(-0.624695047554,0.780868809443));
#1591 = ( GEOMETRIC_REPRESENTATION_CONTEXT(2) 
PARAMETRIC_REPRESENTATION_CONTEXT() REPRESENTATION_CONTEXT('2D SPACE',''
  ) );
#1592 = ORIENTED_EDGE('',*,*,#1593,.F.);
#1593 = EDGE_CURVE('',#477,#1571,#1594,.T.);
#1594 = SURFACE_CURVE('',#1595,(#1599,#1606),.PCURVE_S1.);
#1595 = LINE('',#1596,#1597);
#1596 = CARTESIAN_POINT('',(-90.,124.,327.3));
#1597 = VECTOR('',#1598,1.);
#1598 = DIRECTION('',(1.,0.,0.));
#1599 = PCURVE('',#520,#1600);
#1600 = DEFINITIONAL_REPRESENTATION('',(#1601),#1605);
#1601 = LINE('',#1602,#1603);
#1602 = CARTESIAN_POINT('',(0.640312423743,0.));
#1603 = VECTOR('',#1604,1.);
#1604 = DIRECTION('',(0.,-1.));
#1605 = ( GEOMETRIC_REPRESENTATION_CONTEXT(2) 
PARAMETRIC_REPRESENTATION_CONTEXT() REPRESENTATION_CONTEXT('2D SPACE',''
  ) );
#1606 = PCURVE('',#492,#1607);
#1607 = DEFINITIONAL_REPRESENTATION('',(#1608),#1612);
#1608 = LINE('',#1609,#1610);
#1609 = CARTESIAN_POINT('',(0.,-0.));
#1610 = VECTOR('',#1611,1.);
#1611 = DIRECTION('',(0.,-1.));
#1612 = ( GEOMETRIC_REPRESENTATION_CONTEXT(2) 
PARAMETRIC_REPRESENTATION_CONTEXT() REPRESENTATION_CONTEXT('2D SPACE',''
  ) );
#1613 = ORIENTED_EDGE('',*,*,#504,.F.);
#1614 = ADVANCED_FACE('',(#1615),#214,.F.);
#1615 = FACE_BOUND('',#1616,.F.);
#1616 = EDGE_LOOP('',(#1617,#1618,#1619,#1642));
#1617 = ORIENTED_EDGE('',*,*,#198,.F.);
#1618 = ORIENTED_EDGE('',*,*,#1543,.T.);
#1619 = ORIENTED_EDGE('',*,*,#1620,.T.);
#1620 = EDGE_CURVE('',#1521,#1621,#1623,.T.);
#1621 = VERTEX_POINT('',#1622);
#1622 = CARTESIAN_POINT('',(-81.,90.51,281.5));
#1623 = SURFACE_CURVE('',#1624,(#1628,#1635),.PCURVE_S1.);
#1624 = LINE('',#1625,#1626);
#1625 = CARTESIAN_POINT('',(-81.,71.5,281.5));
#1626 = VECTOR('',#1627,1.);
#1627 = DIRECTION('',(-0.,1.,0.));
#1628 = PCURVE('',#214,#1629);
#1629 = DEFINITIONAL_REPRESENTATION('',(#1630),#1634);
#1630 = LINE('',#1631,#1632);
#1631 = CARTESIAN_POINT('',(9.,0.));
#1632 = VECTOR('',#1633,1.);
#1633 = DIRECTION('',(0.,1.));
#1634 = ( GEOMETRIC_REPRESENTATION_CONTEXT(2) 
PARAMETRIC_REPRESENTATION_CONTEXT() REPRESENTATION_CONTEXT('2D SPACE',''
  ) );
#1635 = PCURVE('',#1130,#1636);
#1636 = DEFINITIONAL_REPRESENTATION('',(#1637),#1641);
#1637 = LINE('',#1638,#1639);
#1638 = CARTESIAN_POINT('',(-53.5,-5.5));
#1639 = VECTOR('',#1640,1.);
#1640 = DIRECTION('',(0.,-1.));
#1641 = ( GEOMETRIC_REPRESENTATION_CONTEXT(2) 
PARAMETRIC_REPRESENTATION_CONTEXT() REPRESENTATION_CONTEXT('2D SPACE',''
  ) );
#1642 = ORIENTED_EDGE('',*,*,#1643,.T.);
#1643 = EDGE_CURVE('',#1621,#199,#1644,.T.);
#1644 = SURFACE_CURVE('',#1645,(#1649,#1655),.PCURVE_S1.);
#1645 = LINE('',#1646,#1647);
#1646 = CARTESIAN_POINT('',(-90.5,90.51,281.5));
#1647 = VECTOR('',#1648,1.);
#1648 = DIRECTION('',(-1.,0.,0.));
#1649 = PCURVE('',#214,#1650);
#1650 = DEFINITIONAL_REPRESENTATION('',(#1651),#1654);
#1651 = B_SPLINE_CURVE_WITH_KNOTS('',1,(#1652,#1653),.UNSPECIFIED.,.F.,
  .F.,(2,2),(-9.5,-0.5),.PIECEWISE_BEZIER_KNOTS.);
#1652 = CARTESIAN_POINT('',(9.,19.01));
#1653 = CARTESIAN_POINT('',(0.,19.01));
#1654 = ( GEOMETRIC_REPRESENTATION_CONTEXT(2) 
PARAMETRIC_REPRESENTATION_CONTEXT() REPRESENTATION_CONTEXT('2D SPACE',''
  ) );
#1655 = PCURVE('',#241,#1656);
#1656 = DEFINITIONAL_REPRESENTATION('',(#1657),#1660);
#1657 = B_SPLINE_CURVE_WITH_KNOTS('',1,(#1658,#1659),.UNSPECIFIED.,.F.,
  .F.,(2,2),(-9.5,-0.5),.PIECEWISE_BEZIER_KNOTS.);
#1658 = CARTESIAN_POINT('',(5.656854249492,-10.));
#1659 = CARTESIAN_POINT('',(5.656854249492,-1.));
#1660 = ( GEOMETRIC_REPRESENTATION_CONTEXT(2) 
PARAMETRIC_REPRESENTATION_CONTEXT() REPRESENTATION_CONTEXT('2D SPACE',''
  ) );
#1661 = ADVANCED_FACE('',(#1662),#492,.T.);
#1662 = FACE_BOUND('',#1663,.T.);
#1663 = EDGE_LOOP('',(#1664,#1665,#1688,#1709));
#1664 = ORIENTED_EDGE('',*,*,#1593,.T.);
#1665 = ORIENTED_EDGE('',*,*,#1666,.T.);
#1666 = EDGE_CURVE('',#1571,#1667,#1669,.T.);
#1667 = VERTEX_POINT('',#1668);
#1668 = CARTESIAN_POINT('',(-81.,122.,327.3));
#1669 = SURFACE_CURVE('',#1670,(#1674,#1681),.PCURVE_S1.);
#1670 = LINE('',#1671,#1672);
#1671 = CARTESIAN_POINT('',(-81.,124.,327.3));
#1672 = VECTOR('',#1673,1.);
#1673 = DIRECTION('',(0.,-1.,0.));
#1674 = PCURVE('',#492,#1675);
#1675 = DEFINITIONAL_REPRESENTATION('',(#1676),#1680);
#1676 = LINE('',#1677,#1678);
#1677 = CARTESIAN_POINT('',(0.,-9.));
#1678 = VECTOR('',#1679,1.);
#1679 = DIRECTION('',(1.,0.));
#1680 = ( GEOMETRIC_REPRESENTATION_CONTEXT(2) 
PARAMETRIC_REPRESENTATION_CONTEXT() REPRESENTATION_CONTEXT('2D SPACE',''
  ) );
#1681 = PCURVE('',#1130,#1682);
#1682 = DEFINITIONAL_REPRESENTATION('',(#1683),#1687);
#1683 = LINE('',#1684,#1685);
#1684 = CARTESIAN_POINT('',(-7.7,-58.));
#1685 = VECTOR('',#1686,1.);
#1686 = DIRECTION('',(0.,1.));
#1687 = ( GEOMETRIC_REPRESENTATION_CONTEXT(2) 
PARAMETRIC_REPRESENTATION_CONTEXT() REPRESENTATION_CONTEXT('2D SPACE',''
  ) );
#1688 = ORIENTED_EDGE('',*,*,#1689,.F.);
#1689 = EDGE_CURVE('',#449,#1667,#1690,.T.);
#1690 = SURFACE_CURVE('',#1691,(#1695,#1702),.PCURVE_S1.);
#1691 = LINE('',#1692,#1693);
#1692 = CARTESIAN_POINT('',(-90.,122.,327.3));
#1693 = VECTOR('',#1694,1.);
#1694 = DIRECTION('',(1.,0.,0.));
#1695 = PCURVE('',#492,#1696);
#1696 = DEFINITIONAL_REPRESENTATION('',(#1697),#1701);
#1697 = LINE('',#1698,#1699);
#1698 = CARTESIAN_POINT('',(2.,0.));
#1699 = VECTOR('',#1700,1.);
#1700 = DIRECTION('',(0.,-1.));
#1701 = ( GEOMETRIC_REPRESENTATION_CONTEXT(2) 
PARAMETRIC_REPRESENTATION_CONTEXT() REPRESENTATION_CONTEXT('2D SPACE',''
  ) );
#1702 = PCURVE('',#464,#1703);
#1703 = DEFINITIONAL_REPRESENTATION('',(#1704),#1708);
#1704 = LINE('',#1705,#1706);
#1705 = CARTESIAN_POINT('',(0.,0.));
#1706 = VECTOR('',#1707,1.);
#1707 = DIRECTION('',(0.,-1.));
#1708 = ( GEOMETRIC_REPRESENTATION_CONTEXT(2) 
PARAMETRIC_REPRESENTATION_CONTEXT() REPRESENTATION_CONTEXT('2D SPACE',''
  ) );
#1709 = ORIENTED_EDGE('',*,*,#476,.F.);
#1710 = ADVANCED_FACE('',(#1711),#241,.T.);
#1711 = FACE_BOUND('',#1712,.T.);
#1712 = EDGE_LOOP('',(#1713,#1714,#1715,#1736));
#1713 = ORIENTED_EDGE('',*,*,#1643,.T.);
#1714 = ORIENTED_EDGE('',*,*,#226,.T.);
#1715 = ORIENTED_EDGE('',*,*,#1716,.F.);
#1716 = EDGE_CURVE('',#1717,#227,#1719,.T.);
#1717 = VERTEX_POINT('',#1718);
#1718 = CARTESIAN_POINT('',(-81.,94.5,285.49));
#1719 = SURFACE_CURVE('',#1720,(#1724,#1730),.PCURVE_S1.);
#1720 = LINE('',#1721,#1722);
#1721 = CARTESIAN_POINT('',(-90.5,94.5,285.49));
#1722 = VECTOR('',#1723,1.);
#1723 = DIRECTION('',(-1.,0.,-0.));
#1724 = PCURVE('',#241,#1725);
#1725 = DEFINITIONAL_REPRESENTATION('',(#1726),#1729);
#1726 = B_SPLINE_CURVE_WITH_KNOTS('',1,(#1727,#1728),.UNSPECIFIED.,.F.,
  .F.,(2,2),(-9.5,-0.5),.PIECEWISE_BEZIER_KNOTS.);
#1727 = CARTESIAN_POINT('',(1.414213562373E-02,-10.));
#1728 = CARTESIAN_POINT('',(1.414213562373E-02,-1.));
#1729 = ( GEOMETRIC_REPRESENTATION_CONTEXT(2) 
PARAMETRIC_REPRESENTATION_CONTEXT() REPRESENTATION_CONTEXT('2D SPACE',''
  ) );
#1730 = PCURVE('',#268,#1731);
#1731 = DEFINITIONAL_REPRESENTATION('',(#1732),#1735);
#1732 = B_SPLINE_CURVE_WITH_KNOTS('',1,(#1733,#1734),.UNSPECIFIED.,.F.,
  .F.,(2,2),(-9.5,-0.5),.PIECEWISE_BEZIER_KNOTS.);
#1733 = CARTESIAN_POINT('',(3.99,9.));
#1734 = CARTESIAN_POINT('',(3.99,0.));
#1735 = ( GEOMETRIC_REPRESENTATION_CONTEXT(2) 
PARAMETRIC_REPRESENTATION_CONTEXT() REPRESENTATION_CONTEXT('2D SPACE',''
  ) );
#1736 = ORIENTED_EDGE('',*,*,#1737,.F.);
#1737 = EDGE_CURVE('',#1621,#1717,#1738,.T.);
#1738 = SURFACE_CURVE('',#1739,(#1743,#1749),.PCURVE_S1.);
#1739 = LINE('',#1740,#1741);
#1740 = CARTESIAN_POINT('',(-81.,99.7575,290.7475));
#1741 = VECTOR('',#1742,1.);
#1742 = DIRECTION('',(0.,0.707106781187,0.707106781187));
#1743 = PCURVE('',#241,#1744);
#1744 = DEFINITIONAL_REPRESENTATION('',(#1745),#1748);
#1745 = B_SPLINE_CURVE_WITH_KNOTS('',1,(#1746,#1747),.UNSPECIFIED.,.F.,
  .F.,(2,2),(-13.07793991804,-7.421085668553),.PIECEWISE_BEZIER_KNOTS.);
#1746 = CARTESIAN_POINT('',(5.656854249492,-10.));
#1747 = CARTESIAN_POINT('',(0.,-10.));
#1748 = ( GEOMETRIC_REPRESENTATION_CONTEXT(2) 
PARAMETRIC_REPRESENTATION_CONTEXT() REPRESENTATION_CONTEXT('2D SPACE',''
  ) );
#1749 = PCURVE('',#1130,#1750);
#1750 = DEFINITIONAL_REPRESENTATION('',(#1751),#1754);
#1751 = B_SPLINE_CURVE_WITH_KNOTS('',1,(#1752,#1753),.UNSPECIFIED.,.F.,
  .F.,(2,2),(-13.07793991804,-7.421085668553),.PIECEWISE_BEZIER_KNOTS.);
#1752 = CARTESIAN_POINT('',(-53.5,-24.51));
#1753 = CARTESIAN_POINT('',(-49.5,-28.51));
#1754 = ( GEOMETRIC_REPRESENTATION_CONTEXT(2) 
PARAMETRIC_REPRESENTATION_CONTEXT() REPRESENTATION_CONTEXT('2D SPACE',''
  ) );
#1755 = ADVANCED_FACE('',(#1756),#464,.T.);
#1756 = FACE_BOUND('',#1757,.T.);
#1757 = EDGE_LOOP('',(#1758,#1759,#1782,#1803));
#1758 = ORIENTED_EDGE('',*,*,#1689,.T.);
#1759 = ORIENTED_EDGE('',*,*,#1760,.T.);
#1760 = EDGE_CURVE('',#1667,#1761,#1763,.T.);
#1761 = VERTEX_POINT('',#1762);
#1762 = CARTESIAN_POINT('',(-81.,117.,321.3));
#1763 = SURFACE_CURVE('',#1764,(#1768,#1775),.PCURVE_S1.);
#1764 = LINE('',#1765,#1766);
#1765 = CARTESIAN_POINT('',(-81.,122.,327.3));
#1766 = VECTOR('',#1767,1.);
#1767 = DIRECTION('',(0.,-0.640184399664,-0.768221279597));
#1768 = PCURVE('',#464,#1769);
#1769 = DEFINITIONAL_REPRESENTATION('',(#1770),#1774);
#1770 = LINE('',#1771,#1772);
#1771 = CARTESIAN_POINT('',(0.,-9.));
#1772 = VECTOR('',#1773,1.);
#1773 = DIRECTION('',(1.,0.));
#1774 = ( GEOMETRIC_REPRESENTATION_CONTEXT(2) 
PARAMETRIC_REPRESENTATION_CONTEXT() REPRESENTATION_CONTEXT('2D SPACE',''
  ) );
#1775 = PCURVE('',#1130,#1776);
#1776 = DEFINITIONAL_REPRESENTATION('',(#1777),#1781);
#1777 = LINE('',#1778,#1779);
#1778 = CARTESIAN_POINT('',(-7.7,-56.));
#1779 = VECTOR('',#1780,1.);
#1780 = DIRECTION('',(-0.768221279597,0.640184399664));
#1781 = ( GEOMETRIC_REPRESENTATION_CONTEXT(2) 
PARAMETRIC_REPRESENTATION_CONTEXT() REPRESENTATION_CONTEXT('2D SPACE',''
  ) );
#1782 = ORIENTED_EDGE('',*,*,#1783,.F.);
#1783 = EDGE_CURVE('',#421,#1761,#1784,.T.);
#1784 = SURFACE_CURVE('',#1785,(#1789,#1796),.PCURVE_S1.);
#1785 = LINE('',#1786,#1787);
#1786 = CARTESIAN_POINT('',(-90.,117.,321.3));
#1787 = VECTOR('',#1788,1.);
#1788 = DIRECTION('',(1.,0.,0.));
#1789 = PCURVE('',#464,#1790);
#1790 = DEFINITIONAL_REPRESENTATION('',(#1791),#1795);
#1791 = LINE('',#1792,#1793);
#1792 = CARTESIAN_POINT('',(7.810249675907,0.));
#1793 = VECTOR('',#1794,1.);
#1794 = DIRECTION('',(0.,-1.));
#1795 = ( GEOMETRIC_REPRESENTATION_CONTEXT(2) 
PARAMETRIC_REPRESENTATION_CONTEXT() REPRESENTATION_CONTEXT('2D SPACE',''
  ) );
#1796 = PCURVE('',#436,#1797);
#1797 = DEFINITIONAL_REPRESENTATION('',(#1798),#1802);
#1798 = LINE('',#1799,#1800);
#1799 = CARTESIAN_POINT('',(0.,0.));
#1800 = VECTOR('',#1801,1.);
#1801 = DIRECTION('',(0.,-1.));
#1802 = ( GEOMETRIC_REPRESENTATION_CONTEXT(2) 
PARAMETRIC_REPRESENTATION_CONTEXT() REPRESENTATION_CONTEXT('2D SPACE',''
  ) );
#1803 = ORIENTED_EDGE('',*,*,#448,.F.);
#1804 = ADVANCED_FACE('',(#1805),#268,.T.);
#1805 = FACE_BOUND('',#1806,.T.);
#1806 = EDGE_LOOP('',(#1807,#1830,#1831,#1832));
#1807 = ORIENTED_EDGE('',*,*,#1808,.F.);
#1808 = EDGE_CURVE('',#1717,#1809,#1811,.T.);
#1809 = VERTEX_POINT('',#1810);
#1810 = CARTESIAN_POINT('',(-81.,94.5,299.6));
#1811 = SURFACE_CURVE('',#1812,(#1816,#1823),.PCURVE_S1.);
#1812 = LINE('',#1813,#1814);
#1813 = CARTESIAN_POINT('',(-81.,94.5,281.5));
#1814 = VECTOR('',#1815,1.);
#1815 = DIRECTION('',(0.,0.,1.));
#1816 = PCURVE('',#268,#1817);
#1817 = DEFINITIONAL_REPRESENTATION('',(#1818),#1822);
#1818 = LINE('',#1819,#1820);
#1819 = CARTESIAN_POINT('',(0.,9.));
#1820 = VECTOR('',#1821,1.);
#1821 = DIRECTION('',(1.,0.));
#1822 = ( GEOMETRIC_REPRESENTATION_CONTEXT(2) 
PARAMETRIC_REPRESENTATION_CONTEXT() REPRESENTATION_CONTEXT('2D SPACE',''
  ) );
#1823 = PCURVE('',#1130,#1824);
#1824 = DEFINITIONAL_REPRESENTATION('',(#1825),#1829);
#1825 = LINE('',#1826,#1827);
#1826 = CARTESIAN_POINT('',(-53.5,-28.5));
#1827 = VECTOR('',#1828,1.);
#1828 = DIRECTION('',(1.,0.));
#1829 = ( GEOMETRIC_REPRESENTATION_CONTEXT(2) 
PARAMETRIC_REPRESENTATION_CONTEXT() REPRESENTATION_CONTEXT('2D SPACE',''
  ) );
#1830 = ORIENTED_EDGE('',*,*,#1716,.T.);
#1831 = ORIENTED_EDGE('',*,*,#252,.T.);
#1832 = ORIENTED_EDGE('',*,*,#1833,.F.);
#1833 = EDGE_CURVE('',#1809,#253,#1834,.T.);
#1834 = SURFACE_CURVE('',#1835,(#1839,#1845),.PCURVE_S1.);
#1835 = LINE('',#1836,#1837);
#1836 = CARTESIAN_POINT('',(-90.,94.5,299.6));
#1837 = VECTOR('',#1838,1.);
#1838 = DIRECTION('',(-1.,0.,-0.));
#1839 = PCURVE('',#268,#1840);
#1840 = DEFINITIONAL_REPRESENTATION('',(#1841),#1844);
#1841 = B_SPLINE_CURVE_WITH_KNOTS('',1,(#1842,#1843),.UNSPECIFIED.,.F.,
  .F.,(2,2),(-9.,0.),.PIECEWISE_BEZIER_KNOTS.);
#1842 = CARTESIAN_POINT('',(18.1,9.));
#1843 = CARTESIAN_POINT('',(18.1,0.));
#1844 = ( GEOMETRIC_REPRESENTATION_CONTEXT(2) 
PARAMETRIC_REPRESENTATION_CONTEXT() REPRESENTATION_CONTEXT('2D SPACE',''
  ) );
#1845 = PCURVE('',#296,#1846);
#1846 = DEFINITIONAL_REPRESENTATION('',(#1847),#1850);
#1847 = B_SPLINE_CURVE_WITH_KNOTS('',1,(#1848,#1849),.UNSPECIFIED.,.F.,
  .F.,(2,2),(-9.,0.),.PIECEWISE_BEZIER_KNOTS.);
#1848 = CARTESIAN_POINT('',(20.306649157357,-9.));
#1849 = CARTESIAN_POINT('',(20.306649157357,0.));
#1850 = ( GEOMETRIC_REPRESENTATION_CONTEXT(2) 
PARAMETRIC_REPRESENTATION_CONTEXT() REPRESENTATION_CONTEXT('2D SPACE',''
  ) );
#1851 = ADVANCED_FACE('',(#1852),#436,.T.);
#1852 = FACE_BOUND('',#1853,.T.);
#1853 = EDGE_LOOP('',(#1854,#1855,#1878,#1899));
#1854 = ORIENTED_EDGE('',*,*,#1783,.T.);
#1855 = ORIENTED_EDGE('',*,*,#1856,.T.);
#1856 = EDGE_CURVE('',#1761,#1857,#1859,.T.);
#1857 = VERTEX_POINT('',#1858);
#1858 = CARTESIAN_POINT('',(-81.,116.5,320.9));
#1859 = SURFACE_CURVE('',#1860,(#1864,#1871),.PCURVE_S1.);
#1860 = LINE('',#1861,#1862);
#1861 = CARTESIAN_POINT('',(-81.,117.,321.3));
#1862 = VECTOR('',#1863,1.);
#1863 = DIRECTION('',(0.,-0.780868809443,-0.624695047554));
#1864 = PCURVE('',#436,#1865);
#1865 = DEFINITIONAL_REPRESENTATION('',(#1866),#1870);
#1866 = LINE('',#1867,#1868);
#1867 = CARTESIAN_POINT('',(0.,-9.));
#1868 = VECTOR('',#1869,1.);
#1869 = DIRECTION('',(1.,0.));
#1870 = ( GEOMETRIC_REPRESENTATION_CONTEXT(2) 
PARAMETRIC_REPRESENTATION_CONTEXT() REPRESENTATION_CONTEXT('2D SPACE',''
  ) );
#1871 = PCURVE('',#1130,#1872);
#1872 = DEFINITIONAL_REPRESENTATION('',(#1873),#1877);
#1873 = LINE('',#1874,#1875);
#1874 = CARTESIAN_POINT('',(-13.7,-51.));
#1875 = VECTOR('',#1876,1.);
#1876 = DIRECTION('',(-0.624695047554,0.780868809443));
#1877 = ( GEOMETRIC_REPRESENTATION_CONTEXT(2) 
PARAMETRIC_REPRESENTATION_CONTEXT() REPRESENTATION_CONTEXT('2D SPACE',''
  ) );
#1878 = ORIENTED_EDGE('',*,*,#1879,.F.);
#1879 = EDGE_CURVE('',#393,#1857,#1880,.T.);
#1880 = SURFACE_CURVE('',#1881,(#1885,#1892),.PCURVE_S1.);
#1881 = LINE('',#1882,#1883);
#1882 = CARTESIAN_POINT('',(-90.,116.5,320.9));
#1883 = VECTOR('',#1884,1.);
#1884 = DIRECTION('',(1.,0.,0.));
#1885 = PCURVE('',#436,#1886);
#1886 = DEFINITIONAL_REPRESENTATION('',(#1887),#1891);
#1887 = LINE('',#1888,#1889);
#1888 = CARTESIAN_POINT('',(0.640312423743,0.));
#1889 = VECTOR('',#1890,1.);
#1890 = DIRECTION('',(0.,-1.));
#1891 = ( GEOMETRIC_REPRESENTATION_CONTEXT(2) 
PARAMETRIC_REPRESENTATION_CONTEXT() REPRESENTATION_CONTEXT('2D SPACE',''
  ) );
#1892 = PCURVE('',#408,#1893);
#1893 = DEFINITIONAL_REPRESENTATION('',(#1894),#1898);
#1894 = LINE('',#1895,#1896);
#1895 = CARTESIAN_POINT('',(0.,-0.));
#1896 = VECTOR('',#1897,1.);
#1897 = DIRECTION('',(0.,-1.));
#1898 = ( GEOMETRIC_REPRESENTATION_CONTEXT(2) 
PARAMETRIC_REPRESENTATION_CONTEXT() REPRESENTATION_CONTEXT('2D SPACE',''
  ) );
#1899 = ORIENTED_EDGE('',*,*,#420,.F.);
#1900 = ADVANCED_FACE('',(#1901),#296,.T.);
#1901 = FACE_BOUND('',#1902,.T.);
#1902 = EDGE_LOOP('',(#1903,#1904,#1927,#1948));
#1903 = ORIENTED_EDGE('',*,*,#280,.F.);
#1904 = ORIENTED_EDGE('',*,*,#1905,.T.);
#1905 = EDGE_CURVE('',#281,#1906,#1908,.T.);
#1906 = VERTEX_POINT('',#1907);
#1907 = CARTESIAN_POINT('',(-81.,107.5,315.2));
#1908 = SURFACE_CURVE('',#1909,(#1913,#1920),.PCURVE_S1.);
#1909 = LINE('',#1910,#1911);
#1910 = CARTESIAN_POINT('',(-90.,107.5,315.2));
#1911 = VECTOR('',#1912,1.);
#1912 = DIRECTION('',(1.,0.,0.));
#1913 = PCURVE('',#296,#1914);
#1914 = DEFINITIONAL_REPRESENTATION('',(#1915),#1919);
#1915 = LINE('',#1916,#1917);
#1916 = CARTESIAN_POINT('',(0.,0.));
#1917 = VECTOR('',#1918,1.);
#1918 = DIRECTION('',(0.,-1.));
#1919 = ( GEOMETRIC_REPRESENTATION_CONTEXT(2) 
PARAMETRIC_REPRESENTATION_CONTEXT() REPRESENTATION_CONTEXT('2D SPACE',''
  ) );
#1920 = PCURVE('',#324,#1921);
#1921 = DEFINITIONAL_REPRESENTATION('',(#1922),#1926);
#1922 = LINE('',#1923,#1924);
#1923 = CARTESIAN_POINT('',(2.,0.));
#1924 = VECTOR('',#1925,1.);
#1925 = DIRECTION('',(0.,-1.));
#1926 = ( GEOMETRIC_REPRESENTATION_CONTEXT(2) 
PARAMETRIC_REPRESENTATION_CONTEXT() REPRESENTATION_CONTEXT('2D SPACE',''
  ) );
#1927 = ORIENTED_EDGE('',*,*,#1928,.T.);
#1928 = EDGE_CURVE('',#1906,#1809,#1929,.T.);
#1929 = SURFACE_CURVE('',#1930,(#1934,#1941),.PCURVE_S1.);
#1930 = LINE('',#1931,#1932);
#1931 = CARTESIAN_POINT('',(-81.,107.5,315.2));
#1932 = VECTOR('',#1933,1.);
#1933 = DIRECTION('',(0.,-0.640184399664,-0.768221279597));
#1934 = PCURVE('',#296,#1935);
#1935 = DEFINITIONAL_REPRESENTATION('',(#1936),#1940);
#1936 = LINE('',#1937,#1938);
#1937 = CARTESIAN_POINT('',(0.,-9.));
#1938 = VECTOR('',#1939,1.);
#1939 = DIRECTION('',(1.,0.));
#1940 = ( GEOMETRIC_REPRESENTATION_CONTEXT(2) 
PARAMETRIC_REPRESENTATION_CONTEXT() REPRESENTATION_CONTEXT('2D SPACE',''
  ) );
#1941 = PCURVE('',#1130,#1942);
#1942 = DEFINITIONAL_REPRESENTATION('',(#1943),#1947);
#1943 = LINE('',#1944,#1945);
#1944 = CARTESIAN_POINT('',(-19.8,-41.5));
#1945 = VECTOR('',#1946,1.);
#1946 = DIRECTION('',(-0.768221279597,0.640184399664));
#1947 = ( GEOMETRIC_REPRESENTATION_CONTEXT(2) 
PARAMETRIC_REPRESENTATION_CONTEXT() REPRESENTATION_CONTEXT('2D SPACE',''
  ) );
#1948 = ORIENTED_EDGE('',*,*,#1833,.T.);
#1949 = ADVANCED_FACE('',(#1950),#408,.T.);
#1950 = FACE_BOUND('',#1951,.T.);
#1951 = EDGE_LOOP('',(#1952,#1953,#1976,#1997));
#1952 = ORIENTED_EDGE('',*,*,#1879,.T.);
#1953 = ORIENTED_EDGE('',*,*,#1954,.T.);
#1954 = EDGE_CURVE('',#1857,#1955,#1957,.T.);
#1955 = VERTEX_POINT('',#1956);
#1956 = CARTESIAN_POINT('',(-81.,114.5,320.9));
#1957 = SURFACE_CURVE('',#1958,(#1962,#1969),.PCURVE_S1.);
#1958 = LINE('',#1959,#1960);
#1959 = CARTESIAN_POINT('',(-81.,116.5,320.9));
#1960 = VECTOR('',#1961,1.);
#1961 = DIRECTION('',(0.,-1.,0.));
#1962 = PCURVE('',#408,#1963);
#1963 = DEFINITIONAL_REPRESENTATION('',(#1964),#1968);
#1964 = LINE('',#1965,#1966);
#1965 = CARTESIAN_POINT('',(0.,-9.));
#1966 = VECTOR('',#1967,1.);
#1967 = DIRECTION('',(1.,0.));
#1968 = ( GEOMETRIC_REPRESENTATION_CONTEXT(2) 
PARAMETRIC_REPRESENTATION_CONTEXT() REPRESENTATION_CONTEXT('2D SPACE',''
  ) );
#1969 = PCURVE('',#1130,#1970);
#1970 = DEFINITIONAL_REPRESENTATION('',(#1971),#1975);
#1971 = LINE('',#1972,#1973);
#1972 = CARTESIAN_POINT('',(-14.1,-50.5));
#1973 = VECTOR('',#1974,1.);
#1974 = DIRECTION('',(0.,1.));
#1975 = ( GEOMETRIC_REPRESENTATION_CONTEXT(2) 
PARAMETRIC_REPRESENTATION_CONTEXT() REPRESENTATION_CONTEXT('2D SPACE',''
  ) );
#1976 = ORIENTED_EDGE('',*,*,#1977,.F.);
#1977 = EDGE_CURVE('',#365,#1955,#1978,.T.);
#1978 = SURFACE_CURVE('',#1979,(#1983,#1990),.PCURVE_S1.);
#1979 = LINE('',#1980,#1981);
#1980 = CARTESIAN_POINT('',(-90.,114.5,320.9));
#1981 = VECTOR('',#1982,1.);
#1982 = DIRECTION('',(1.,0.,0.));
#1983 = PCURVE('',#408,#1984);
#1984 = DEFINITIONAL_REPRESENTATION('',(#1985),#1989);
#1985 = LINE('',#1986,#1987);
#1986 = CARTESIAN_POINT('',(2.,0.));
#1987 = VECTOR('',#1988,1.);
#1988 = DIRECTION('',(0.,-1.));
#1989 = ( GEOMETRIC_REPRESENTATION_CONTEXT(2) 
PARAMETRIC_REPRESENTATION_CONTEXT() REPRESENTATION_CONTEXT('2D SPACE',''
  ) );
#1990 = PCURVE('',#380,#1991);
#1991 = DEFINITIONAL_REPRESENTATION('',(#1992),#1996);
#1992 = LINE('',#1993,#1994);
#1993 = CARTESIAN_POINT('',(0.,0.));
#1994 = VECTOR('',#1995,1.);
#1995 = DIRECTION('',(0.,-1.));
#1996 = ( GEOMETRIC_REPRESENTATION_CONTEXT(2) 
PARAMETRIC_REPRESENTATION_CONTEXT() REPRESENTATION_CONTEXT('2D SPACE',''
  ) );
#1997 = ORIENTED_EDGE('',*,*,#392,.F.);
#1998 = ADVANCED_FACE('',(#1999),#324,.T.);
#1999 = FACE_BOUND('',#2000,.T.);
#2000 = EDGE_LOOP('',(#2001,#2024,#2045,#2046));
#2001 = ORIENTED_EDGE('',*,*,#2002,.T.);
#2002 = EDGE_CURVE('',#309,#2003,#2005,.T.);
#2003 = VERTEX_POINT('',#2004);
#2004 = CARTESIAN_POINT('',(-81.,109.5,315.2));
#2005 = SURFACE_CURVE('',#2006,(#2010,#2017),.PCURVE_S1.);
#2006 = LINE('',#2007,#2008);
#2007 = CARTESIAN_POINT('',(-90.,109.5,315.2));
#2008 = VECTOR('',#2009,1.);
#2009 = DIRECTION('',(1.,0.,0.));
#2010 = PCURVE('',#324,#2011);
#2011 = DEFINITIONAL_REPRESENTATION('',(#2012),#2016);
#2012 = LINE('',#2013,#2014);
#2013 = CARTESIAN_POINT('',(0.,-0.));
#2014 = VECTOR('',#2015,1.);
#2015 = DIRECTION('',(0.,-1.));
#2016 = ( GEOMETRIC_REPRESENTATION_CONTEXT(2) 
PARAMETRIC_REPRESENTATION_CONTEXT() REPRESENTATION_CONTEXT('2D SPACE',''
  ) );
#2017 = PCURVE('',#352,#2018);
#2018 = DEFINITIONAL_REPRESENTATION('',(#2019),#2023);
#2019 = LINE('',#2020,#2021);
#2020 = CARTESIAN_POINT('',(0.583095189485,0.));
#2021 = VECTOR('',#2022,1.);
#2022 = DIRECTION('',(0.,-1.));
#2023 = ( GEOMETRIC_REPRESENTATION_CONTEXT(2) 
PARAMETRIC_REPRESENTATION_CONTEXT() REPRESENTATION_CONTEXT('2D SPACE',''
  ) );
#2024 = ORIENTED_EDGE('',*,*,#2025,.T.);
#2025 = EDGE_CURVE('',#2003,#1906,#2026,.T.);
#2026 = SURFACE_CURVE('',#2027,(#2031,#2038),.PCURVE_S1.);
#2027 = LINE('',#2028,#2029);
#2028 = CARTESIAN_POINT('',(-81.,109.5,315.2));
#2029 = VECTOR('',#2030,1.);
#2030 = DIRECTION('',(0.,-1.,0.));
#2031 = PCURVE('',#324,#2032);
#2032 = DEFINITIONAL_REPRESENTATION('',(#2033),#2037);
#2033 = LINE('',#2034,#2035);
#2034 = CARTESIAN_POINT('',(0.,-9.));
#2035 = VECTOR('',#2036,1.);
#2036 = DIRECTION('',(1.,0.));
#2037 = ( GEOMETRIC_REPRESENTATION_CONTEXT(2) 
PARAMETRIC_REPRESENTATION_CONTEXT() REPRESENTATION_CONTEXT('2D SPACE',''
  ) );
#2038 = PCURVE('',#1130,#2039);
#2039 = DEFINITIONAL_REPRESENTATION('',(#2040),#2044);
#2040 = LINE('',#2041,#2042);
#2041 = CARTESIAN_POINT('',(-19.8,-43.5));
#2042 = VECTOR('',#2043,1.);
#2043 = DIRECTION('',(0.,1.));
#2044 = ( GEOMETRIC_REPRESENTATION_CONTEXT(2) 
PARAMETRIC_REPRESENTATION_CONTEXT() REPRESENTATION_CONTEXT('2D SPACE',''
  ) );
#2045 = ORIENTED_EDGE('',*,*,#1905,.F.);
#2046 = ORIENTED_EDGE('',*,*,#308,.F.);
#2047 = ADVANCED_FACE('',(#2048),#380,.T.);
#2048 = FACE_BOUND('',#2049,.T.);
#2049 = EDGE_LOOP('',(#2050,#2051,#2074,#2095));
#2050 = ORIENTED_EDGE('',*,*,#1977,.T.);
#2051 = ORIENTED_EDGE('',*,*,#2052,.T.);
#2052 = EDGE_CURVE('',#1955,#2053,#2055,.T.);
#2053 = VERTEX_POINT('',#2054);
#2054 = CARTESIAN_POINT('',(-81.,110.,315.5));
#2055 = SURFACE_CURVE('',#2056,(#2060,#2067),.PCURVE_S1.);
#2056 = LINE('',#2057,#2058);
#2057 = CARTESIAN_POINT('',(-81.,114.5,320.9));
#2058 = VECTOR('',#2059,1.);
#2059 = DIRECTION('',(0.,-0.640184399664,-0.768221279597));
#2060 = PCURVE('',#380,#2061);
#2061 = DEFINITIONAL_REPRESENTATION('',(#2062),#2066);
#2062 = LINE('',#2063,#2064);
#2063 = CARTESIAN_POINT('',(0.,-9.));
#2064 = VECTOR('',#2065,1.);
#2065 = DIRECTION('',(1.,0.));
#2066 = ( GEOMETRIC_REPRESENTATION_CONTEXT(2) 
PARAMETRIC_REPRESENTATION_CONTEXT() REPRESENTATION_CONTEXT('2D SPACE',''
  ) );
#2067 = PCURVE('',#1130,#2068);
#2068 = DEFINITIONAL_REPRESENTATION('',(#2069),#2073);
#2069 = LINE('',#2070,#2071);
#2070 = CARTESIAN_POINT('',(-14.1,-48.5));
#2071 = VECTOR('',#2072,1.);
#2072 = DIRECTION('',(-0.768221279597,0.640184399664));
#2073 = ( GEOMETRIC_REPRESENTATION_CONTEXT(2) 
PARAMETRIC_REPRESENTATION_CONTEXT() REPRESENTATION_CONTEXT('2D SPACE',''
  ) );
#2074 = ORIENTED_EDGE('',*,*,#2075,.F.);
#2075 = EDGE_CURVE('',#337,#2053,#2076,.T.);
#2076 = SURFACE_CURVE('',#2077,(#2081,#2088),.PCURVE_S1.);
#2077 = LINE('',#2078,#2079);
#2078 = CARTESIAN_POINT('',(-90.,110.,315.5));
#2079 = VECTOR('',#2080,1.);
#2080 = DIRECTION('',(1.,0.,0.));
#2081 = PCURVE('',#380,#2082);
#2082 = DEFINITIONAL_REPRESENTATION('',(#2083),#2087);
#2083 = LINE('',#2084,#2085);
#2084 = CARTESIAN_POINT('',(7.029224708316,0.));
#2085 = VECTOR('',#2086,1.);
#2086 = DIRECTION('',(0.,-1.));
#2087 = ( GEOMETRIC_REPRESENTATION_CONTEXT(2) 
PARAMETRIC_REPRESENTATION_CONTEXT() REPRESENTATION_CONTEXT('2D SPACE',''
  ) );
#2088 = PCURVE('',#352,#2089);
#2089 = DEFINITIONAL_REPRESENTATION('',(#2090),#2094);
#2090 = LINE('',#2091,#2092);
#2091 = CARTESIAN_POINT('',(0.,0.));
#2092 = VECTOR('',#2093,1.);
#2093 = DIRECTION('',(0.,-1.));
#2094 = ( GEOMETRIC_REPRESENTATION_CONTEXT(2) 
PARAMETRIC_REPRESENTATION_CONTEXT() REPRESENTATION_CONTEXT('2D SPACE',''
  ) );
#2095 = ORIENTED_EDGE('',*,*,#364,.F.);
#2096 = ADVANCED_FACE('',(#2097),#352,.T.);
#2097 = FACE_BOUND('',#2098,.T.);
#2098 = EDGE_LOOP('',(#2099,#2100,#2121,#2122));
#2099 = ORIENTED_EDGE('',*,*,#2075,.T.);
#2100 = ORIENTED_EDGE('',*,*,#2101,.T.);
#2101 = EDGE_CURVE('',#2053,#2003,#2102,.T.);
#2102 = SURFACE_CURVE('',#2103,(#2107,#2114),.PCURVE_S1.);
#2103 = LINE('',#2104,#2105);
#2104 = CARTESIAN_POINT('',(-81.,110.,315.5));
#2105 = VECTOR('',#2106,1.);
#2106 = DIRECTION('',(0.,-0.857492925713,-0.514495755428));
#2107 = PCURVE('',#352,#2108);
#2108 = DEFINITIONAL_REPRESENTATION('',(#2109),#2113);
#2109 = LINE('',#2110,#2111);
#2110 = CARTESIAN_POINT('',(0.,-9.));
#2111 = VECTOR('',#2112,1.);
#2112 = DIRECTION('',(1.,0.));
#2113 = ( GEOMETRIC_REPRESENTATION_CONTEXT(2) 
PARAMETRIC_REPRESENTATION_CONTEXT() REPRESENTATION_CONTEXT('2D SPACE',''
  ) );
#2114 = PCURVE('',#1130,#2115);
#2115 = DEFINITIONAL_REPRESENTATION('',(#2116),#2120);
#2116 = LINE('',#2117,#2118);
#2117 = CARTESIAN_POINT('',(-19.5,-44.));
#2118 = VECTOR('',#2119,1.);
#2119 = DIRECTION('',(-0.514495755428,0.857492925713));
#2120 = ( GEOMETRIC_REPRESENTATION_CONTEXT(2) 
PARAMETRIC_REPRESENTATION_CONTEXT() REPRESENTATION_CONTEXT('2D SPACE',''
  ) );
#2121 = ORIENTED_EDGE('',*,*,#2002,.F.);
#2122 = ORIENTED_EDGE('',*,*,#336,.F.);
#2123 = ADVANCED_FACE('',(#2124),#630,.F.);
#2124 = FACE_BOUND('',#2125,.F.);
#2125 = EDGE_LOOP('',(#2126,#2149,#2150,#2173,#2197,#2220,#2247,#2248,
    #2249));
#2126 = ORIENTED_EDGE('',*,*,#2127,.F.);
#2127 = EDGE_CURVE('',#612,#2128,#2130,.T.);
#2128 = VERTEX_POINT('',#2129);
#2129 = CARTESIAN_POINT('',(-77.2,85.666547622084,286.76654762208));
#2130 = SURFACE_CURVE('',#2131,(#2135,#2142),.PCURVE_S1.);
#2131 = LINE('',#2132,#2133);
#2132 = CARTESIAN_POINT('',(-90.,85.666547622084,286.76654762208));
#2133 = VECTOR('',#2134,1.);
#2134 = DIRECTION('',(1.,0.,0.));
#2135 = PCURVE('',#630,#2136);
#2136 = DEFINITIONAL_REPRESENTATION('',(#2137),#2141);
#2137 = LINE('',#2138,#2139);
#2138 = CARTESIAN_POINT('',(2.356194490192,1.));
#2139 = VECTOR('',#2140,1.);
#2140 = DIRECTION('',(0.,1.));
#2141 = ( GEOMETRIC_REPRESENTATION_CONTEXT(2) 
PARAMETRIC_REPRESENTATION_CONTEXT() REPRESENTATION_CONTEXT('2D SPACE',''
  ) );
#2142 = PCURVE('',#657,#2143);
#2143 = DEFINITIONAL_REPRESENTATION('',(#2144),#2148);
#2144 = LINE('',#2145,#2146);
#2145 = CARTESIAN_POINT('',(0.,-1.));
#2146 = VECTOR('',#2147,1.);
#2147 = DIRECTION('',(0.,-1.));
#2148 = ( GEOMETRIC_REPRESENTATION_CONTEXT(2) 
PARAMETRIC_REPRESENTATION_CONTEXT() REPRESENTATION_CONTEXT('2D SPACE',''
  ) );
#2149 = ORIENTED_EDGE('',*,*,#611,.T.);
#2150 = ORIENTED_EDGE('',*,*,#2151,.F.);
#2151 = EDGE_CURVE('',#2152,#614,#2154,.T.);
#2152 = VERTEX_POINT('',#2153);
#2153 = CARTESIAN_POINT('',(-77.2,85.666547622084,291.43345237791));
#2154 = SURFACE_CURVE('',#2155,(#2159,#2166),.PCURVE_S1.);
#2155 = LINE('',#2156,#2157);
#2156 = CARTESIAN_POINT('',(-77.2,85.666547622084,291.43345237791));
#2157 = VECTOR('',#2158,1.);
#2158 = DIRECTION('',(-1.,0.,0.));
#2159 = PCURVE('',#630,#2160);
#2160 = DEFINITIONAL_REPRESENTATION('',(#2161),#2165);
#2161 = LINE('',#2162,#2163);
#2162 = CARTESIAN_POINT('',(7.068583470577,13.8));
#2163 = VECTOR('',#2164,1.);
#2164 = DIRECTION('',(-0.,-1.));
#2165 = ( GEOMETRIC_REPRESENTATION_CONTEXT(2) 
PARAMETRIC_REPRESENTATION_CONTEXT() REPRESENTATION_CONTEXT('2D SPACE',''
  ) );
#2166 = PCURVE('',#681,#2167);
#2167 = DEFINITIONAL_REPRESENTATION('',(#2168),#2172);
#2168 = LINE('',#2169,#2170);
#2169 = CARTESIAN_POINT('',(3.3,-13.8));
#2170 = VECTOR('',#2171,1.);
#2171 = DIRECTION('',(0.,1.));
#2172 = ( GEOMETRIC_REPRESENTATION_CONTEXT(2) 
PARAMETRIC_REPRESENTATION_CONTEXT() REPRESENTATION_CONTEXT('2D SPACE',''
  ) );
#2173 = ORIENTED_EDGE('',*,*,#2174,.T.);
#2174 = EDGE_CURVE('',#2152,#2175,#2177,.T.);
#2175 = VERTEX_POINT('',#2176);
#2176 = CARTESIAN_POINT('',(-77.2,88.,292.4));
#2177 = SEAM_CURVE('',#2178,(#2183,#2190),.PCURVE_S1.);
#2178 = CIRCLE('',#2179,3.3);
#2179 = AXIS2_PLACEMENT_3D('',#2180,#2181,#2182);
#2180 = CARTESIAN_POINT('',(-77.2,88.,289.1));
#2181 = DIRECTION('',(-1.,0.,0.));
#2182 = DIRECTION('',(0.,-0.707106781187,0.707106781187));
#2183 = PCURVE('',#630,#2184);
#2184 = DEFINITIONAL_REPRESENTATION('',(#2185),#2189);
#2185 = LINE('',#2186,#2187);
#2186 = CARTESIAN_POINT('',(7.068583470577,13.8));
#2187 = VECTOR('',#2188,1.);
#2188 = DIRECTION('',(-1.,-0.));
#2189 = ( GEOMETRIC_REPRESENTATION_CONTEXT(2) 
PARAMETRIC_REPRESENTATION_CONTEXT() REPRESENTATION_CONTEXT('2D SPACE',''
  ) );
#2190 = PCURVE('',#630,#2191);
#2191 = DEFINITIONAL_REPRESENTATION('',(#2192),#2196);
#2192 = LINE('',#2193,#2194);
#2193 = CARTESIAN_POINT('',(0.785398163397,13.8));
#2194 = VECTOR('',#2195,1.);
#2195 = DIRECTION('',(-1.,0.));
#2196 = ( GEOMETRIC_REPRESENTATION_CONTEXT(2) 
PARAMETRIC_REPRESENTATION_CONTEXT() REPRESENTATION_CONTEXT('2D SPACE',''
  ) );
#2197 = ORIENTED_EDGE('',*,*,#2198,.T.);
#2198 = EDGE_CURVE('',#2175,#2199,#2201,.T.);
#2199 = VERTEX_POINT('',#2200);
#2200 = CARTESIAN_POINT('',(-63.3,88.,292.4));
#2201 = SEAM_CURVE('',#2202,(#2206,#2213),.PCURVE_S1.);
#2202 = LINE('',#2203,#2204);
#2203 = CARTESIAN_POINT('',(-78.2,88.,292.4));
#2204 = VECTOR('',#2205,1.);
#2205 = DIRECTION('',(1.,0.,0.));
#2206 = PCURVE('',#630,#2207);
#2207 = DEFINITIONAL_REPRESENTATION('',(#2208),#2212);
#2208 = LINE('',#2209,#2210);
#2209 = CARTESIAN_POINT('',(6.28318530718,12.8));
#2210 = VECTOR('',#2211,1.);
#2211 = DIRECTION('',(0.,1.));
#2212 = ( GEOMETRIC_REPRESENTATION_CONTEXT(2) 
PARAMETRIC_REPRESENTATION_CONTEXT() REPRESENTATION_CONTEXT('2D SPACE',''
  ) );
#2213 = PCURVE('',#630,#2214);
#2214 = DEFINITIONAL_REPRESENTATION('',(#2215),#2219);
#2215 = LINE('',#2216,#2217);
#2216 = CARTESIAN_POINT('',(0.,12.8));
#2217 = VECTOR('',#2218,1.);
#2218 = DIRECTION('',(0.,1.));
#2219 = ( GEOMETRIC_REPRESENTATION_CONTEXT(2) 
PARAMETRIC_REPRESENTATION_CONTEXT() REPRESENTATION_CONTEXT('2D SPACE',''
  ) );
#2220 = ORIENTED_EDGE('',*,*,#2221,.F.);
#2221 = EDGE_CURVE('',#2199,#2199,#2222,.T.);
#2222 = SURFACE_CURVE('',#2223,(#2228,#2235),.PCURVE_S1.);
#2223 = CIRCLE('',#2224,3.3);
#2224 = AXIS2_PLACEMENT_3D('',#2225,#2226,#2227);
#2225 = CARTESIAN_POINT('',(-63.3,88.,289.1));
#2226 = DIRECTION('',(1.,0.,0.));
#2227 = DIRECTION('',(-0.,0.,1.));
#2228 = PCURVE('',#630,#2229);
#2229 = DEFINITIONAL_REPRESENTATION('',(#2230),#2234);
#2230 = LINE('',#2231,#2232);
#2231 = CARTESIAN_POINT('',(0.,27.7));
#2232 = VECTOR('',#2233,1.);
#2233 = DIRECTION('',(1.,0.));
#2234 = ( GEOMETRIC_REPRESENTATION_CONTEXT(2) 
PARAMETRIC_REPRESENTATION_CONTEXT() REPRESENTATION_CONTEXT('2D SPACE',''
  ) );
#2235 = PCURVE('',#2236,#2241);
#2236 = PLANE('',#2237);
#2237 = AXIS2_PLACEMENT_3D('',#2238,#2239,#2240);
#2238 = CARTESIAN_POINT('',(-63.3,88.,289.1));
#2239 = DIRECTION('',(1.,0.,0.));
#2240 = DIRECTION('',(-0.,0.,1.));
#2241 = DEFINITIONAL_REPRESENTATION('',(#2242),#2246);
#2242 = CIRCLE('',#2243,3.3);
#2243 = AXIS2_PLACEMENT_2D('',#2244,#2245);
#2244 = CARTESIAN_POINT('',(0.,0.));
#2245 = DIRECTION('',(1.,0.));
#2246 = ( GEOMETRIC_REPRESENTATION_CONTEXT(2) 
PARAMETRIC_REPRESENTATION_CONTEXT() REPRESENTATION_CONTEXT('2D SPACE',''
  ) );
#2247 = ORIENTED_EDGE('',*,*,#2198,.F.);
#2248 = ORIENTED_EDGE('',*,*,#2174,.F.);
#2249 = ORIENTED_EDGE('',*,*,#2250,.T.);
#2250 = EDGE_CURVE('',#2152,#2128,#2251,.T.);
#2251 = SURFACE_CURVE('',#2252,(#2257,#2264),.PCURVE_S1.);
#2252 = CIRCLE('',#2253,3.3);
#2253 = AXIS2_PLACEMENT_3D('',#2254,#2255,#2256);
#2254 = CARTESIAN_POINT('',(-77.2,88.,289.1));
#2255 = DIRECTION('',(1.,0.,0.));
#2256 = DIRECTION('',(-0.,0.,1.));
#2257 = PCURVE('',#630,#2258);
#2258 = DEFINITIONAL_REPRESENTATION('',(#2259),#2263);
#2259 = LINE('',#2260,#2261);
#2260 = CARTESIAN_POINT('',(0.,13.8));
#2261 = VECTOR('',#2262,1.);
#2262 = DIRECTION('',(1.,0.));
#2263 = ( GEOMETRIC_REPRESENTATION_CONTEXT(2) 
PARAMETRIC_REPRESENTATION_CONTEXT() REPRESENTATION_CONTEXT('2D SPACE',''
  ) );
#2264 = PCURVE('',#2265,#2270);
#2265 = PLANE('',#2266);
#2266 = AXIS2_PLACEMENT_3D('',#2267,#2268,#2269);
#2267 = CARTESIAN_POINT('',(-77.2,88.,289.1));
#2268 = DIRECTION('',(1.,0.,0.));
#2269 = DIRECTION('',(-0.,0.,1.));
#2270 = DEFINITIONAL_REPRESENTATION('',(#2271),#2275);
#2271 = CIRCLE('',#2272,3.3);
#2272 = AXIS2_PLACEMENT_2D('',#2273,#2274);
#2273 = CARTESIAN_POINT('',(0.,0.));
#2274 = DIRECTION('',(1.,0.));
#2275 = ( GEOMETRIC_REPRESENTATION_CONTEXT(2) 
PARAMETRIC_REPRESENTATION_CONTEXT() REPRESENTATION_CONTEXT('2D SPACE',''
  ) );
#2276 = ADVANCED_FACE('',(#2277),#681,.F.);
#2277 = FACE_BOUND('',#2278,.F.);
#2278 = EDGE_LOOP('',(#2279,#2280,#2303,#2331,#2352));
#2279 = ORIENTED_EDGE('',*,*,#668,.T.);
#2280 = ORIENTED_EDGE('',*,*,#2281,.T.);
#2281 = EDGE_CURVE('',#643,#2282,#2284,.T.);
#2282 = VERTEX_POINT('',#2283);
#2283 = CARTESIAN_POINT('',(-77.2,83.333095244169,289.1));
#2284 = SURFACE_CURVE('',#2285,(#2289,#2296),.PCURVE_S1.);
#2285 = LINE('',#2286,#2287);
#2286 = CARTESIAN_POINT('',(-91.,83.333095244169,289.1));
#2287 = VECTOR('',#2288,1.);
#2288 = DIRECTION('',(1.,0.,0.));
#2289 = PCURVE('',#681,#2290);
#2290 = DEFINITIONAL_REPRESENTATION('',(#2291),#2295);
#2291 = LINE('',#2292,#2293);
#2292 = CARTESIAN_POINT('',(0.,0.));
#2293 = VECTOR('',#2294,1.);
#2294 = DIRECTION('',(0.,-1.));
#2295 = ( GEOMETRIC_REPRESENTATION_CONTEXT(2) 
PARAMETRIC_REPRESENTATION_CONTEXT() REPRESENTATION_CONTEXT('2D SPACE',''
  ) );
#2296 = PCURVE('',#657,#2297);
#2297 = DEFINITIONAL_REPRESENTATION('',(#2298),#2302);
#2298 = LINE('',#2299,#2300);
#2299 = CARTESIAN_POINT('',(3.3,0.));
#2300 = VECTOR('',#2301,1.);
#2301 = DIRECTION('',(0.,-1.));
#2302 = ( GEOMETRIC_REPRESENTATION_CONTEXT(2) 
PARAMETRIC_REPRESENTATION_CONTEXT() REPRESENTATION_CONTEXT('2D SPACE',''
  ) );
#2303 = ORIENTED_EDGE('',*,*,#2304,.T.);
#2304 = EDGE_CURVE('',#2282,#2305,#2307,.T.);
#2305 = VERTEX_POINT('',#2306);
#2306 = CARTESIAN_POINT('',(-77.2,83.350030840362,289.11693559619));
#2307 = SURFACE_CURVE('',#2308,(#2312,#2319),.PCURVE_S1.);
#2308 = LINE('',#2309,#2310);
#2309 = CARTESIAN_POINT('',(-77.2,83.333095244169,289.1));
#2310 = VECTOR('',#2311,1.);
#2311 = DIRECTION('',(0.,0.707106781187,0.707106781187));
#2312 = PCURVE('',#681,#2313);
#2313 = DEFINITIONAL_REPRESENTATION('',(#2314),#2318);
#2314 = LINE('',#2315,#2316);
#2315 = CARTESIAN_POINT('',(0.,-13.8));
#2316 = VECTOR('',#2317,1.);
#2317 = DIRECTION('',(1.,0.));
#2318 = ( GEOMETRIC_REPRESENTATION_CONTEXT(2) 
PARAMETRIC_REPRESENTATION_CONTEXT() REPRESENTATION_CONTEXT('2D SPACE',''
  ) );
#2319 = PCURVE('',#2320,#2325);
#2320 = PLANE('',#2321);
#2321 = AXIS2_PLACEMENT_3D('',#2322,#2323,#2324);
#2322 = CARTESIAN_POINT('',(-77.2,88.,289.1));
#2323 = DIRECTION('',(1.,0.,0.));
#2324 = DIRECTION('',(-0.,0.,1.));
#2325 = DEFINITIONAL_REPRESENTATION('',(#2326),#2330);
#2326 = LINE('',#2327,#2328);
#2327 = CARTESIAN_POINT('',(0.,4.666904755831));
#2328 = VECTOR('',#2329,1.);
#2329 = DIRECTION('',(0.707106781187,-0.707106781187));
#2330 = ( GEOMETRIC_REPRESENTATION_CONTEXT(2) 
PARAMETRIC_REPRESENTATION_CONTEXT() REPRESENTATION_CONTEXT('2D SPACE',''
  ) );
#2331 = ORIENTED_EDGE('',*,*,#2332,.T.);
#2332 = EDGE_CURVE('',#2305,#2152,#2333,.T.);
#2333 = SURFACE_CURVE('',#2334,(#2338,#2345),.PCURVE_S1.);
#2334 = LINE('',#2335,#2336);
#2335 = CARTESIAN_POINT('',(-77.2,83.333095244169,289.1));
#2336 = VECTOR('',#2337,1.);
#2337 = DIRECTION('',(0.,0.707106781187,0.707106781187));
#2338 = PCURVE('',#681,#2339);
#2339 = DEFINITIONAL_REPRESENTATION('',(#2340),#2344);
#2340 = LINE('',#2341,#2342);
#2341 = CARTESIAN_POINT('',(0.,-13.8));
#2342 = VECTOR('',#2343,1.);
#2343 = DIRECTION('',(1.,0.));
#2344 = ( GEOMETRIC_REPRESENTATION_CONTEXT(2) 
PARAMETRIC_REPRESENTATION_CONTEXT() REPRESENTATION_CONTEXT('2D SPACE',''
  ) );
#2345 = PCURVE('',#2265,#2346);
#2346 = DEFINITIONAL_REPRESENTATION('',(#2347),#2351);
#2347 = LINE('',#2348,#2349);
#2348 = CARTESIAN_POINT('',(0.,4.666904755831));
#2349 = VECTOR('',#2350,1.);
#2350 = DIRECTION('',(0.707106781187,-0.707106781187));
#2351 = ( GEOMETRIC_REPRESENTATION_CONTEXT(2) 
PARAMETRIC_REPRESENTATION_CONTEXT() REPRESENTATION_CONTEXT('2D SPACE',''
  ) );
#2352 = ORIENTED_EDGE('',*,*,#2151,.T.);
#2353 = ADVANCED_FACE('',(#2354),#657,.F.);
#2354 = FACE_BOUND('',#2355,.F.);
#2355 = EDGE_LOOP('',(#2356,#2357,#2358,#2381,#2402));
#2356 = ORIENTED_EDGE('',*,*,#642,.T.);
#2357 = ORIENTED_EDGE('',*,*,#2127,.T.);
#2358 = ORIENTED_EDGE('',*,*,#2359,.T.);
#2359 = EDGE_CURVE('',#2128,#2360,#2362,.T.);
#2360 = VERTEX_POINT('',#2361);
#2361 = CARTESIAN_POINT('',(-77.2,83.350030840362,289.0830644038));
#2362 = SURFACE_CURVE('',#2363,(#2367,#2374),.PCURVE_S1.);
#2363 = LINE('',#2364,#2365);
#2364 = CARTESIAN_POINT('',(-77.2,85.666547622084,286.76654762208));
#2365 = VECTOR('',#2366,1.);
#2366 = DIRECTION('',(0.,-0.707106781187,0.707106781187));
#2367 = PCURVE('',#657,#2368);
#2368 = DEFINITIONAL_REPRESENTATION('',(#2369),#2373);
#2369 = LINE('',#2370,#2371);
#2370 = CARTESIAN_POINT('',(0.,-13.8));
#2371 = VECTOR('',#2372,1.);
#2372 = DIRECTION('',(1.,0.));
#2373 = ( GEOMETRIC_REPRESENTATION_CONTEXT(2) 
PARAMETRIC_REPRESENTATION_CONTEXT() REPRESENTATION_CONTEXT('2D SPACE',''
  ) );
#2374 = PCURVE('',#2265,#2375);
#2375 = DEFINITIONAL_REPRESENTATION('',(#2376),#2380);
#2376 = LINE('',#2377,#2378);
#2377 = CARTESIAN_POINT('',(-2.333452377916,2.333452377916));
#2378 = VECTOR('',#2379,1.);
#2379 = DIRECTION('',(0.707106781187,0.707106781187));
#2380 = ( GEOMETRIC_REPRESENTATION_CONTEXT(2) 
PARAMETRIC_REPRESENTATION_CONTEXT() REPRESENTATION_CONTEXT('2D SPACE',''
  ) );
#2381 = ORIENTED_EDGE('',*,*,#2382,.T.);
#2382 = EDGE_CURVE('',#2360,#2282,#2383,.T.);
#2383 = SURFACE_CURVE('',#2384,(#2388,#2395),.PCURVE_S1.);
#2384 = LINE('',#2385,#2386);
#2385 = CARTESIAN_POINT('',(-77.2,85.666547622084,286.76654762208));
#2386 = VECTOR('',#2387,1.);
#2387 = DIRECTION('',(0.,-0.707106781187,0.707106781187));
#2388 = PCURVE('',#657,#2389);
#2389 = DEFINITIONAL_REPRESENTATION('',(#2390),#2394);
#2390 = LINE('',#2391,#2392);
#2391 = CARTESIAN_POINT('',(0.,-13.8));
#2392 = VECTOR('',#2393,1.);
#2393 = DIRECTION('',(1.,0.));
#2394 = ( GEOMETRIC_REPRESENTATION_CONTEXT(2) 
PARAMETRIC_REPRESENTATION_CONTEXT() REPRESENTATION_CONTEXT('2D SPACE',''
  ) );
#2395 = PCURVE('',#2320,#2396);
#2396 = DEFINITIONAL_REPRESENTATION('',(#2397),#2401);
#2397 = LINE('',#2398,#2399);
#2398 = CARTESIAN_POINT('',(-2.333452377916,2.333452377916));
#2399 = VECTOR('',#2400,1.);
#2400 = DIRECTION('',(0.707106781187,0.707106781187));
#2401 = ( GEOMETRIC_REPRESENTATION_CONTEXT(2) 
PARAMETRIC_REPRESENTATION_CONTEXT() REPRESENTATION_CONTEXT('2D SPACE',''
  ) );
#2402 = ORIENTED_EDGE('',*,*,#2281,.F.);
#2403 = ADVANCED_FACE('',(#2404),#713,.F.);
#2404 = FACE_BOUND('',#2405,.F.);
#2405 = EDGE_LOOP('',(#2406,#2429,#2430,#2453,#2477,#2500,#2527,#2528,
    #2529));
#2406 = ORIENTED_EDGE('',*,*,#2407,.F.);
#2407 = EDGE_CURVE('',#695,#2408,#2410,.T.);
#2408 = VERTEX_POINT('',#2409);
#2409 = CARTESIAN_POINT('',(-70.7,72.666547622084,386.76654762208));
#2410 = SURFACE_CURVE('',#2411,(#2415,#2422),.PCURVE_S1.);
#2411 = LINE('',#2412,#2413);
#2412 = CARTESIAN_POINT('',(-90.,72.666547622084,386.76654762208));
#2413 = VECTOR('',#2414,1.);
#2414 = DIRECTION('',(1.,0.,0.));
#2415 = PCURVE('',#713,#2416);
#2416 = DEFINITIONAL_REPRESENTATION('',(#2417),#2421);
#2417 = LINE('',#2418,#2419);
#2418 = CARTESIAN_POINT('',(2.356194490192,1.));
#2419 = VECTOR('',#2420,1.);
#2420 = DIRECTION('',(0.,1.));
#2421 = ( GEOMETRIC_REPRESENTATION_CONTEXT(2) 
PARAMETRIC_REPRESENTATION_CONTEXT() REPRESENTATION_CONTEXT('2D SPACE',''
  ) );
#2422 = PCURVE('',#740,#2423);
#2423 = DEFINITIONAL_REPRESENTATION('',(#2424),#2428);
#2424 = LINE('',#2425,#2426);
#2425 = CARTESIAN_POINT('',(0.,-1.));
#2426 = VECTOR('',#2427,1.);
#2427 = DIRECTION('',(0.,-1.));
#2428 = ( GEOMETRIC_REPRESENTATION_CONTEXT(2) 
PARAMETRIC_REPRESENTATION_CONTEXT() REPRESENTATION_CONTEXT('2D SPACE',''
  ) );
#2429 = ORIENTED_EDGE('',*,*,#694,.T.);
#2430 = ORIENTED_EDGE('',*,*,#2431,.F.);
#2431 = EDGE_CURVE('',#2432,#697,#2434,.T.);
#2432 = VERTEX_POINT('',#2433);
#2433 = CARTESIAN_POINT('',(-70.7,72.666547622084,391.43345237791));
#2434 = SURFACE_CURVE('',#2435,(#2439,#2446),.PCURVE_S1.);
#2435 = LINE('',#2436,#2437);
#2436 = CARTESIAN_POINT('',(-70.7,72.666547622084,391.43345237791));
#2437 = VECTOR('',#2438,1.);
#2438 = DIRECTION('',(-1.,0.,0.));
#2439 = PCURVE('',#713,#2440);
#2440 = DEFINITIONAL_REPRESENTATION('',(#2441),#2445);
#2441 = LINE('',#2442,#2443);
#2442 = CARTESIAN_POINT('',(7.068583470577,20.3));
#2443 = VECTOR('',#2444,1.);
#2444 = DIRECTION('',(-0.,-1.));
#2445 = ( GEOMETRIC_REPRESENTATION_CONTEXT(2) 
PARAMETRIC_REPRESENTATION_CONTEXT() REPRESENTATION_CONTEXT('2D SPACE',''
  ) );
#2446 = PCURVE('',#764,#2447);
#2447 = DEFINITIONAL_REPRESENTATION('',(#2448),#2452);
#2448 = LINE('',#2449,#2450);
#2449 = CARTESIAN_POINT('',(3.3,-20.3));
#2450 = VECTOR('',#2451,1.);
#2451 = DIRECTION('',(0.,1.));
#2452 = ( GEOMETRIC_REPRESENTATION_CONTEXT(2) 
PARAMETRIC_REPRESENTATION_CONTEXT() REPRESENTATION_CONTEXT('2D SPACE',''
  ) );
#2453 = ORIENTED_EDGE('',*,*,#2454,.T.);
#2454 = EDGE_CURVE('',#2432,#2455,#2457,.T.);
#2455 = VERTEX_POINT('',#2456);
#2456 = CARTESIAN_POINT('',(-70.7,75.,392.4));
#2457 = SEAM_CURVE('',#2458,(#2463,#2470),.PCURVE_S1.);
#2458 = CIRCLE('',#2459,3.3);
#2459 = AXIS2_PLACEMENT_3D('',#2460,#2461,#2462);
#2460 = CARTESIAN_POINT('',(-70.7,75.,389.1));
#2461 = DIRECTION('',(-1.,0.,0.));
#2462 = DIRECTION('',(0.,-0.707106781187,0.707106781187));
#2463 = PCURVE('',#713,#2464);
#2464 = DEFINITIONAL_REPRESENTATION('',(#2465),#2469);
#2465 = LINE('',#2466,#2467);
#2466 = CARTESIAN_POINT('',(7.068583470577,20.3));
#2467 = VECTOR('',#2468,1.);
#2468 = DIRECTION('',(-1.,-0.));
#2469 = ( GEOMETRIC_REPRESENTATION_CONTEXT(2) 
PARAMETRIC_REPRESENTATION_CONTEXT() REPRESENTATION_CONTEXT('2D SPACE',''
  ) );
#2470 = PCURVE('',#713,#2471);
#2471 = DEFINITIONAL_REPRESENTATION('',(#2472),#2476);
#2472 = LINE('',#2473,#2474);
#2473 = CARTESIAN_POINT('',(0.785398163397,20.3));
#2474 = VECTOR('',#2475,1.);
#2475 = DIRECTION('',(-1.,0.));
#2476 = ( GEOMETRIC_REPRESENTATION_CONTEXT(2) 
PARAMETRIC_REPRESENTATION_CONTEXT() REPRESENTATION_CONTEXT('2D SPACE',''
  ) );
#2477 = ORIENTED_EDGE('',*,*,#2478,.T.);
#2478 = EDGE_CURVE('',#2455,#2479,#2481,.T.);
#2479 = VERTEX_POINT('',#2480);
#2480 = CARTESIAN_POINT('',(-55.3,75.,392.4));
#2481 = SEAM_CURVE('',#2482,(#2486,#2493),.PCURVE_S1.);
#2482 = LINE('',#2483,#2484);
#2483 = CARTESIAN_POINT('',(-71.7,75.,392.4));
#2484 = VECTOR('',#2485,1.);
#2485 = DIRECTION('',(1.,0.,0.));
#2486 = PCURVE('',#713,#2487);
#2487 = DEFINITIONAL_REPRESENTATION('',(#2488),#2492);
#2488 = LINE('',#2489,#2490);
#2489 = CARTESIAN_POINT('',(6.28318530718,19.3));
#2490 = VECTOR('',#2491,1.);
#2491 = DIRECTION('',(0.,1.));
#2492 = ( GEOMETRIC_REPRESENTATION_CONTEXT(2) 
PARAMETRIC_REPRESENTATION_CONTEXT() REPRESENTATION_CONTEXT('2D SPACE',''
  ) );
#2493 = PCURVE('',#713,#2494);
#2494 = DEFINITIONAL_REPRESENTATION('',(#2495),#2499);
#2495 = LINE('',#2496,#2497);
#2496 = CARTESIAN_POINT('',(0.,19.3));
#2497 = VECTOR('',#2498,1.);
#2498 = DIRECTION('',(0.,1.));
#2499 = ( GEOMETRIC_REPRESENTATION_CONTEXT(2) 
PARAMETRIC_REPRESENTATION_CONTEXT() REPRESENTATION_CONTEXT('2D SPACE',''
  ) );
#2500 = ORIENTED_EDGE('',*,*,#2501,.F.);
#2501 = EDGE_CURVE('',#2479,#2479,#2502,.T.);
#2502 = SURFACE_CURVE('',#2503,(#2508,#2515),.PCURVE_S1.);
#2503 = CIRCLE('',#2504,3.3);
#2504 = AXIS2_PLACEMENT_3D('',#2505,#2506,#2507);
#2505 = CARTESIAN_POINT('',(-55.3,75.,389.1));
#2506 = DIRECTION('',(1.,0.,0.));
#2507 = DIRECTION('',(-0.,0.,1.));
#2508 = PCURVE('',#713,#2509);
#2509 = DEFINITIONAL_REPRESENTATION('',(#2510),#2514);
#2510 = LINE('',#2511,#2512);
#2511 = CARTESIAN_POINT('',(0.,35.7));
#2512 = VECTOR('',#2513,1.);
#2513 = DIRECTION('',(1.,0.));
#2514 = ( GEOMETRIC_REPRESENTATION_CONTEXT(2) 
PARAMETRIC_REPRESENTATION_CONTEXT() REPRESENTATION_CONTEXT('2D SPACE',''
  ) );
#2515 = PCURVE('',#2516,#2521);
#2516 = PLANE('',#2517);
#2517 = AXIS2_PLACEMENT_3D('',#2518,#2519,#2520);
#2518 = CARTESIAN_POINT('',(-55.3,75.,389.1));
#2519 = DIRECTION('',(1.,0.,0.));
#2520 = DIRECTION('',(-0.,0.,1.));
#2521 = DEFINITIONAL_REPRESENTATION('',(#2522),#2526);
#2522 = CIRCLE('',#2523,3.3);
#2523 = AXIS2_PLACEMENT_2D('',#2524,#2525);
#2524 = CARTESIAN_POINT('',(0.,0.));
#2525 = DIRECTION('',(1.,0.));
#2526 = ( GEOMETRIC_REPRESENTATION_CONTEXT(2) 
PARAMETRIC_REPRESENTATION_CONTEXT() REPRESENTATION_CONTEXT('2D SPACE',''
  ) );
#2527 = ORIENTED_EDGE('',*,*,#2478,.F.);
#2528 = ORIENTED_EDGE('',*,*,#2454,.F.);
#2529 = ORIENTED_EDGE('',*,*,#2530,.T.);
#2530 = EDGE_CURVE('',#2432,#2408,#2531,.T.);
#2531 = SURFACE_CURVE('',#2532,(#2537,#2544),.PCURVE_S1.);
#2532 = CIRCLE('',#2533,3.3);
#2533 = AXIS2_PLACEMENT_3D('',#2534,#2535,#2536);
#2534 = CARTESIAN_POINT('',(-70.7,75.,389.1));
#2535 = DIRECTION('',(1.,0.,0.));
#2536 = DIRECTION('',(-0.,0.,1.));
#2537 = PCURVE('',#713,#2538);
#2538 = DEFINITIONAL_REPRESENTATION('',(#2539),#2543);
#2539 = LINE('',#2540,#2541);
#2540 = CARTESIAN_POINT('',(0.,20.3));
#2541 = VECTOR('',#2542,1.);
#2542 = DIRECTION('',(1.,0.));
#2543 = ( GEOMETRIC_REPRESENTATION_CONTEXT(2) 
PARAMETRIC_REPRESENTATION_CONTEXT() REPRESENTATION_CONTEXT('2D SPACE',''
  ) );
#2544 = PCURVE('',#2545,#2550);
#2545 = PLANE('',#2546);
#2546 = AXIS2_PLACEMENT_3D('',#2547,#2548,#2549);
#2547 = CARTESIAN_POINT('',(-70.7,75.,389.1));
#2548 = DIRECTION('',(1.,0.,0.));
#2549 = DIRECTION('',(-0.,0.,1.));
#2550 = DEFINITIONAL_REPRESENTATION('',(#2551),#2555);
#2551 = CIRCLE('',#2552,3.3);
#2552 = AXIS2_PLACEMENT_2D('',#2553,#2554);
#2553 = CARTESIAN_POINT('',(0.,0.));
#2554 = DIRECTION('',(1.,0.));
#2555 = ( GEOMETRIC_REPRESENTATION_CONTEXT(2) 
PARAMETRIC_REPRESENTATION_CONTEXT() REPRESENTATION_CONTEXT('2D SPACE',''
  ) );
#2556 = ADVANCED_FACE('',(#2557),#740,.F.);
#2557 = FACE_BOUND('',#2558,.F.);
#2558 = EDGE_LOOP('',(#2559,#2560,#2561,#2584,#2612));
#2559 = ORIENTED_EDGE('',*,*,#725,.T.);
#2560 = ORIENTED_EDGE('',*,*,#2407,.T.);
#2561 = ORIENTED_EDGE('',*,*,#2562,.T.);
#2562 = EDGE_CURVE('',#2408,#2563,#2565,.T.);
#2563 = VERTEX_POINT('',#2564);
#2564 = CARTESIAN_POINT('',(-70.7,70.350030840362,389.0830644038));
#2565 = SURFACE_CURVE('',#2566,(#2570,#2577),.PCURVE_S1.);
#2566 = LINE('',#2567,#2568);
#2567 = CARTESIAN_POINT('',(-70.7,72.666547622084,386.76654762208));
#2568 = VECTOR('',#2569,1.);
#2569 = DIRECTION('',(0.,-0.707106781187,0.707106781187));
#2570 = PCURVE('',#740,#2571);
#2571 = DEFINITIONAL_REPRESENTATION('',(#2572),#2576);
#2572 = LINE('',#2573,#2574);
#2573 = CARTESIAN_POINT('',(0.,-20.3));
#2574 = VECTOR('',#2575,1.);
#2575 = DIRECTION('',(1.,0.));
#2576 = ( GEOMETRIC_REPRESENTATION_CONTEXT(2) 
PARAMETRIC_REPRESENTATION_CONTEXT() REPRESENTATION_CONTEXT('2D SPACE',''
  ) );
#2577 = PCURVE('',#2545,#2578);
#2578 = DEFINITIONAL_REPRESENTATION('',(#2579),#2583);
#2579 = LINE('',#2580,#2581);
#2580 = CARTESIAN_POINT('',(-2.333452377916,2.333452377916));
#2581 = VECTOR('',#2582,1.);
#2582 = DIRECTION('',(0.707106781187,0.707106781187));
#2583 = ( GEOMETRIC_REPRESENTATION_CONTEXT(2) 
PARAMETRIC_REPRESENTATION_CONTEXT() REPRESENTATION_CONTEXT('2D SPACE',''
  ) );
#2584 = ORIENTED_EDGE('',*,*,#2585,.T.);
#2585 = EDGE_CURVE('',#2563,#2586,#2588,.T.);
#2586 = VERTEX_POINT('',#2587);
#2587 = CARTESIAN_POINT('',(-70.7,70.333095244169,389.1));
#2588 = SURFACE_CURVE('',#2589,(#2593,#2600),.PCURVE_S1.);
#2589 = LINE('',#2590,#2591);
#2590 = CARTESIAN_POINT('',(-70.7,72.666547622084,386.76654762208));
#2591 = VECTOR('',#2592,1.);
#2592 = DIRECTION('',(0.,-0.707106781187,0.707106781187));
#2593 = PCURVE('',#740,#2594);
#2594 = DEFINITIONAL_REPRESENTATION('',(#2595),#2599);
#2595 = LINE('',#2596,#2597);
#2596 = CARTESIAN_POINT('',(0.,-20.3));
#2597 = VECTOR('',#2598,1.);
#2598 = DIRECTION('',(1.,0.));
#2599 = ( GEOMETRIC_REPRESENTATION_CONTEXT(2) 
PARAMETRIC_REPRESENTATION_CONTEXT() REPRESENTATION_CONTEXT('2D SPACE',''
  ) );
#2600 = PCURVE('',#2601,#2606);
#2601 = PLANE('',#2602);
#2602 = AXIS2_PLACEMENT_3D('',#2603,#2604,#2605);
#2603 = CARTESIAN_POINT('',(-70.7,75.,389.1));
#2604 = DIRECTION('',(1.,0.,0.));
#2605 = DIRECTION('',(-0.,0.,1.));
#2606 = DEFINITIONAL_REPRESENTATION('',(#2607),#2611);
#2607 = LINE('',#2608,#2609);
#2608 = CARTESIAN_POINT('',(-2.333452377916,2.333452377916));
#2609 = VECTOR('',#2610,1.);
#2610 = DIRECTION('',(0.707106781187,0.707106781187));
#2611 = ( GEOMETRIC_REPRESENTATION_CONTEXT(2) 
PARAMETRIC_REPRESENTATION_CONTEXT() REPRESENTATION_CONTEXT('2D SPACE',''
  ) );
#2612 = ORIENTED_EDGE('',*,*,#2613,.F.);
#2613 = EDGE_CURVE('',#726,#2586,#2614,.T.);
#2614 = SURFACE_CURVE('',#2615,(#2619,#2626),.PCURVE_S1.);
#2615 = LINE('',#2616,#2617);
#2616 = CARTESIAN_POINT('',(-91.,70.333095244169,389.1));
#2617 = VECTOR('',#2618,1.);
#2618 = DIRECTION('',(1.,0.,0.));
#2619 = PCURVE('',#740,#2620);
#2620 = DEFINITIONAL_REPRESENTATION('',(#2621),#2625);
#2621 = LINE('',#2622,#2623);
#2622 = CARTESIAN_POINT('',(3.3,0.));
#2623 = VECTOR('',#2624,1.);
#2624 = DIRECTION('',(0.,-1.));
#2625 = ( GEOMETRIC_REPRESENTATION_CONTEXT(2) 
PARAMETRIC_REPRESENTATION_CONTEXT() REPRESENTATION_CONTEXT('2D SPACE',''
  ) );
#2626 = PCURVE('',#764,#2627);
#2627 = DEFINITIONAL_REPRESENTATION('',(#2628),#2632);
#2628 = LINE('',#2629,#2630);
#2629 = CARTESIAN_POINT('',(0.,0.));
#2630 = VECTOR('',#2631,1.);
#2631 = DIRECTION('',(0.,-1.));
#2632 = ( GEOMETRIC_REPRESENTATION_CONTEXT(2) 
PARAMETRIC_REPRESENTATION_CONTEXT() REPRESENTATION_CONTEXT('2D SPACE',''
  ) );
#2633 = ADVANCED_FACE('',(#2634),#764,.F.);
#2634 = FACE_BOUND('',#2635,.F.);
#2635 = EDGE_LOOP('',(#2636,#2637,#2638,#2661,#2682));
#2636 = ORIENTED_EDGE('',*,*,#751,.T.);
#2637 = ORIENTED_EDGE('',*,*,#2613,.T.);
#2638 = ORIENTED_EDGE('',*,*,#2639,.T.);
#2639 = EDGE_CURVE('',#2586,#2640,#2642,.T.);
#2640 = VERTEX_POINT('',#2641);
#2641 = CARTESIAN_POINT('',(-70.7,70.350030840362,389.11693559619));
#2642 = SURFACE_CURVE('',#2643,(#2647,#2654),.PCURVE_S1.);
#2643 = LINE('',#2644,#2645);
#2644 = CARTESIAN_POINT('',(-70.7,70.333095244169,389.1));
#2645 = VECTOR('',#2646,1.);
#2646 = DIRECTION('',(0.,0.707106781187,0.707106781187));
#2647 = PCURVE('',#764,#2648);
#2648 = DEFINITIONAL_REPRESENTATION('',(#2649),#2653);
#2649 = LINE('',#2650,#2651);
#2650 = CARTESIAN_POINT('',(0.,-20.3));
#2651 = VECTOR('',#2652,1.);
#2652 = DIRECTION('',(1.,0.));
#2653 = ( GEOMETRIC_REPRESENTATION_CONTEXT(2) 
PARAMETRIC_REPRESENTATION_CONTEXT() REPRESENTATION_CONTEXT('2D SPACE',''
  ) );
#2654 = PCURVE('',#2601,#2655);
#2655 = DEFINITIONAL_REPRESENTATION('',(#2656),#2660);
#2656 = LINE('',#2657,#2658);
#2657 = CARTESIAN_POINT('',(0.,4.666904755831));
#2658 = VECTOR('',#2659,1.);
#2659 = DIRECTION('',(0.707106781187,-0.707106781187));
#2660 = ( GEOMETRIC_REPRESENTATION_CONTEXT(2) 
PARAMETRIC_REPRESENTATION_CONTEXT() REPRESENTATION_CONTEXT('2D SPACE',''
  ) );
#2661 = ORIENTED_EDGE('',*,*,#2662,.T.);
#2662 = EDGE_CURVE('',#2640,#2432,#2663,.T.);
#2663 = SURFACE_CURVE('',#2664,(#2668,#2675),.PCURVE_S1.);
#2664 = LINE('',#2665,#2666);
#2665 = CARTESIAN_POINT('',(-70.7,70.333095244169,389.1));
#2666 = VECTOR('',#2667,1.);
#2667 = DIRECTION('',(0.,0.707106781187,0.707106781187));
#2668 = PCURVE('',#764,#2669);
#2669 = DEFINITIONAL_REPRESENTATION('',(#2670),#2674);
#2670 = LINE('',#2671,#2672);
#2671 = CARTESIAN_POINT('',(0.,-20.3));
#2672 = VECTOR('',#2673,1.);
#2673 = DIRECTION('',(1.,0.));
#2674 = ( GEOMETRIC_REPRESENTATION_CONTEXT(2) 
PARAMETRIC_REPRESENTATION_CONTEXT() REPRESENTATION_CONTEXT('2D SPACE',''
  ) );
#2675 = PCURVE('',#2545,#2676);
#2676 = DEFINITIONAL_REPRESENTATION('',(#2677),#2681);
#2677 = LINE('',#2678,#2679);
#2678 = CARTESIAN_POINT('',(0.,4.666904755831));
#2679 = VECTOR('',#2680,1.);
#2680 = DIRECTION('',(0.707106781187,-0.707106781187));
#2681 = ( GEOMETRIC_REPRESENTATION_CONTEXT(2) 
PARAMETRIC_REPRESENTATION_CONTEXT() REPRESENTATION_CONTEXT('2D SPACE',''
  ) );
#2682 = ORIENTED_EDGE('',*,*,#2431,.T.);
#2683 = ADVANCED_FACE('',(#2684),#819,.T.);
#2684 = FACE_BOUND('',#2685,.T.);
#2685 = EDGE_LOOP('',(#2686,#2709,#2710,#2711));
#2686 = ORIENTED_EDGE('',*,*,#2687,.T.);
#2687 = EDGE_CURVE('',#2688,#803,#2690,.T.);
#2688 = VERTEX_POINT('',#2689);
#2689 = CARTESIAN_POINT('',(-55.5,105.,436.5));
#2690 = SURFACE_CURVE('',#2691,(#2695,#2702),.PCURVE_S1.);
#2691 = LINE('',#2692,#2693);
#2692 = CARTESIAN_POINT('',(-55.5,105.,436.5));
#2693 = VECTOR('',#2694,1.);
#2694 = DIRECTION('',(0.,1.,0.));
#2695 = PCURVE('',#819,#2696);
#2696 = DEFINITIONAL_REPRESENTATION('',(#2697),#2701);
#2697 = LINE('',#2698,#2699);
#2698 = CARTESIAN_POINT('',(6.28318530718,-0.));
#2699 = VECTOR('',#2700,1.);
#2700 = DIRECTION('',(0.,1.));
#2701 = ( GEOMETRIC_REPRESENTATION_CONTEXT(2) 
PARAMETRIC_REPRESENTATION_CONTEXT() REPRESENTATION_CONTEXT('2D SPACE',''
  ) );
#2702 = PCURVE('',#847,#2703);
#2703 = DEFINITIONAL_REPRESENTATION('',(#2704),#2708);
#2704 = LINE('',#2705,#2706);
#2705 = CARTESIAN_POINT('',(-7.105427357601E-15,0.));
#2706 = VECTOR('',#2707,1.);
#2707 = DIRECTION('',(0.,1.));
#2708 = ( GEOMETRIC_REPRESENTATION_CONTEXT(2) 
PARAMETRIC_REPRESENTATION_CONTEXT() REPRESENTATION_CONTEXT('2D SPACE',''
  ) );
#2709 = ORIENTED_EDGE('',*,*,#802,.F.);
#2710 = ORIENTED_EDGE('',*,*,#1304,.F.);
#2711 = ORIENTED_EDGE('',*,*,#2712,.T.);
#2712 = EDGE_CURVE('',#1278,#2688,#2713,.T.);
#2713 = SURFACE_CURVE('',#2714,(#2719,#2726),.PCURVE_S1.);
#2714 = CIRCLE('',#2715,34.5);
#2715 = AXIS2_PLACEMENT_3D('',#2716,#2717,#2718);
#2716 = CARTESIAN_POINT('',(-55.5,105.,402.));
#2717 = DIRECTION('',(0.,1.,0.));
#2718 = DIRECTION('',(0.,-0.,1.));
#2719 = PCURVE('',#819,#2720);
#2720 = DEFINITIONAL_REPRESENTATION('',(#2721),#2725);
#2721 = LINE('',#2722,#2723);
#2722 = CARTESIAN_POINT('',(0.,0.));
#2723 = VECTOR('',#2724,1.);
#2724 = DIRECTION('',(1.,0.));
#2725 = ( GEOMETRIC_REPRESENTATION_CONTEXT(2) 
PARAMETRIC_REPRESENTATION_CONTEXT() REPRESENTATION_CONTEXT('2D SPACE',''
  ) );
#2726 = PCURVE('',#1292,#2727);
#2727 = DEFINITIONAL_REPRESENTATION('',(#2728),#2732);
#2728 = CIRCLE('',#2729,34.5);
#2729 = AXIS2_PLACEMENT_2D('',#2730,#2731);
#2730 = CARTESIAN_POINT('',(0.,0.));
#2731 = DIRECTION('',(1.,0.));
#2732 = ( GEOMETRIC_REPRESENTATION_CONTEXT(2) 
PARAMETRIC_REPRESENTATION_CONTEXT() REPRESENTATION_CONTEXT('2D SPACE',''
  ) );
#2733 = ADVANCED_FACE('',(#2734),#847,.T.);
#2734 = FACE_BOUND('',#2735,.T.);
#2735 = EDGE_LOOP('',(#2736,#2737,#2760,#2780));
#2736 = ORIENTED_EDGE('',*,*,#2687,.F.);
#2737 = ORIENTED_EDGE('',*,*,#2738,.T.);
#2738 = EDGE_CURVE('',#2688,#2739,#2741,.T.);
#2739 = VERTEX_POINT('',#2740);
#2740 = CARTESIAN_POINT('',(55.,105.,436.5));
#2741 = SURFACE_CURVE('',#2742,(#2746,#2753),.PCURVE_S1.);
#2742 = LINE('',#2743,#2744);
#2743 = CARTESIAN_POINT('',(-55.5,105.,436.5));
#2744 = VECTOR('',#2745,1.);
#2745 = DIRECTION('',(1.,0.,-0.));
#2746 = PCURVE('',#847,#2747);
#2747 = DEFINITIONAL_REPRESENTATION('',(#2748),#2752);
#2748 = LINE('',#2749,#2750);
#2749 = CARTESIAN_POINT('',(0.,0.));
#2750 = VECTOR('',#2751,1.);
#2751 = DIRECTION('',(1.,0.));
#2752 = ( GEOMETRIC_REPRESENTATION_CONTEXT(2) 
PARAMETRIC_REPRESENTATION_CONTEXT() REPRESENTATION_CONTEXT('2D SPACE',''
  ) );
#2753 = PCURVE('',#1292,#2754);
#2754 = DEFINITIONAL_REPRESENTATION('',(#2755),#2759);
#2755 = LINE('',#2756,#2757);
#2756 = CARTESIAN_POINT('',(34.5,0.));
#2757 = VECTOR('',#2758,1.);
#2758 = DIRECTION('',(0.,1.));
#2759 = ( GEOMETRIC_REPRESENTATION_CONTEXT(2) 
PARAMETRIC_REPRESENTATION_CONTEXT() REPRESENTATION_CONTEXT('2D SPACE',''
  ) );
#2760 = ORIENTED_EDGE('',*,*,#2761,.T.);
#2761 = EDGE_CURVE('',#2739,#832,#2762,.T.);
#2762 = SURFACE_CURVE('',#2763,(#2767,#2774),.PCURVE_S1.);
#2763 = LINE('',#2764,#2765);
#2764 = CARTESIAN_POINT('',(55.,105.,436.5));
#2765 = VECTOR('',#2766,1.);
#2766 = DIRECTION('',(-0.,1.,0.));
#2767 = PCURVE('',#847,#2768);
#2768 = DEFINITIONAL_REPRESENTATION('',(#2769),#2773);
#2769 = LINE('',#2770,#2771);
#2770 = CARTESIAN_POINT('',(110.5,0.));
#2771 = VECTOR('',#2772,1.);
#2772 = DIRECTION('',(0.,1.));
#2773 = ( GEOMETRIC_REPRESENTATION_CONTEXT(2) 
PARAMETRIC_REPRESENTATION_CONTEXT() REPRESENTATION_CONTEXT('2D SPACE',''
  ) );
#2774 = PCURVE('',#876,#2775);
#2775 = DEFINITIONAL_REPRESENTATION('',(#2776),#2779);
#2776 = B_SPLINE_CURVE_WITH_KNOTS('',1,(#2777,#2778),.UNSPECIFIED.,.F.,
  .F.,(2,2),(0.,24.),.PIECEWISE_BEZIER_KNOTS.);
#2777 = CARTESIAN_POINT('',(0.,0.));
#2778 = CARTESIAN_POINT('',(0.,24.));
#2779 = ( GEOMETRIC_REPRESENTATION_CONTEXT(2) 
PARAMETRIC_REPRESENTATION_CONTEXT() REPRESENTATION_CONTEXT('2D SPACE',''
  ) );
#2780 = ORIENTED_EDGE('',*,*,#831,.F.);
#2781 = ADVANCED_FACE('',(#2782,#2845,#2876),#1130,.T.);
#2782 = FACE_BOUND('',#2783,.T.);
#2783 = EDGE_LOOP('',(#2784,#2785,#2807,#2827,#2828,#2829,#2830,#2831,
    #2832,#2833,#2834,#2835,#2836,#2837,#2838,#2839,#2840,#2841,#2842,
    #2843,#2844));
#2784 = ORIENTED_EDGE('',*,*,#1114,.F.);
#2785 = ORIENTED_EDGE('',*,*,#2786,.F.);
#2786 = EDGE_CURVE('',#2787,#1086,#2789,.T.);
#2787 = VERTEX_POINT('',#2788);
#2788 = CARTESIAN_POINT('',(-81.,105.,402.));
#2789 = SURFACE_CURVE('',#2790,(#2794,#2801),.PCURVE_S1.);
#2790 = LINE('',#2791,#2792);
#2791 = CARTESIAN_POINT('',(-81.,104.,402.));
#2792 = VECTOR('',#2793,1.);
#2793 = DIRECTION('',(0.,1.,0.));
#2794 = PCURVE('',#1130,#2795);
#2795 = DEFINITIONAL_REPRESENTATION('',(#2796),#2800);
#2796 = LINE('',#2797,#2798);
#2797 = CARTESIAN_POINT('',(67.,-38.));
#2798 = VECTOR('',#2799,1.);
#2799 = DIRECTION('',(0.,-1.));
#2800 = ( GEOMETRIC_REPRESENTATION_CONTEXT(2) 
PARAMETRIC_REPRESENTATION_CONTEXT() REPRESENTATION_CONTEXT('2D SPACE',''
  ) );
#2801 = PCURVE('',#1102,#2802);
#2802 = DEFINITIONAL_REPRESENTATION('',(#2803),#2806);
#2803 = B_SPLINE_CURVE_WITH_KNOTS('',1,(#2804,#2805),.UNSPECIFIED.,.F.,
  .F.,(2,2),(0.9999994,25.0000006),.PIECEWISE_BEZIER_KNOTS.);
#2804 = CARTESIAN_POINT('',(4.712388980385,0.9999994));
#2805 = CARTESIAN_POINT('',(4.712388980385,25.0000006));
#2806 = ( GEOMETRIC_REPRESENTATION_CONTEXT(2) 
PARAMETRIC_REPRESENTATION_CONTEXT() REPRESENTATION_CONTEXT('2D SPACE',''
  ) );
#2807 = ORIENTED_EDGE('',*,*,#2808,.T.);
#2808 = EDGE_CURVE('',#2787,#1255,#2809,.T.);
#2809 = SURFACE_CURVE('',#2810,(#2814,#2820),.PCURVE_S1.);
#2810 = LINE('',#2811,#2812);
#2811 = CARTESIAN_POINT('',(-81.,105.,368.5));
#2812 = VECTOR('',#2813,1.);
#2813 = DIRECTION('',(0.,-0.,1.));
#2814 = PCURVE('',#1130,#2815);
#2815 = DEFINITIONAL_REPRESENTATION('',(#2816),#2819);
#2816 = B_SPLINE_CURVE_WITH_KNOTS('',1,(#2817,#2818),.UNSPECIFIED.,.F.,
  .F.,(2,2),(33.5,36.5),.PIECEWISE_BEZIER_KNOTS.);
#2817 = CARTESIAN_POINT('',(67.,-39.));
#2818 = CARTESIAN_POINT('',(70.,-39.));
#2819 = ( GEOMETRIC_REPRESENTATION_CONTEXT(2) 
PARAMETRIC_REPRESENTATION_CONTEXT() REPRESENTATION_CONTEXT('2D SPACE',''
  ) );
#2820 = PCURVE('',#1292,#2821);
#2821 = DEFINITIONAL_REPRESENTATION('',(#2822),#2826);
#2822 = LINE('',#2823,#2824);
#2823 = CARTESIAN_POINT('',(-33.5,-25.5));
#2824 = VECTOR('',#2825,1.);
#2825 = DIRECTION('',(1.,0.));
#2826 = ( GEOMETRIC_REPRESENTATION_CONTEXT(2) 
PARAMETRIC_REPRESENTATION_CONTEXT() REPRESENTATION_CONTEXT('2D SPACE',''
  ) );
#2827 = ORIENTED_EDGE('',*,*,#1254,.F.);
#2828 = ORIENTED_EDGE('',*,*,#1351,.F.);
#2829 = ORIENTED_EDGE('',*,*,#1426,.T.);
#2830 = ORIENTED_EDGE('',*,*,#1520,.F.);
#2831 = ORIENTED_EDGE('',*,*,#1620,.T.);
#2832 = ORIENTED_EDGE('',*,*,#1737,.T.);
#2833 = ORIENTED_EDGE('',*,*,#1808,.T.);
#2834 = ORIENTED_EDGE('',*,*,#1928,.F.);
#2835 = ORIENTED_EDGE('',*,*,#2025,.F.);
#2836 = ORIENTED_EDGE('',*,*,#2101,.F.);
#2837 = ORIENTED_EDGE('',*,*,#2052,.F.);
#2838 = ORIENTED_EDGE('',*,*,#1954,.F.);
#2839 = ORIENTED_EDGE('',*,*,#1856,.F.);
#2840 = ORIENTED_EDGE('',*,*,#1760,.F.);
#2841 = ORIENTED_EDGE('',*,*,#1666,.F.);
#2842 = ORIENTED_EDGE('',*,*,#1570,.F.);
#2843 = ORIENTED_EDGE('',*,*,#1472,.F.);
#2844 = ORIENTED_EDGE('',*,*,#1376,.F.);
#2845 = FACE_BOUND('',#2846,.T.);
#2846 = EDGE_LOOP('',(#2847));
#2847 = ORIENTED_EDGE('',*,*,#2848,.F.);
#2848 = EDGE_CURVE('',#2849,#2849,#2851,.T.);
#2849 = VERTEX_POINT('',#2850);
#2850 = CARTESIAN_POINT('',(-81.,88.,295.1));
#2851 = SURFACE_CURVE('',#2852,(#2857,#2864),.PCURVE_S1.);
#2852 = CIRCLE('',#2853,6.);
#2853 = AXIS2_PLACEMENT_3D('',#2854,#2855,#2856);
#2854 = CARTESIAN_POINT('',(-81.,88.,289.1));
#2855 = DIRECTION('',(1.,0.,0.));
#2856 = DIRECTION('',(-0.,0.,1.));
#2857 = PCURVE('',#1130,#2858);
#2858 = DEFINITIONAL_REPRESENTATION('',(#2859),#2863);
#2859 = CIRCLE('',#2860,6.);
#2860 = AXIS2_PLACEMENT_2D('',#2861,#2862);
#2861 = CARTESIAN_POINT('',(-45.9,-22.));
#2862 = DIRECTION('',(1.,0.));
#2863 = ( GEOMETRIC_REPRESENTATION_CONTEXT(2) 
PARAMETRIC_REPRESENTATION_CONTEXT() REPRESENTATION_CONTEXT('2D SPACE',''
  ) );
#2864 = PCURVE('',#2865,#2870);
#2865 = CYLINDRICAL_SURFACE('',#2866,6.);
#2866 = AXIS2_PLACEMENT_3D('',#2867,#2868,#2869);
#2867 = CARTESIAN_POINT('',(-81.5,88.,289.1));
#2868 = DIRECTION('',(1.,0.,0.));
#2869 = DIRECTION('',(-0.,0.,1.));
#2870 = DEFINITIONAL_REPRESENTATION('',(#2871),#2875);
#2871 = LINE('',#2872,#2873);
#2872 = CARTESIAN_POINT('',(0.,0.5));
#2873 = VECTOR('',#2874,1.);
#2874 = DIRECTION('',(1.,0.));
#2875 = ( GEOMETRIC_REPRESENTATION_CONTEXT(2) 
PARAMETRIC_REPRESENTATION_CONTEXT() REPRESENTATION_CONTEXT('2D SPACE',''
  ) );
#2876 = FACE_BOUND('',#2877,.T.);
#2877 = EDGE_LOOP('',(#2878,#2909,#2935));
#2878 = ORIENTED_EDGE('',*,*,#2879,.F.);
#2879 = EDGE_CURVE('',#2880,#2882,#2884,.T.);
#2880 = VERTEX_POINT('',#2881);
#2881 = CARTESIAN_POINT('',(-81.,79.949747468306,394.0497474683));
#2882 = VERTEX_POINT('',#2883);
#2883 = CARTESIAN_POINT('',(-81.,79.949747468306,384.15025253169));
#2884 = SURFACE_CURVE('',#2885,(#2890,#2897),.PCURVE_S1.);
#2885 = CIRCLE('',#2886,7.);
#2886 = AXIS2_PLACEMENT_3D('',#2887,#2888,#2889);
#2887 = CARTESIAN_POINT('',(-81.,75.,389.1));
#2888 = DIRECTION('',(1.,0.,0.));
#2889 = DIRECTION('',(-0.,0.,1.));
#2890 = PCURVE('',#1130,#2891);
#2891 = DEFINITIONAL_REPRESENTATION('',(#2892),#2896);
#2892 = CIRCLE('',#2893,7.);
#2893 = AXIS2_PLACEMENT_2D('',#2894,#2895);
#2894 = CARTESIAN_POINT('',(54.1,-9.));
#2895 = DIRECTION('',(1.,0.));
#2896 = ( GEOMETRIC_REPRESENTATION_CONTEXT(2) 
PARAMETRIC_REPRESENTATION_CONTEXT() REPRESENTATION_CONTEXT('2D SPACE',''
  ) );
#2897 = PCURVE('',#2898,#2903);
#2898 = CYLINDRICAL_SURFACE('',#2899,7.);
#2899 = AXIS2_PLACEMENT_3D('',#2900,#2901,#2902);
#2900 = CARTESIAN_POINT('',(-81.5,75.,389.1));
#2901 = DIRECTION('',(1.,0.,0.));
#2902 = DIRECTION('',(-0.,0.,1.));
#2903 = DEFINITIONAL_REPRESENTATION('',(#2904),#2908);
#2904 = LINE('',#2905,#2906);
#2905 = CARTESIAN_POINT('',(1.7763568394E-15,0.5));
#2906 = VECTOR('',#2907,1.);
#2907 = DIRECTION('',(1.,0.));
#2908 = ( GEOMETRIC_REPRESENTATION_CONTEXT(2) 
PARAMETRIC_REPRESENTATION_CONTEXT() REPRESENTATION_CONTEXT('2D SPACE',''
  ) );
#2909 = ORIENTED_EDGE('',*,*,#2910,.T.);
#2910 = EDGE_CURVE('',#2880,#2911,#2913,.T.);
#2911 = VERTEX_POINT('',#2912);
#2912 = CARTESIAN_POINT('',(-81.,84.899494936612,389.1));
#2913 = SURFACE_CURVE('',#2914,(#2918,#2924),.PCURVE_S1.);
#2914 = LINE('',#2915,#2916);
#2915 = CARTESIAN_POINT('',(-81.,93.699621202459,380.29987373415));
#2916 = VECTOR('',#2917,1.);
#2917 = DIRECTION('',(-0.,0.707106781187,-0.707106781187));
#2918 = PCURVE('',#1130,#2919);
#2919 = DEFINITIONAL_REPRESENTATION('',(#2920),#2923);
#2920 = B_SPLINE_CURVE_WITH_KNOTS('',1,(#2921,#2922),.UNSPECIFIED.,.F.,
  .F.,(2,2),(-19.44525791575,-12.44525791575),.PIECEWISE_BEZIER_KNOTS.);
#2921 = CARTESIAN_POINT('',(59.049747468306,-13.9497474683));
#2922 = CARTESIAN_POINT('',(54.1,-18.89949493661));
#2923 = ( GEOMETRIC_REPRESENTATION_CONTEXT(2) 
PARAMETRIC_REPRESENTATION_CONTEXT() REPRESENTATION_CONTEXT('2D SPACE',''
  ) );
#2924 = PCURVE('',#2925,#2930);
#2925 = PLANE('',#2926);
#2926 = AXIS2_PLACEMENT_3D('',#2927,#2928,#2929);
#2927 = CARTESIAN_POINT('',(-81.5,84.899494936612,389.1));
#2928 = DIRECTION('',(0.,-0.707106781187,-0.707106781187));
#2929 = DIRECTION('',(0.,-0.707106781187,0.707106781187));
#2930 = DEFINITIONAL_REPRESENTATION('',(#2931),#2934);
#2931 = B_SPLINE_CURVE_WITH_KNOTS('',1,(#2932,#2933),.UNSPECIFIED.,.F.,
  .F.,(2,2),(-19.44525791575,-12.44525791575),.PIECEWISE_BEZIER_KNOTS.);
#2932 = CARTESIAN_POINT('',(7.,-0.5));
#2933 = CARTESIAN_POINT('',(0.,-0.5));
#2934 = ( GEOMETRIC_REPRESENTATION_CONTEXT(2) 
PARAMETRIC_REPRESENTATION_CONTEXT() REPRESENTATION_CONTEXT('2D SPACE',''
  ) );
#2935 = ORIENTED_EDGE('',*,*,#2936,.T.);
#2936 = EDGE_CURVE('',#2911,#2882,#2937,.T.);
#2937 = SURFACE_CURVE('',#2938,(#2942,#2948),.PCURVE_S1.);
#2938 = LINE('',#2939,#2940);
#2939 = CARTESIAN_POINT('',(-81.,64.174747468306,368.37525253169));
#2940 = VECTOR('',#2941,1.);
#2941 = DIRECTION('',(0.,-0.707106781187,-0.707106781187));
#2942 = PCURVE('',#1130,#2943);
#2943 = DEFINITIONAL_REPRESENTATION('',(#2944),#2947);
#2944 = B_SPLINE_CURVE_WITH_KNOTS('',1,(#2945,#2946),.UNSPECIFIED.,.F.,
  .F.,(2,2),(-29.30921894643,-22.30921894643),.PIECEWISE_BEZIER_KNOTS.);
#2945 = CARTESIAN_POINT('',(54.1,-18.89949493661));
#2946 = CARTESIAN_POINT('',(49.150252531694,-13.9497474683));
#2947 = ( GEOMETRIC_REPRESENTATION_CONTEXT(2) 
PARAMETRIC_REPRESENTATION_CONTEXT() REPRESENTATION_CONTEXT('2D SPACE',''
  ) );
#2948 = PCURVE('',#2949,#2954);
#2949 = PLANE('',#2950);
#2950 = AXIS2_PLACEMENT_3D('',#2951,#2952,#2953);
#2951 = CARTESIAN_POINT('',(-81.5,79.949747468306,384.15025253169));
#2952 = DIRECTION('',(0.,-0.707106781187,0.707106781187));
#2953 = DIRECTION('',(0.,0.707106781187,0.707106781187));
#2954 = DEFINITIONAL_REPRESENTATION('',(#2955),#2958);
#2955 = B_SPLINE_CURVE_WITH_KNOTS('',1,(#2956,#2957),.UNSPECIFIED.,.F.,
  .F.,(2,2),(-29.30921894643,-22.30921894643),.PIECEWISE_BEZIER_KNOTS.);
#2956 = CARTESIAN_POINT('',(7.,-0.5));
#2957 = CARTESIAN_POINT('',(0.,-0.5));
#2958 = ( GEOMETRIC_REPRESENTATION_CONTEXT(2) 
PARAMETRIC_REPRESENTATION_CONTEXT() REPRESENTATION_CONTEXT('2D SPACE',''
  ) );
#2959 = ADVANCED_FACE('',(#2960),#876,.T.);
#2960 = FACE_BOUND('',#2961,.T.);
#2961 = EDGE_LOOP('',(#2962,#2963,#2964,#2988));
#2962 = ORIENTED_EDGE('',*,*,#859,.F.);
#2963 = ORIENTED_EDGE('',*,*,#2761,.F.);
#2964 = ORIENTED_EDGE('',*,*,#2965,.T.);
#2965 = EDGE_CURVE('',#2739,#2966,#2968,.T.);
#2966 = VERTEX_POINT('',#2967);
#2967 = CARTESIAN_POINT('',(89.5,105.,402.));
#2968 = SURFACE_CURVE('',#2969,(#2974,#2981),.PCURVE_S1.);
#2969 = CIRCLE('',#2970,34.5);
#2970 = AXIS2_PLACEMENT_3D('',#2971,#2972,#2973);
#2971 = CARTESIAN_POINT('',(55.,105.,402.));
#2972 = DIRECTION('',(0.,1.,0.));
#2973 = DIRECTION('',(0.,-0.,1.));
#2974 = PCURVE('',#876,#2975);
#2975 = DEFINITIONAL_REPRESENTATION('',(#2976),#2980);
#2976 = LINE('',#2977,#2978);
#2977 = CARTESIAN_POINT('',(0.,0.));
#2978 = VECTOR('',#2979,1.);
#2979 = DIRECTION('',(1.,0.));
#2980 = ( GEOMETRIC_REPRESENTATION_CONTEXT(2) 
PARAMETRIC_REPRESENTATION_CONTEXT() REPRESENTATION_CONTEXT('2D SPACE',''
  ) );
#2981 = PCURVE('',#1292,#2982);
#2982 = DEFINITIONAL_REPRESENTATION('',(#2983),#2987);
#2983 = CIRCLE('',#2984,34.5);
#2984 = AXIS2_PLACEMENT_2D('',#2985,#2986);
#2985 = CARTESIAN_POINT('',(0.,110.5));
#2986 = DIRECTION('',(1.,0.));
#2987 = ( GEOMETRIC_REPRESENTATION_CONTEXT(2) 
PARAMETRIC_REPRESENTATION_CONTEXT() REPRESENTATION_CONTEXT('2D SPACE',''
  ) );
#2988 = ORIENTED_EDGE('',*,*,#2989,.T.);
#2989 = EDGE_CURVE('',#2966,#860,#2990,.T.);
#2990 = SURFACE_CURVE('',#2991,(#2995,#3001),.PCURVE_S1.);
#2991 = LINE('',#2992,#2993);
#2992 = CARTESIAN_POINT('',(89.5,105.,402.));
#2993 = VECTOR('',#2994,1.);
#2994 = DIRECTION('',(0.,1.,0.));
#2995 = PCURVE('',#876,#2996);
#2996 = DEFINITIONAL_REPRESENTATION('',(#2997),#3000);
#2997 = B_SPLINE_CURVE_WITH_KNOTS('',1,(#2998,#2999),.UNSPECIFIED.,.F.,
  .F.,(2,2),(-6.000000070117E-07,24.0000006),.PIECEWISE_BEZIER_KNOTS.);
#2998 = CARTESIAN_POINT('',(1.570796326795,-6.000000070117E-07));
#2999 = CARTESIAN_POINT('',(1.570796326795,24.0000006));
#3000 = ( GEOMETRIC_REPRESENTATION_CONTEXT(2) 
PARAMETRIC_REPRESENTATION_CONTEXT() REPRESENTATION_CONTEXT('2D SPACE',''
  ) );
#3001 = PCURVE('',#904,#3002);
#3002 = DEFINITIONAL_REPRESENTATION('',(#3003),#3007);
#3003 = LINE('',#3004,#3005);
#3004 = CARTESIAN_POINT('',(64.,0.));
#3005 = VECTOR('',#3006,1.);
#3006 = DIRECTION('',(0.,-1.));
#3007 = ( GEOMETRIC_REPRESENTATION_CONTEXT(2) 
PARAMETRIC_REPRESENTATION_CONTEXT() REPRESENTATION_CONTEXT('2D SPACE',''
  ) );
#3008 = ADVANCED_FACE('',(#3009),#1102,.F.);
#3009 = FACE_BOUND('',#3010,.F.);
#3010 = EDGE_LOOP('',(#3011,#3034,#3035,#3036));
#3011 = ORIENTED_EDGE('',*,*,#3012,.T.);
#3012 = EDGE_CURVE('',#3013,#1058,#3015,.T.);
#3013 = VERTEX_POINT('',#3014);
#3014 = CARTESIAN_POINT('',(-55.5,105.,427.5));
#3015 = SURFACE_CURVE('',#3016,(#3020,#3027),.PCURVE_S1.);
#3016 = LINE('',#3017,#3018);
#3017 = CARTESIAN_POINT('',(-55.5,104.,427.5));
#3018 = VECTOR('',#3019,1.);
#3019 = DIRECTION('',(0.,1.,0.));
#3020 = PCURVE('',#1102,#3021);
#3021 = DEFINITIONAL_REPRESENTATION('',(#3022),#3026);
#3022 = LINE('',#3023,#3024);
#3023 = CARTESIAN_POINT('',(6.28318530718,-0.));
#3024 = VECTOR('',#3025,1.);
#3025 = DIRECTION('',(0.,1.));
#3026 = ( GEOMETRIC_REPRESENTATION_CONTEXT(2) 
PARAMETRIC_REPRESENTATION_CONTEXT() REPRESENTATION_CONTEXT('2D SPACE',''
  ) );
#3027 = PCURVE('',#1073,#3028);
#3028 = DEFINITIONAL_REPRESENTATION('',(#3029),#3033);
#3029 = LINE('',#3030,#3031);
#3030 = CARTESIAN_POINT('',(-7.105427357601E-15,-1.));
#3031 = VECTOR('',#3032,1.);
#3032 = DIRECTION('',(0.,1.));
#3033 = ( GEOMETRIC_REPRESENTATION_CONTEXT(2) 
PARAMETRIC_REPRESENTATION_CONTEXT() REPRESENTATION_CONTEXT('2D SPACE',''
  ) );
#3034 = ORIENTED_EDGE('',*,*,#1085,.F.);
#3035 = ORIENTED_EDGE('',*,*,#2786,.F.);
#3036 = ORIENTED_EDGE('',*,*,#3037,.T.);
#3037 = EDGE_CURVE('',#2787,#3013,#3038,.T.);
#3038 = SURFACE_CURVE('',#3039,(#3044,#3051),.PCURVE_S1.);
#3039 = CIRCLE('',#3040,25.5);
#3040 = AXIS2_PLACEMENT_3D('',#3041,#3042,#3043);
#3041 = CARTESIAN_POINT('',(-55.5,105.,402.));
#3042 = DIRECTION('',(0.,1.,0.));
#3043 = DIRECTION('',(0.,-0.,1.));
#3044 = PCURVE('',#1102,#3045);
#3045 = DEFINITIONAL_REPRESENTATION('',(#3046),#3050);
#3046 = LINE('',#3047,#3048);
#3047 = CARTESIAN_POINT('',(0.,1.));
#3048 = VECTOR('',#3049,1.);
#3049 = DIRECTION('',(1.,0.));
#3050 = ( GEOMETRIC_REPRESENTATION_CONTEXT(2) 
PARAMETRIC_REPRESENTATION_CONTEXT() REPRESENTATION_CONTEXT('2D SPACE',''
  ) );
#3051 = PCURVE('',#1292,#3052);
#3052 = DEFINITIONAL_REPRESENTATION('',(#3053),#3057);
#3053 = CIRCLE('',#3054,25.5);
#3054 = AXIS2_PLACEMENT_2D('',#3055,#3056);
#3055 = CARTESIAN_POINT('',(0.,0.));
#3056 = DIRECTION('',(1.,0.));
#3057 = ( GEOMETRIC_REPRESENTATION_CONTEXT(2) 
PARAMETRIC_REPRESENTATION_CONTEXT() REPRESENTATION_CONTEXT('2D SPACE',''
  ) );
#3058 = ADVANCED_FACE('',(#3059),#904,.T.);
#3059 = FACE_BOUND('',#3060,.T.);
#3060 = EDGE_LOOP('',(#3061,#3084,#3103,#3104));
#3061 = ORIENTED_EDGE('',*,*,#3062,.F.);
#3062 = EDGE_CURVE('',#3063,#2966,#3065,.T.);
#3063 = VERTEX_POINT('',#3064);
#3064 = CARTESIAN_POINT('',(89.5,105.,362.));
#3065 = SURFACE_CURVE('',#3066,(#3070,#3077),.PCURVE_S1.);
#3066 = LINE('',#3067,#3068);
#3067 = CARTESIAN_POINT('',(89.5,105.,338.));
#3068 = VECTOR('',#3069,1.);
#3069 = DIRECTION('',(0.,0.,1.));
#3070 = PCURVE('',#904,#3071);
#3071 = DEFINITIONAL_REPRESENTATION('',(#3072),#3076);
#3072 = LINE('',#3073,#3074);
#3073 = CARTESIAN_POINT('',(0.,0.));
#3074 = VECTOR('',#3075,1.);
#3075 = DIRECTION('',(1.,0.));
#3076 = ( GEOMETRIC_REPRESENTATION_CONTEXT(2) 
PARAMETRIC_REPRESENTATION_CONTEXT() REPRESENTATION_CONTEXT('2D SPACE',''
  ) );
#3077 = PCURVE('',#1292,#3078);
#3078 = DEFINITIONAL_REPRESENTATION('',(#3079),#3083);
#3079 = LINE('',#3080,#3081);
#3080 = CARTESIAN_POINT('',(-64.,145.));
#3081 = VECTOR('',#3082,1.);
#3082 = DIRECTION('',(1.,0.));
#3083 = ( GEOMETRIC_REPRESENTATION_CONTEXT(2) 
PARAMETRIC_REPRESENTATION_CONTEXT() REPRESENTATION_CONTEXT('2D SPACE',''
  ) );
#3084 = ORIENTED_EDGE('',*,*,#3085,.F.);
#3085 = EDGE_CURVE('',#889,#3063,#3086,.T.);
#3086 = SURFACE_CURVE('',#3087,(#3091,#3097),.PCURVE_S1.);
#3087 = LINE('',#3088,#3089);
#3088 = CARTESIAN_POINT('',(89.5,105.,362.));
#3089 = VECTOR('',#3090,1.);
#3090 = DIRECTION('',(0.,-1.,0.));
#3091 = PCURVE('',#904,#3092);
#3092 = DEFINITIONAL_REPRESENTATION('',(#3093),#3096);
#3093 = B_SPLINE_CURVE_WITH_KNOTS('',1,(#3094,#3095),.UNSPECIFIED.,.F.,
  .F.,(2,2),(-24.,0.),.PIECEWISE_BEZIER_KNOTS.);
#3094 = CARTESIAN_POINT('',(24.,-24.));
#3095 = CARTESIAN_POINT('',(24.,0.));
#3096 = ( GEOMETRIC_REPRESENTATION_CONTEXT(2) 
PARAMETRIC_REPRESENTATION_CONTEXT() REPRESENTATION_CONTEXT('2D SPACE',''
  ) );
#3097 = PCURVE('',#932,#3098);
#3098 = DEFINITIONAL_REPRESENTATION('',(#3099),#3102);
#3099 = B_SPLINE_CURVE_WITH_KNOTS('',1,(#3100,#3101),.UNSPECIFIED.,.F.,
  .F.,(2,2),(-24.,0.),.PIECEWISE_BEZIER_KNOTS.);
#3100 = CARTESIAN_POINT('',(9.,24.));
#3101 = CARTESIAN_POINT('',(9.,0.));
#3102 = ( GEOMETRIC_REPRESENTATION_CONTEXT(2) 
PARAMETRIC_REPRESENTATION_CONTEXT() REPRESENTATION_CONTEXT('2D SPACE',''
  ) );
#3103 = ORIENTED_EDGE('',*,*,#888,.T.);
#3104 = ORIENTED_EDGE('',*,*,#2989,.F.);
#3105 = ADVANCED_FACE('',(#3106),#1073,.F.);
#3106 = FACE_BOUND('',#3107,.F.);
#3107 = EDGE_LOOP('',(#3108,#3109,#3132,#3152));
#3108 = ORIENTED_EDGE('',*,*,#3012,.F.);
#3109 = ORIENTED_EDGE('',*,*,#3110,.T.);
#3110 = EDGE_CURVE('',#3013,#3111,#3113,.T.);
#3111 = VERTEX_POINT('',#3112);
#3112 = CARTESIAN_POINT('',(55.,105.,427.5));
#3113 = SURFACE_CURVE('',#3114,(#3118,#3125),.PCURVE_S1.);
#3114 = LINE('',#3115,#3116);
#3115 = CARTESIAN_POINT('',(-55.5,105.,427.5));
#3116 = VECTOR('',#3117,1.);
#3117 = DIRECTION('',(1.,0.,-0.));
#3118 = PCURVE('',#1073,#3119);
#3119 = DEFINITIONAL_REPRESENTATION('',(#3120),#3124);
#3120 = LINE('',#3121,#3122);
#3121 = CARTESIAN_POINT('',(0.,0.));
#3122 = VECTOR('',#3123,1.);
#3123 = DIRECTION('',(1.,0.));
#3124 = ( GEOMETRIC_REPRESENTATION_CONTEXT(2) 
PARAMETRIC_REPRESENTATION_CONTEXT() REPRESENTATION_CONTEXT('2D SPACE',''
  ) );
#3125 = PCURVE('',#1292,#3126);
#3126 = DEFINITIONAL_REPRESENTATION('',(#3127),#3131);
#3127 = LINE('',#3128,#3129);
#3128 = CARTESIAN_POINT('',(25.5,0.));
#3129 = VECTOR('',#3130,1.);
#3130 = DIRECTION('',(0.,1.));
#3131 = ( GEOMETRIC_REPRESENTATION_CONTEXT(2) 
PARAMETRIC_REPRESENTATION_CONTEXT() REPRESENTATION_CONTEXT('2D SPACE',''
  ) );
#3132 = ORIENTED_EDGE('',*,*,#3133,.T.);
#3133 = EDGE_CURVE('',#3111,#1029,#3134,.T.);
#3134 = SURFACE_CURVE('',#3135,(#3139,#3146),.PCURVE_S1.);
#3135 = LINE('',#3136,#3137);
#3136 = CARTESIAN_POINT('',(55.,105.,427.5));
#3137 = VECTOR('',#3138,1.);
#3138 = DIRECTION('',(-0.,1.,0.));
#3139 = PCURVE('',#1073,#3140);
#3140 = DEFINITIONAL_REPRESENTATION('',(#3141),#3145);
#3141 = LINE('',#3142,#3143);
#3142 = CARTESIAN_POINT('',(110.5,0.));
#3143 = VECTOR('',#3144,1.);
#3144 = DIRECTION('',(0.,1.));
#3145 = ( GEOMETRIC_REPRESENTATION_CONTEXT(2) 
PARAMETRIC_REPRESENTATION_CONTEXT() REPRESENTATION_CONTEXT('2D SPACE',''
  ) );
#3146 = PCURVE('',#1045,#3147);
#3147 = DEFINITIONAL_REPRESENTATION('',(#3148),#3151);
#3148 = B_SPLINE_CURVE_WITH_KNOTS('',1,(#3149,#3150),.UNSPECIFIED.,.F.,
  .F.,(2,2),(0.,24.),.PIECEWISE_BEZIER_KNOTS.);
#3149 = CARTESIAN_POINT('',(0.,1.));
#3150 = CARTESIAN_POINT('',(0.,25.));
#3151 = ( GEOMETRIC_REPRESENTATION_CONTEXT(2) 
PARAMETRIC_REPRESENTATION_CONTEXT() REPRESENTATION_CONTEXT('2D SPACE',''
  ) );
#3152 = ORIENTED_EDGE('',*,*,#1057,.F.);
#3153 = ADVANCED_FACE('',(#3154),#932,.T.);
#3154 = FACE_BOUND('',#3155,.T.);
#3155 = EDGE_LOOP('',(#3156,#3157,#3158,#3181));
#3156 = ORIENTED_EDGE('',*,*,#916,.F.);
#3157 = ORIENTED_EDGE('',*,*,#3085,.T.);
#3158 = ORIENTED_EDGE('',*,*,#3159,.T.);
#3159 = EDGE_CURVE('',#3063,#3160,#3162,.T.);
#3160 = VERTEX_POINT('',#3161);
#3161 = CARTESIAN_POINT('',(121.,105.,362.));
#3162 = SURFACE_CURVE('',#3163,(#3167,#3174),.PCURVE_S1.);
#3163 = LINE('',#3164,#3165);
#3164 = CARTESIAN_POINT('',(80.5,105.,362.));
#3165 = VECTOR('',#3166,1.);
#3166 = DIRECTION('',(1.,0.,-0.));
#3167 = PCURVE('',#932,#3168);
#3168 = DEFINITIONAL_REPRESENTATION('',(#3169),#3173);
#3169 = LINE('',#3170,#3171);
#3170 = CARTESIAN_POINT('',(0.,0.));
#3171 = VECTOR('',#3172,1.);
#3172 = DIRECTION('',(1.,0.));
#3173 = ( GEOMETRIC_REPRESENTATION_CONTEXT(2) 
PARAMETRIC_REPRESENTATION_CONTEXT() REPRESENTATION_CONTEXT('2D SPACE',''
  ) );
#3174 = PCURVE('',#1292,#3175);
#3175 = DEFINITIONAL_REPRESENTATION('',(#3176),#3180);
#3176 = LINE('',#3177,#3178);
#3177 = CARTESIAN_POINT('',(-40.,136.));
#3178 = VECTOR('',#3179,1.);
#3179 = DIRECTION('',(0.,1.));
#3180 = ( GEOMETRIC_REPRESENTATION_CONTEXT(2) 
PARAMETRIC_REPRESENTATION_CONTEXT() REPRESENTATION_CONTEXT('2D SPACE',''
  ) );
#3181 = ORIENTED_EDGE('',*,*,#3182,.T.);
#3182 = EDGE_CURVE('',#3160,#917,#3183,.T.);
#3183 = SURFACE_CURVE('',#3184,(#3188,#3195),.PCURVE_S1.);
#3184 = LINE('',#3185,#3186);
#3185 = CARTESIAN_POINT('',(121.,105.,362.));
#3186 = VECTOR('',#3187,1.);
#3187 = DIRECTION('',(-0.,1.,0.));
#3188 = PCURVE('',#932,#3189);
#3189 = DEFINITIONAL_REPRESENTATION('',(#3190),#3194);
#3190 = LINE('',#3191,#3192);
#3191 = CARTESIAN_POINT('',(40.5,0.));
#3192 = VECTOR('',#3193,1.);
#3193 = DIRECTION('',(0.,1.));
#3194 = ( GEOMETRIC_REPRESENTATION_CONTEXT(2) 
PARAMETRIC_REPRESENTATION_CONTEXT() REPRESENTATION_CONTEXT('2D SPACE',''
  ) );
#3195 = PCURVE('',#960,#3196);
#3196 = DEFINITIONAL_REPRESENTATION('',(#3197),#3201);
#3197 = LINE('',#3198,#3199);
#3198 = CARTESIAN_POINT('',(24.,0.));
#3199 = VECTOR('',#3200,1.);
#3200 = DIRECTION('',(0.,-1.));
#3201 = ( GEOMETRIC_REPRESENTATION_CONTEXT(2) 
PARAMETRIC_REPRESENTATION_CONTEXT() REPRESENTATION_CONTEXT('2D SPACE',''
  ) );
#3202 = ADVANCED_FACE('',(#3203),#1045,.F.);
#3203 = FACE_BOUND('',#3204,.F.);
#3204 = EDGE_LOOP('',(#3205,#3206,#3207,#3231));
#3205 = ORIENTED_EDGE('',*,*,#1028,.F.);
#3206 = ORIENTED_EDGE('',*,*,#3133,.F.);
#3207 = ORIENTED_EDGE('',*,*,#3208,.T.);
#3208 = EDGE_CURVE('',#3111,#3209,#3211,.T.);
#3209 = VERTEX_POINT('',#3210);
#3210 = CARTESIAN_POINT('',(80.5,105.,402.));
#3211 = SURFACE_CURVE('',#3212,(#3217,#3224),.PCURVE_S1.);
#3212 = CIRCLE('',#3213,25.5);
#3213 = AXIS2_PLACEMENT_3D('',#3214,#3215,#3216);
#3214 = CARTESIAN_POINT('',(55.,105.,402.));
#3215 = DIRECTION('',(0.,1.,0.));
#3216 = DIRECTION('',(0.,-0.,1.));
#3217 = PCURVE('',#1045,#3218);
#3218 = DEFINITIONAL_REPRESENTATION('',(#3219),#3223);
#3219 = LINE('',#3220,#3221);
#3220 = CARTESIAN_POINT('',(0.,1.));
#3221 = VECTOR('',#3222,1.);
#3222 = DIRECTION('',(1.,0.));
#3223 = ( GEOMETRIC_REPRESENTATION_CONTEXT(2) 
PARAMETRIC_REPRESENTATION_CONTEXT() REPRESENTATION_CONTEXT('2D SPACE',''
  ) );
#3224 = PCURVE('',#1292,#3225);
#3225 = DEFINITIONAL_REPRESENTATION('',(#3226),#3230);
#3226 = CIRCLE('',#3227,25.5);
#3227 = AXIS2_PLACEMENT_2D('',#3228,#3229);
#3228 = CARTESIAN_POINT('',(0.,110.5));
#3229 = DIRECTION('',(1.,0.));
#3230 = ( GEOMETRIC_REPRESENTATION_CONTEXT(2) 
PARAMETRIC_REPRESENTATION_CONTEXT() REPRESENTATION_CONTEXT('2D SPACE',''
  ) );
#3231 = ORIENTED_EDGE('',*,*,#3232,.T.);
#3232 = EDGE_CURVE('',#3209,#1001,#3233,.T.);
#3233 = SURFACE_CURVE('',#3234,(#3238,#3244),.PCURVE_S1.);
#3234 = LINE('',#3235,#3236);
#3235 = CARTESIAN_POINT('',(80.5,104.,402.));
#3236 = VECTOR('',#3237,1.);
#3237 = DIRECTION('',(0.,1.,0.));
#3238 = PCURVE('',#1045,#3239);
#3239 = DEFINITIONAL_REPRESENTATION('',(#3240),#3243);
#3240 = B_SPLINE_CURVE_WITH_KNOTS('',1,(#3241,#3242),.UNSPECIFIED.,.F.,
  .F.,(2,2),(0.9999994,25.0000006),.PIECEWISE_BEZIER_KNOTS.);
#3241 = CARTESIAN_POINT('',(1.570796326795,0.9999994));
#3242 = CARTESIAN_POINT('',(1.570796326795,25.0000006));
#3243 = ( GEOMETRIC_REPRESENTATION_CONTEXT(2) 
PARAMETRIC_REPRESENTATION_CONTEXT() REPRESENTATION_CONTEXT('2D SPACE',''
  ) );
#3244 = PCURVE('',#1016,#3245);
#3245 = DEFINITIONAL_REPRESENTATION('',(#3246),#3250);
#3246 = LINE('',#3247,#3248);
#3247 = CARTESIAN_POINT('',(64.,1.));
#3248 = VECTOR('',#3249,1.);
#3249 = DIRECTION('',(0.,-1.));
#3250 = ( GEOMETRIC_REPRESENTATION_CONTEXT(2) 
PARAMETRIC_REPRESENTATION_CONTEXT() REPRESENTATION_CONTEXT('2D SPACE',''
  ) );
#3251 = ADVANCED_FACE('',(#3252),#960,.T.);
#3252 = FACE_BOUND('',#3253,.T.);
#3253 = EDGE_LOOP('',(#3254,#3277,#3298,#3299));
#3254 = ORIENTED_EDGE('',*,*,#3255,.F.);
#3255 = EDGE_CURVE('',#3256,#3160,#3258,.T.);
#3256 = VERTEX_POINT('',#3257);
#3257 = CARTESIAN_POINT('',(121.,105.,338.));
#3258 = SURFACE_CURVE('',#3259,(#3263,#3270),.PCURVE_S1.);
#3259 = LINE('',#3260,#3261);
#3260 = CARTESIAN_POINT('',(121.,105.,338.));
#3261 = VECTOR('',#3262,1.);
#3262 = DIRECTION('',(0.,0.,1.));
#3263 = PCURVE('',#960,#3264);
#3264 = DEFINITIONAL_REPRESENTATION('',(#3265),#3269);
#3265 = LINE('',#3266,#3267);
#3266 = CARTESIAN_POINT('',(0.,0.));
#3267 = VECTOR('',#3268,1.);
#3268 = DIRECTION('',(1.,0.));
#3269 = ( GEOMETRIC_REPRESENTATION_CONTEXT(2) 
PARAMETRIC_REPRESENTATION_CONTEXT() REPRESENTATION_CONTEXT('2D SPACE',''
  ) );
#3270 = PCURVE('',#1292,#3271);
#3271 = DEFINITIONAL_REPRESENTATION('',(#3272),#3276);
#3272 = LINE('',#3273,#3274);
#3273 = CARTESIAN_POINT('',(-64.,176.5));
#3274 = VECTOR('',#3275,1.);
#3275 = DIRECTION('',(1.,0.));
#3276 = ( GEOMETRIC_REPRESENTATION_CONTEXT(2) 
PARAMETRIC_REPRESENTATION_CONTEXT() REPRESENTATION_CONTEXT('2D SPACE',''
  ) );
#3277 = ORIENTED_EDGE('',*,*,#3278,.T.);
#3278 = EDGE_CURVE('',#3256,#945,#3279,.T.);
#3279 = SURFACE_CURVE('',#3280,(#3284,#3291),.PCURVE_S1.);
#3280 = LINE('',#3281,#3282);
#3281 = CARTESIAN_POINT('',(121.,105.,338.));
#3282 = VECTOR('',#3283,1.);
#3283 = DIRECTION('',(-0.,1.,0.));
#3284 = PCURVE('',#960,#3285);
#3285 = DEFINITIONAL_REPRESENTATION('',(#3286),#3290);
#3286 = LINE('',#3287,#3288);
#3287 = CARTESIAN_POINT('',(0.,0.));
#3288 = VECTOR('',#3289,1.);
#3289 = DIRECTION('',(0.,-1.));
#3290 = ( GEOMETRIC_REPRESENTATION_CONTEXT(2) 
PARAMETRIC_REPRESENTATION_CONTEXT() REPRESENTATION_CONTEXT('2D SPACE',''
  ) );
#3291 = PCURVE('',#988,#3292);
#3292 = DEFINITIONAL_REPRESENTATION('',(#3293),#3297);
#3293 = LINE('',#3294,#3295);
#3294 = CARTESIAN_POINT('',(40.5,0.));
#3295 = VECTOR('',#3296,1.);
#3296 = DIRECTION('',(0.,1.));
#3297 = ( GEOMETRIC_REPRESENTATION_CONTEXT(2) 
PARAMETRIC_REPRESENTATION_CONTEXT() REPRESENTATION_CONTEXT('2D SPACE',''
  ) );
#3298 = ORIENTED_EDGE('',*,*,#944,.T.);
#3299 = ORIENTED_EDGE('',*,*,#3182,.F.);
#3300 = ADVANCED_FACE('',(#3301),#1016,.F.);
#3301 = FACE_BOUND('',#3302,.F.);
#3302 = EDGE_LOOP('',(#3303,#3326,#3347,#3348));
#3303 = ORIENTED_EDGE('',*,*,#3304,.F.);
#3304 = EDGE_CURVE('',#3305,#3209,#3307,.T.);
#3305 = VERTEX_POINT('',#3306);
#3306 = CARTESIAN_POINT('',(80.5,105.,338.));
#3307 = SURFACE_CURVE('',#3308,(#3312,#3319),.PCURVE_S1.);
#3308 = LINE('',#3309,#3310);
#3309 = CARTESIAN_POINT('',(80.5,105.,338.));
#3310 = VECTOR('',#3311,1.);
#3311 = DIRECTION('',(0.,0.,1.));
#3312 = PCURVE('',#1016,#3313);
#3313 = DEFINITIONAL_REPRESENTATION('',(#3314),#3318);
#3314 = LINE('',#3315,#3316);
#3315 = CARTESIAN_POINT('',(0.,0.));
#3316 = VECTOR('',#3317,1.);
#3317 = DIRECTION('',(1.,0.));
#3318 = ( GEOMETRIC_REPRESENTATION_CONTEXT(2) 
PARAMETRIC_REPRESENTATION_CONTEXT() REPRESENTATION_CONTEXT('2D SPACE',''
  ) );
#3319 = PCURVE('',#1292,#3320);
#3320 = DEFINITIONAL_REPRESENTATION('',(#3321),#3325);
#3321 = LINE('',#3322,#3323);
#3322 = CARTESIAN_POINT('',(-64.,136.));
#3323 = VECTOR('',#3324,1.);
#3324 = DIRECTION('',(1.,0.));
#3325 = ( GEOMETRIC_REPRESENTATION_CONTEXT(2) 
PARAMETRIC_REPRESENTATION_CONTEXT() REPRESENTATION_CONTEXT('2D SPACE',''
  ) );
#3326 = ORIENTED_EDGE('',*,*,#3327,.T.);
#3327 = EDGE_CURVE('',#3305,#973,#3328,.T.);
#3328 = SURFACE_CURVE('',#3329,(#3333,#3340),.PCURVE_S1.);
#3329 = LINE('',#3330,#3331);
#3330 = CARTESIAN_POINT('',(80.5,105.,338.));
#3331 = VECTOR('',#3332,1.);
#3332 = DIRECTION('',(-0.,1.,0.));
#3333 = PCURVE('',#1016,#3334);
#3334 = DEFINITIONAL_REPRESENTATION('',(#3335),#3339);
#3335 = LINE('',#3336,#3337);
#3336 = CARTESIAN_POINT('',(0.,0.));
#3337 = VECTOR('',#3338,1.);
#3338 = DIRECTION('',(0.,-1.));
#3339 = ( GEOMETRIC_REPRESENTATION_CONTEXT(2) 
PARAMETRIC_REPRESENTATION_CONTEXT() REPRESENTATION_CONTEXT('2D SPACE',''
  ) );
#3340 = PCURVE('',#988,#3341);
#3341 = DEFINITIONAL_REPRESENTATION('',(#3342),#3346);
#3342 = LINE('',#3343,#3344);
#3343 = CARTESIAN_POINT('',(0.,0.));
#3344 = VECTOR('',#3345,1.);
#3345 = DIRECTION('',(0.,1.));
#3346 = ( GEOMETRIC_REPRESENTATION_CONTEXT(2) 
PARAMETRIC_REPRESENTATION_CONTEXT() REPRESENTATION_CONTEXT('2D SPACE',''
  ) );
#3347 = ORIENTED_EDGE('',*,*,#1000,.T.);
#3348 = ORIENTED_EDGE('',*,*,#3232,.F.);
#3349 = ADVANCED_FACE('',(#3350),#988,.F.);
#3350 = FACE_BOUND('',#3351,.F.);
#3351 = EDGE_LOOP('',(#3352,#3353,#3374,#3375));
#3352 = ORIENTED_EDGE('',*,*,#3327,.F.);
#3353 = ORIENTED_EDGE('',*,*,#3354,.T.);
#3354 = EDGE_CURVE('',#3305,#3256,#3355,.T.);
#3355 = SURFACE_CURVE('',#3356,(#3360,#3367),.PCURVE_S1.);
#3356 = LINE('',#3357,#3358);
#3357 = CARTESIAN_POINT('',(80.5,105.,338.));
#3358 = VECTOR('',#3359,1.);
#3359 = DIRECTION('',(1.,0.,0.));
#3360 = PCURVE('',#988,#3361);
#3361 = DEFINITIONAL_REPRESENTATION('',(#3362),#3366);
#3362 = LINE('',#3363,#3364);
#3363 = CARTESIAN_POINT('',(0.,0.));
#3364 = VECTOR('',#3365,1.);
#3365 = DIRECTION('',(1.,0.));
#3366 = ( GEOMETRIC_REPRESENTATION_CONTEXT(2) 
PARAMETRIC_REPRESENTATION_CONTEXT() REPRESENTATION_CONTEXT('2D SPACE',''
  ) );
#3367 = PCURVE('',#1292,#3368);
#3368 = DEFINITIONAL_REPRESENTATION('',(#3369),#3373);
#3369 = LINE('',#3370,#3371);
#3370 = CARTESIAN_POINT('',(-64.,136.));
#3371 = VECTOR('',#3372,1.);
#3372 = DIRECTION('',(0.,1.));
#3373 = ( GEOMETRIC_REPRESENTATION_CONTEXT(2) 
PARAMETRIC_REPRESENTATION_CONTEXT() REPRESENTATION_CONTEXT('2D SPACE',''
  ) );
#3374 = ORIENTED_EDGE('',*,*,#3278,.T.);
#3375 = ORIENTED_EDGE('',*,*,#972,.T.);
#3376 = ADVANCED_FACE('',(#3377),#1183,.F.);
#3377 = FACE_BOUND('',#3378,.F.);
#3378 = EDGE_LOOP('',(#3379,#3380,#3403,#3430));
#3379 = ORIENTED_EDGE('',*,*,#1166,.F.);
#3380 = ORIENTED_EDGE('',*,*,#3381,.F.);
#3381 = EDGE_CURVE('',#3382,#1167,#3384,.T.);
#3382 = VERTEX_POINT('',#3383);
#3383 = CARTESIAN_POINT('',(104.,124.5,354.));
#3384 = SEAM_CURVE('',#3385,(#3389,#3396),.PCURVE_S1.);
#3385 = LINE('',#3386,#3387);
#3386 = CARTESIAN_POINT('',(104.,124.5,354.));
#3387 = VECTOR('',#3388,1.);
#3388 = DIRECTION('',(0.,1.,0.));
#3389 = PCURVE('',#1183,#3390);
#3390 = DEFINITIONAL_REPRESENTATION('',(#3391),#3395);
#3391 = LINE('',#3392,#3393);
#3392 = CARTESIAN_POINT('',(6.28318530718,-0.));
#3393 = VECTOR('',#3394,1.);
#3394 = DIRECTION('',(0.,1.));
#3395 = ( GEOMETRIC_REPRESENTATION_CONTEXT(2) 
PARAMETRIC_REPRESENTATION_CONTEXT() REPRESENTATION_CONTEXT('2D SPACE',''
  ) );
#3396 = PCURVE('',#1183,#3397);
#3397 = DEFINITIONAL_REPRESENTATION('',(#3398),#3402);
#3398 = LINE('',#3399,#3400);
#3399 = CARTESIAN_POINT('',(0.,-0.));
#3400 = VECTOR('',#3401,1.);
#3401 = DIRECTION('',(0.,1.));
#3402 = ( GEOMETRIC_REPRESENTATION_CONTEXT(2) 
PARAMETRIC_REPRESENTATION_CONTEXT() REPRESENTATION_CONTEXT('2D SPACE',''
  ) );
#3403 = ORIENTED_EDGE('',*,*,#3404,.T.);
#3404 = EDGE_CURVE('',#3382,#3382,#3405,.T.);
#3405 = SURFACE_CURVE('',#3406,(#3411,#3418),.PCURVE_S1.);
#3406 = CIRCLE('',#3407,4.);
#3407 = AXIS2_PLACEMENT_3D('',#3408,#3409,#3410);
#3408 = CARTESIAN_POINT('',(104.,124.5,350.));
#3409 = DIRECTION('',(0.,1.,0.));
#3410 = DIRECTION('',(0.,-0.,1.));
#3411 = PCURVE('',#1183,#3412);
#3412 = DEFINITIONAL_REPRESENTATION('',(#3413),#3417);
#3413 = LINE('',#3414,#3415);
#3414 = CARTESIAN_POINT('',(0.,0.));
#3415 = VECTOR('',#3416,1.);
#3416 = DIRECTION('',(1.,0.));
#3417 = ( GEOMETRIC_REPRESENTATION_CONTEXT(2) 
PARAMETRIC_REPRESENTATION_CONTEXT() REPRESENTATION_CONTEXT('2D SPACE',''
  ) );
#3418 = PCURVE('',#3419,#3424);
#3419 = PLANE('',#3420);
#3420 = AXIS2_PLACEMENT_3D('',#3421,#3422,#3423);
#3421 = CARTESIAN_POINT('',(104.,124.5,350.));
#3422 = DIRECTION('',(0.,1.,0.));
#3423 = DIRECTION('',(0.,-0.,1.));
#3424 = DEFINITIONAL_REPRESENTATION('',(#3425),#3429);
#3425 = CIRCLE('',#3426,4.);
#3426 = AXIS2_PLACEMENT_2D('',#3427,#3428);
#3427 = CARTESIAN_POINT('',(0.,0.));
#3428 = DIRECTION('',(1.,0.));
#3429 = ( GEOMETRIC_REPRESENTATION_CONTEXT(2) 
PARAMETRIC_REPRESENTATION_CONTEXT() REPRESENTATION_CONTEXT('2D SPACE',''
  ) );
#3430 = ORIENTED_EDGE('',*,*,#3381,.T.);
#3431 = ADVANCED_FACE('',(#3432),#1214,.F.);
#3432 = FACE_BOUND('',#3433,.F.);
#3433 = EDGE_LOOP('',(#3434,#3435,#3458,#3485));
#3434 = ORIENTED_EDGE('',*,*,#1197,.F.);
#3435 = ORIENTED_EDGE('',*,*,#3436,.F.);
#3436 = EDGE_CURVE('',#3437,#1198,#3439,.T.);
#3437 = VERTEX_POINT('',#3438);
#3438 = CARTESIAN_POINT('',(115.,124.5,354.));
#3439 = SEAM_CURVE('',#3440,(#3444,#3451),.PCURVE_S1.);
#3440 = LINE('',#3441,#3442);
#3441 = CARTESIAN_POINT('',(115.,124.5,354.));
#3442 = VECTOR('',#3443,1.);
#3443 = DIRECTION('',(0.,1.,0.));
#3444 = PCURVE('',#1214,#3445);
#3445 = DEFINITIONAL_REPRESENTATION('',(#3446),#3450);
#3446 = LINE('',#3447,#3448);
#3447 = CARTESIAN_POINT('',(6.28318530718,-0.));
#3448 = VECTOR('',#3449,1.);
#3449 = DIRECTION('',(0.,1.));
#3450 = ( GEOMETRIC_REPRESENTATION_CONTEXT(2) 
PARAMETRIC_REPRESENTATION_CONTEXT() REPRESENTATION_CONTEXT('2D SPACE',''
  ) );
#3451 = PCURVE('',#1214,#3452);
#3452 = DEFINITIONAL_REPRESENTATION('',(#3453),#3457);
#3453 = LINE('',#3454,#3455);
#3454 = CARTESIAN_POINT('',(0.,-0.));
#3455 = VECTOR('',#3456,1.);
#3456 = DIRECTION('',(0.,1.));
#3457 = ( GEOMETRIC_REPRESENTATION_CONTEXT(2) 
PARAMETRIC_REPRESENTATION_CONTEXT() REPRESENTATION_CONTEXT('2D SPACE',''
  ) );
#3458 = ORIENTED_EDGE('',*,*,#3459,.T.);
#3459 = EDGE_CURVE('',#3437,#3437,#3460,.T.);
#3460 = SURFACE_CURVE('',#3461,(#3466,#3473),.PCURVE_S1.);
#3461 = CIRCLE('',#3462,4.);
#3462 = AXIS2_PLACEMENT_3D('',#3463,#3464,#3465);
#3463 = CARTESIAN_POINT('',(115.,124.5,350.));
#3464 = DIRECTION('',(0.,1.,0.));
#3465 = DIRECTION('',(0.,-0.,1.));
#3466 = PCURVE('',#1214,#3467);
#3467 = DEFINITIONAL_REPRESENTATION('',(#3468),#3472);
#3468 = LINE('',#3469,#3470);
#3469 = CARTESIAN_POINT('',(0.,0.));
#3470 = VECTOR('',#3471,1.);
#3471 = DIRECTION('',(1.,0.));
#3472 = ( GEOMETRIC_REPRESENTATION_CONTEXT(2) 
PARAMETRIC_REPRESENTATION_CONTEXT() REPRESENTATION_CONTEXT('2D SPACE',''
  ) );
#3473 = PCURVE('',#3474,#3479);
#3474 = PLANE('',#3475);
#3475 = AXIS2_PLACEMENT_3D('',#3476,#3477,#3478);
#3476 = CARTESIAN_POINT('',(115.,124.5,350.));
#3477 = DIRECTION('',(0.,1.,0.));
#3478 = DIRECTION('',(0.,-0.,1.));
#3479 = DEFINITIONAL_REPRESENTATION('',(#3480),#3484);
#3480 = CIRCLE('',#3481,4.);
#3481 = AXIS2_PLACEMENT_2D('',#3482,#3483);
#3482 = CARTESIAN_POINT('',(0.,0.));
#3483 = DIRECTION('',(1.,0.));
#3484 = ( GEOMETRIC_REPRESENTATION_CONTEXT(2) 
PARAMETRIC_REPRESENTATION_CONTEXT() REPRESENTATION_CONTEXT('2D SPACE',''
  ) );
#3485 = ORIENTED_EDGE('',*,*,#3436,.T.);
#3486 = ADVANCED_FACE('',(#3487,#3502,#3533),#1292,.F.);
#3487 = FACE_BOUND('',#3488,.F.);
#3488 = EDGE_LOOP('',(#3489,#3490,#3491,#3492,#3493,#3494,#3495,#3496,
    #3497,#3498,#3499,#3500,#3501));
#3489 = ORIENTED_EDGE('',*,*,#2808,.T.);
#3490 = ORIENTED_EDGE('',*,*,#1277,.T.);
#3491 = ORIENTED_EDGE('',*,*,#2712,.T.);
#3492 = ORIENTED_EDGE('',*,*,#2738,.T.);
#3493 = ORIENTED_EDGE('',*,*,#2965,.T.);
#3494 = ORIENTED_EDGE('',*,*,#3062,.F.);
#3495 = ORIENTED_EDGE('',*,*,#3159,.T.);
#3496 = ORIENTED_EDGE('',*,*,#3255,.F.);
#3497 = ORIENTED_EDGE('',*,*,#3354,.F.);
#3498 = ORIENTED_EDGE('',*,*,#3304,.T.);
#3499 = ORIENTED_EDGE('',*,*,#3208,.F.);
#3500 = ORIENTED_EDGE('',*,*,#3110,.F.);
#3501 = ORIENTED_EDGE('',*,*,#3037,.F.);
#3502 = FACE_BOUND('',#3503,.F.);
#3503 = EDGE_LOOP('',(#3504));
#3504 = ORIENTED_EDGE('',*,*,#3505,.F.);
#3505 = EDGE_CURVE('',#3506,#3506,#3508,.T.);
#3506 = VERTEX_POINT('',#3507);
#3507 = CARTESIAN_POINT('',(104.,105.,352.2));
#3508 = SURFACE_CURVE('',#3509,(#3514,#3521),.PCURVE_S1.);
#3509 = CIRCLE('',#3510,2.2);
#3510 = AXIS2_PLACEMENT_3D('',#3511,#3512,#3513);
#3511 = CARTESIAN_POINT('',(104.,105.,350.));
#3512 = DIRECTION('',(0.,1.,0.));
#3513 = DIRECTION('',(0.,-0.,1.));
#3514 = PCURVE('',#1292,#3515);
#3515 = DEFINITIONAL_REPRESENTATION('',(#3516),#3520);
#3516 = CIRCLE('',#3517,2.2);
#3517 = AXIS2_PLACEMENT_2D('',#3518,#3519);
#3518 = CARTESIAN_POINT('',(-52.,159.5));
#3519 = DIRECTION('',(1.,0.));
#3520 = ( GEOMETRIC_REPRESENTATION_CONTEXT(2) 
PARAMETRIC_REPRESENTATION_CONTEXT() REPRESENTATION_CONTEXT('2D SPACE',''
  ) );
#3521 = PCURVE('',#3522,#3527);
#3522 = CYLINDRICAL_SURFACE('',#3523,2.2);
#3523 = AXIS2_PLACEMENT_3D('',#3524,#3525,#3526);
#3524 = CARTESIAN_POINT('',(104.,104.,350.));
#3525 = DIRECTION('',(0.,1.,0.));
#3526 = DIRECTION('',(0.,-0.,1.));
#3527 = DEFINITIONAL_REPRESENTATION('',(#3528),#3532);
#3528 = LINE('',#3529,#3530);
#3529 = CARTESIAN_POINT('',(0.,1.));
#3530 = VECTOR('',#3531,1.);
#3531 = DIRECTION('',(1.,0.));
#3532 = ( GEOMETRIC_REPRESENTATION_CONTEXT(2) 
PARAMETRIC_REPRESENTATION_CONTEXT() REPRESENTATION_CONTEXT('2D SPACE',''
  ) );
#3533 = FACE_BOUND('',#3534,.F.);
#3534 = EDGE_LOOP('',(#3535));
#3535 = ORIENTED_EDGE('',*,*,#3536,.F.);
#3536 = EDGE_CURVE('',#3537,#3537,#3539,.T.);
#3537 = VERTEX_POINT('',#3538);
#3538 = CARTESIAN_POINT('',(115.,105.,352.2));
#3539 = SURFACE_CURVE('',#3540,(#3545,#3552),.PCURVE_S1.);
#3540 = CIRCLE('',#3541,2.2);
#3541 = AXIS2_PLACEMENT_3D('',#3542,#3543,#3544);
#3542 = CARTESIAN_POINT('',(115.,105.,350.));
#3543 = DIRECTION('',(0.,1.,0.));
#3544 = DIRECTION('',(0.,-0.,1.));
#3545 = PCURVE('',#1292,#3546);
#3546 = DEFINITIONAL_REPRESENTATION('',(#3547),#3551);
#3547 = CIRCLE('',#3548,2.2);
#3548 = AXIS2_PLACEMENT_2D('',#3549,#3550);
#3549 = CARTESIAN_POINT('',(-52.,170.5));
#3550 = DIRECTION('',(1.,0.));
#3551 = ( GEOMETRIC_REPRESENTATION_CONTEXT(2) 
PARAMETRIC_REPRESENTATION_CONTEXT() REPRESENTATION_CONTEXT('2D SPACE',''
  ) );
#3552 = PCURVE('',#3553,#3558);
#3553 = CYLINDRICAL_SURFACE('',#3554,2.2);
#3554 = AXIS2_PLACEMENT_3D('',#3555,#3556,#3557);
#3555 = CARTESIAN_POINT('',(115.,104.,350.));
#3556 = DIRECTION('',(0.,1.,0.));
#3557 = DIRECTION('',(0.,-0.,1.));
#3558 = DEFINITIONAL_REPRESENTATION('',(#3559),#3563);
#3559 = LINE('',#3560,#3561);
#3560 = CARTESIAN_POINT('',(0.,1.));
#3561 = VECTOR('',#3562,1.);
#3562 = DIRECTION('',(1.,0.));
#3563 = ( GEOMETRIC_REPRESENTATION_CONTEXT(2) 
PARAMETRIC_REPRESENTATION_CONTEXT() REPRESENTATION_CONTEXT('2D SPACE',''
  ) );
#3564 = ADVANCED_FACE('',(#3565,#3682),#2236,.T.);
#3565 = FACE_BOUND('',#3566,.T.);
#3566 = EDGE_LOOP('',(#3567,#3602,#3630,#3656));
#3567 = ORIENTED_EDGE('',*,*,#3568,.F.);
#3568 = EDGE_CURVE('',#3569,#3571,#3573,.T.);
#3569 = VERTEX_POINT('',#3570);
#3570 = CARTESIAN_POINT('',(-63.3,91.288046532517,285.81195346748));
#3571 = VERTEX_POINT('',#3572);
#3572 = CARTESIAN_POINT('',(-63.3,91.288046532517,292.38804653251));
#3573 = SURFACE_CURVE('',#3574,(#3579,#3590),.PCURVE_S1.);
#3574 = CIRCLE('',#3575,4.65);
#3575 = AXIS2_PLACEMENT_3D('',#3576,#3577,#3578);
#3576 = CARTESIAN_POINT('',(-63.3,88.,289.1));
#3577 = DIRECTION('',(-1.,0.,-0.));
#3578 = DIRECTION('',(0.,0.707106781187,-0.707106781187));
#3579 = PCURVE('',#2236,#3580);
#3580 = DEFINITIONAL_REPRESENTATION('',(#3581),#3589);
#3581 = ( BOUNDED_CURVE() B_SPLINE_CURVE(2,(#3582,#3583,#3584,#3585,
#3586,#3587,#3588),.UNSPECIFIED.,.T.,.F.) B_SPLINE_CURVE_WITH_KNOTS((1,2
    ,2,2,2,1),(-2.094395102393,0.,2.094395102393,4.188790204786,
6.28318530718,8.377580409573),.UNSPECIFIED.) CURVE() 
GEOMETRIC_REPRESENTATION_ITEM() RATIONAL_B_SPLINE_CURVE((1.,0.5,1.,0.5,
1.,0.5,1.)) REPRESENTATION_ITEM('') );
#3582 = CARTESIAN_POINT('',(-3.288046532517,-3.288046532517));
#3583 = CARTESIAN_POINT('',(-8.983110184488,2.407017119453));
#3584 = CARTESIAN_POINT('',(-1.203508559727,4.491555092244));
#3585 = CARTESIAN_POINT('',(6.576093065035,6.576093065035));
#3586 = CARTESIAN_POINT('',(4.491555092244,-1.203508559727));
#3587 = CARTESIAN_POINT('',(2.407017119453,-8.983110184488));
#3588 = CARTESIAN_POINT('',(-3.288046532517,-3.288046532517));
#3589 = ( GEOMETRIC_REPRESENTATION_CONTEXT(2) 
PARAMETRIC_REPRESENTATION_CONTEXT() REPRESENTATION_CONTEXT('2D SPACE',''
  ) );
#3590 = PCURVE('',#3591,#3596);
#3591 = CYLINDRICAL_SURFACE('',#3592,4.65);
#3592 = AXIS2_PLACEMENT_3D('',#3593,#3594,#3595);
#3593 = CARTESIAN_POINT('',(-77.7,88.,289.1));
#3594 = DIRECTION('',(1.,0.,0.));
#3595 = DIRECTION('',(-0.,0.,1.));
#3596 = DEFINITIONAL_REPRESENTATION('',(#3597),#3601);
#3597 = LINE('',#3598,#3599);
#3598 = CARTESIAN_POINT('',(10.210176124167,14.4));
#3599 = VECTOR('',#3600,1.);
#3600 = DIRECTION('',(-1.,-0.));
#3601 = ( GEOMETRIC_REPRESENTATION_CONTEXT(2) 
PARAMETRIC_REPRESENTATION_CONTEXT() REPRESENTATION_CONTEXT('2D SPACE',''
  ) );
#3602 = ORIENTED_EDGE('',*,*,#3603,.T.);
#3603 = EDGE_CURVE('',#3569,#3604,#3606,.T.);
#3604 = VERTEX_POINT('',#3605);
#3605 = CARTESIAN_POINT('',(-63.3,92.85,287.37390693496));
#3606 = SURFACE_CURVE('',#3607,(#3611,#3618),.PCURVE_S1.);
#3607 = LINE('',#3608,#3609);
#3608 = CARTESIAN_POINT('',(-63.3,91.288046532517,285.81195346748));
#3609 = VECTOR('',#3610,1.);
#3610 = DIRECTION('',(0.,0.707106781187,0.707106781187));
#3611 = PCURVE('',#2236,#3612);
#3612 = DEFINITIONAL_REPRESENTATION('',(#3613),#3617);
#3613 = LINE('',#3614,#3615);
#3614 = CARTESIAN_POINT('',(-3.288046532517,-3.288046532517));
#3615 = VECTOR('',#3616,1.);
#3616 = DIRECTION('',(0.707106781187,-0.707106781187));
#3617 = ( GEOMETRIC_REPRESENTATION_CONTEXT(2) 
PARAMETRIC_REPRESENTATION_CONTEXT() REPRESENTATION_CONTEXT('2D SPACE',''
  ) );
#3618 = PCURVE('',#3619,#3624);
#3619 = PLANE('',#3620);
#3620 = AXIS2_PLACEMENT_3D('',#3621,#3622,#3623);
#3621 = CARTESIAN_POINT('',(-77.7,91.288046532517,285.81195346748));
#3622 = DIRECTION('',(0.,-0.707106781187,0.707106781187));
#3623 = DIRECTION('',(0.,0.707106781187,0.707106781187));
#3624 = DEFINITIONAL_REPRESENTATION('',(#3625),#3629);
#3625 = LINE('',#3626,#3627);
#3626 = CARTESIAN_POINT('',(0.,-14.4));
#3627 = VECTOR('',#3628,1.);
#3628 = DIRECTION('',(1.,0.));
#3629 = ( GEOMETRIC_REPRESENTATION_CONTEXT(2) 
PARAMETRIC_REPRESENTATION_CONTEXT() REPRESENTATION_CONTEXT('2D SPACE',''
  ) );
#3630 = ORIENTED_EDGE('',*,*,#3631,.T.);
#3631 = EDGE_CURVE('',#3604,#3632,#3634,.T.);
#3632 = VERTEX_POINT('',#3633);
#3633 = CARTESIAN_POINT('',(-63.3,92.85,290.82609306503));
#3634 = SURFACE_CURVE('',#3635,(#3639,#3645),.PCURVE_S1.);
#3635 = LINE('',#3636,#3637);
#3636 = CARTESIAN_POINT('',(-63.3,92.85,286.275));
#3637 = VECTOR('',#3638,1.);
#3638 = DIRECTION('',(0.,-0.,1.));
#3639 = PCURVE('',#2236,#3640);
#3640 = DEFINITIONAL_REPRESENTATION('',(#3641),#3644);
#3641 = B_SPLINE_CURVE_WITH_KNOTS('',1,(#3642,#3643),.UNSPECIFIED.,.F.,
  .F.,(2,2),(-1.825,7.475),.PIECEWISE_BEZIER_KNOTS.);
#3642 = CARTESIAN_POINT('',(-4.65,-4.85));
#3643 = CARTESIAN_POINT('',(4.65,-4.85));
#3644 = ( GEOMETRIC_REPRESENTATION_CONTEXT(2) 
PARAMETRIC_REPRESENTATION_CONTEXT() REPRESENTATION_CONTEXT('2D SPACE',''
  ) );
#3645 = PCURVE('',#3646,#3651);
#3646 = PLANE('',#3647);
#3647 = AXIS2_PLACEMENT_3D('',#3648,#3649,#3650);
#3648 = CARTESIAN_POINT('',(-78.7,92.85,283.45));
#3649 = DIRECTION('',(-0.,1.,0.));
#3650 = DIRECTION('',(0.,0.,1.));
#3651 = DEFINITIONAL_REPRESENTATION('',(#3652),#3655);
#3652 = B_SPLINE_CURVE_WITH_KNOTS('',1,(#3653,#3654),.UNSPECIFIED.,.F.,
  .F.,(2,2),(-1.825,7.475),.PIECEWISE_BEZIER_KNOTS.);
#3653 = CARTESIAN_POINT('',(1.,15.4));
#3654 = CARTESIAN_POINT('',(10.3,15.4));
#3655 = ( GEOMETRIC_REPRESENTATION_CONTEXT(2) 
PARAMETRIC_REPRESENTATION_CONTEXT() REPRESENTATION_CONTEXT('2D SPACE',''
  ) );
#3656 = ORIENTED_EDGE('',*,*,#3657,.T.);
#3657 = EDGE_CURVE('',#3632,#3571,#3658,.T.);
#3658 = SURFACE_CURVE('',#3659,(#3663,#3670),.PCURVE_S1.);
#3659 = LINE('',#3660,#3661);
#3660 = CARTESIAN_POINT('',(-63.3,94.576093065035,289.1));
#3661 = VECTOR('',#3662,1.);
#3662 = DIRECTION('',(0.,-0.707106781187,0.707106781187));
#3663 = PCURVE('',#2236,#3664);
#3664 = DEFINITIONAL_REPRESENTATION('',(#3665),#3669);
#3665 = LINE('',#3666,#3667);
#3666 = CARTESIAN_POINT('',(0.,-6.576093065035));
#3667 = VECTOR('',#3668,1.);
#3668 = DIRECTION('',(0.707106781187,0.707106781187));
#3669 = ( GEOMETRIC_REPRESENTATION_CONTEXT(2) 
PARAMETRIC_REPRESENTATION_CONTEXT() REPRESENTATION_CONTEXT('2D SPACE',''
  ) );
#3670 = PCURVE('',#3671,#3676);
#3671 = PLANE('',#3672);
#3672 = AXIS2_PLACEMENT_3D('',#3673,#3674,#3675);
#3673 = CARTESIAN_POINT('',(-77.7,94.576093065035,289.1));
#3674 = DIRECTION('',(0.,-0.707106781187,-0.707106781187));
#3675 = DIRECTION('',(0.,-0.707106781187,0.707106781187));
#3676 = DEFINITIONAL_REPRESENTATION('',(#3677),#3681);
#3677 = LINE('',#3678,#3679);
#3678 = CARTESIAN_POINT('',(0.,-14.4));
#3679 = VECTOR('',#3680,1.);
#3680 = DIRECTION('',(1.,0.));
#3681 = ( GEOMETRIC_REPRESENTATION_CONTEXT(2) 
PARAMETRIC_REPRESENTATION_CONTEXT() REPRESENTATION_CONTEXT('2D SPACE',''
  ) );
#3682 = FACE_BOUND('',#3683,.T.);
#3683 = EDGE_LOOP('',(#3684));
#3684 = ORIENTED_EDGE('',*,*,#2221,.F.);
#3685 = ADVANCED_FACE('',(#3686),#2265,.F.);
#3686 = FACE_BOUND('',#3687,.F.);
#3687 = EDGE_LOOP('',(#3688,#3689,#3690,#3712));
#3688 = ORIENTED_EDGE('',*,*,#2250,.F.);
#3689 = ORIENTED_EDGE('',*,*,#2332,.F.);
#3690 = ORIENTED_EDGE('',*,*,#3691,.T.);
#3691 = EDGE_CURVE('',#2305,#2360,#3692,.T.);
#3692 = SURFACE_CURVE('',#3693,(#3698,#3705),.PCURVE_S1.);
#3693 = CIRCLE('',#3694,4.65);
#3694 = AXIS2_PLACEMENT_3D('',#3695,#3696,#3697);
#3695 = CARTESIAN_POINT('',(-77.2,88.,289.1));
#3696 = DIRECTION('',(1.,0.,0.));
#3697 = DIRECTION('',(-0.,0.,1.));
#3698 = PCURVE('',#2265,#3699);
#3699 = DEFINITIONAL_REPRESENTATION('',(#3700),#3704);
#3700 = CIRCLE('',#3701,4.65);
#3701 = AXIS2_PLACEMENT_2D('',#3702,#3703);
#3702 = CARTESIAN_POINT('',(0.,0.));
#3703 = DIRECTION('',(1.,0.));
#3704 = ( GEOMETRIC_REPRESENTATION_CONTEXT(2) 
PARAMETRIC_REPRESENTATION_CONTEXT() REPRESENTATION_CONTEXT('2D SPACE',''
  ) );
#3705 = PCURVE('',#3591,#3706);
#3706 = DEFINITIONAL_REPRESENTATION('',(#3707),#3711);
#3707 = LINE('',#3708,#3709);
#3708 = CARTESIAN_POINT('',(0.,0.5));
#3709 = VECTOR('',#3710,1.);
#3710 = DIRECTION('',(1.,0.));
#3711 = ( GEOMETRIC_REPRESENTATION_CONTEXT(2) 
PARAMETRIC_REPRESENTATION_CONTEXT() REPRESENTATION_CONTEXT('2D SPACE',''
  ) );
#3712 = ORIENTED_EDGE('',*,*,#2359,.F.);
#3713 = ADVANCED_FACE('',(#3714,#3740),#2320,.T.);
#3714 = FACE_BOUND('',#3715,.T.);
#3715 = EDGE_LOOP('',(#3716));
#3716 = ORIENTED_EDGE('',*,*,#3717,.T.);
#3717 = EDGE_CURVE('',#3718,#3718,#3720,.T.);
#3718 = VERTEX_POINT('',#3719);
#3719 = CARTESIAN_POINT('',(-77.2,88.,295.1));
#3720 = SURFACE_CURVE('',#3721,(#3726,#3733),.PCURVE_S1.);
#3721 = CIRCLE('',#3722,6.);
#3722 = AXIS2_PLACEMENT_3D('',#3723,#3724,#3725);
#3723 = CARTESIAN_POINT('',(-77.2,88.,289.1));
#3724 = DIRECTION('',(1.,0.,0.));
#3725 = DIRECTION('',(-0.,0.,1.));
#3726 = PCURVE('',#2320,#3727);
#3727 = DEFINITIONAL_REPRESENTATION('',(#3728),#3732);
#3728 = CIRCLE('',#3729,6.);
#3729 = AXIS2_PLACEMENT_2D('',#3730,#3731);
#3730 = CARTESIAN_POINT('',(0.,0.));
#3731 = DIRECTION('',(1.,0.));
#3732 = ( GEOMETRIC_REPRESENTATION_CONTEXT(2) 
PARAMETRIC_REPRESENTATION_CONTEXT() REPRESENTATION_CONTEXT('2D SPACE',''
  ) );
#3733 = PCURVE('',#2865,#3734);
#3734 = DEFINITIONAL_REPRESENTATION('',(#3735),#3739);
#3735 = LINE('',#3736,#3737);
#3736 = CARTESIAN_POINT('',(0.,4.3));
#3737 = VECTOR('',#3738,1.);
#3738 = DIRECTION('',(1.,0.));
#3739 = ( GEOMETRIC_REPRESENTATION_CONTEXT(2) 
PARAMETRIC_REPRESENTATION_CONTEXT() REPRESENTATION_CONTEXT('2D SPACE',''
  ) );
#3740 = FACE_BOUND('',#3741,.T.);
#3741 = EDGE_LOOP('',(#3742,#3766,#3787,#3808,#3829,#3851,#3852));
#3742 = ORIENTED_EDGE('',*,*,#3743,.F.);
#3743 = EDGE_CURVE('',#3744,#2305,#3746,.T.);
#3744 = VERTEX_POINT('',#3745);
#3745 = CARTESIAN_POINT('',(-77.2,91.288046532517,292.38804653251));
#3746 = SURFACE_CURVE('',#3747,(#3752,#3759),.PCURVE_S1.);
#3747 = CIRCLE('',#3748,4.65);
#3748 = AXIS2_PLACEMENT_3D('',#3749,#3750,#3751);
#3749 = CARTESIAN_POINT('',(-77.2,88.,289.1));
#3750 = DIRECTION('',(1.,0.,0.));
#3751 = DIRECTION('',(-0.,0.,1.));
#3752 = PCURVE('',#2320,#3753);
#3753 = DEFINITIONAL_REPRESENTATION('',(#3754),#3758);
#3754 = CIRCLE('',#3755,4.65);
#3755 = AXIS2_PLACEMENT_2D('',#3756,#3757);
#3756 = CARTESIAN_POINT('',(0.,0.));
#3757 = DIRECTION('',(1.,0.));
#3758 = ( GEOMETRIC_REPRESENTATION_CONTEXT(2) 
PARAMETRIC_REPRESENTATION_CONTEXT() REPRESENTATION_CONTEXT('2D SPACE',''
  ) );
#3759 = PCURVE('',#3591,#3760);
#3760 = DEFINITIONAL_REPRESENTATION('',(#3761),#3765);
#3761 = LINE('',#3762,#3763);
#3762 = CARTESIAN_POINT('',(0.,0.5));
#3763 = VECTOR('',#3764,1.);
#3764 = DIRECTION('',(1.,0.));
#3765 = ( GEOMETRIC_REPRESENTATION_CONTEXT(2) 
PARAMETRIC_REPRESENTATION_CONTEXT() REPRESENTATION_CONTEXT('2D SPACE',''
  ) );
#3766 = ORIENTED_EDGE('',*,*,#3767,.T.);
#3767 = EDGE_CURVE('',#3744,#3768,#3770,.T.);
#3768 = VERTEX_POINT('',#3769);
#3769 = CARTESIAN_POINT('',(-77.2,92.85,290.82609306503));
#3770 = SURFACE_CURVE('',#3771,(#3775,#3781),.PCURVE_S1.);
#3771 = LINE('',#3772,#3773);
#3772 = CARTESIAN_POINT('',(-77.2,92.932069798776,290.74402326625));
#3773 = VECTOR('',#3774,1.);
#3774 = DIRECTION('',(0.,0.707106781187,-0.707106781187));
#3775 = PCURVE('',#2320,#3776);
#3776 = DEFINITIONAL_REPRESENTATION('',(#3777),#3780);
#3777 = B_SPLINE_CURVE_WITH_KNOTS('',1,(#3778,#3779),.UNSPECIFIED.,.F.,
  .F.,(2,2),(-2.325,-0.11606422249),.PIECEWISE_BEZIER_KNOTS.);
#3778 = CARTESIAN_POINT('',(3.288046532517,-3.288046532517));
#3779 = CARTESIAN_POINT('',(1.726093065035,-4.85));
#3780 = ( GEOMETRIC_REPRESENTATION_CONTEXT(2) 
PARAMETRIC_REPRESENTATION_CONTEXT() REPRESENTATION_CONTEXT('2D SPACE',''
  ) );
#3781 = PCURVE('',#3671,#3782);
#3782 = DEFINITIONAL_REPRESENTATION('',(#3783),#3786);
#3783 = B_SPLINE_CURVE_WITH_KNOTS('',1,(#3784,#3785),.UNSPECIFIED.,.F.,
  .F.,(2,2),(-2.325,-0.11606422249),.PIECEWISE_BEZIER_KNOTS.);
#3784 = CARTESIAN_POINT('',(4.65,-0.5));
#3785 = CARTESIAN_POINT('',(2.44106422249,-0.5));
#3786 = ( GEOMETRIC_REPRESENTATION_CONTEXT(2) 
PARAMETRIC_REPRESENTATION_CONTEXT() REPRESENTATION_CONTEXT('2D SPACE',''
  ) );
#3787 = ORIENTED_EDGE('',*,*,#3788,.F.);
#3788 = EDGE_CURVE('',#3789,#3768,#3791,.T.);
#3789 = VERTEX_POINT('',#3790);
#3790 = CARTESIAN_POINT('',(-77.2,92.85,287.37390693496));
#3791 = SURFACE_CURVE('',#3792,(#3796,#3802),.PCURVE_S1.);
#3792 = LINE('',#3793,#3794);
#3793 = CARTESIAN_POINT('',(-77.2,92.85,286.275));
#3794 = VECTOR('',#3795,1.);
#3795 = DIRECTION('',(0.,-0.,1.));
#3796 = PCURVE('',#2320,#3797);
#3797 = DEFINITIONAL_REPRESENTATION('',(#3798),#3801);
#3798 = B_SPLINE_CURVE_WITH_KNOTS('',1,(#3799,#3800),.UNSPECIFIED.,.F.,
  .F.,(2,2),(1.098906934965,4.551093065035),.PIECEWISE_BEZIER_KNOTS.);
#3799 = CARTESIAN_POINT('',(-1.726093065035,-4.85));
#3800 = CARTESIAN_POINT('',(1.726093065035,-4.85));
#3801 = ( GEOMETRIC_REPRESENTATION_CONTEXT(2) 
PARAMETRIC_REPRESENTATION_CONTEXT() REPRESENTATION_CONTEXT('2D SPACE',''
  ) );
#3802 = PCURVE('',#3646,#3803);
#3803 = DEFINITIONAL_REPRESENTATION('',(#3804),#3807);
#3804 = B_SPLINE_CURVE_WITH_KNOTS('',1,(#3805,#3806),.UNSPECIFIED.,.F.,
  .F.,(2,2),(1.098906934965,4.551093065035),.PIECEWISE_BEZIER_KNOTS.);
#3805 = CARTESIAN_POINT('',(3.923906934965,1.5));
#3806 = CARTESIAN_POINT('',(7.376093065035,1.5));
#3807 = ( GEOMETRIC_REPRESENTATION_CONTEXT(2) 
PARAMETRIC_REPRESENTATION_CONTEXT() REPRESENTATION_CONTEXT('2D SPACE',''
  ) );
#3808 = ORIENTED_EDGE('',*,*,#3809,.T.);
#3809 = EDGE_CURVE('',#3789,#3810,#3812,.T.);
#3810 = VERTEX_POINT('',#3811);
#3811 = CARTESIAN_POINT('',(-77.2,91.288046532517,285.81195346748));
#3812 = SURFACE_CURVE('',#3813,(#3817,#3823),.PCURVE_S1.);
#3813 = LINE('',#3814,#3815);
#3814 = CARTESIAN_POINT('',(-77.2,91.288046532517,285.81195346748));
#3815 = VECTOR('',#3816,1.);
#3816 = DIRECTION('',(0.,-0.707106781187,-0.707106781187));
#3817 = PCURVE('',#2320,#3818);
#3818 = DEFINITIONAL_REPRESENTATION('',(#3819),#3822);
#3819 = B_SPLINE_CURVE_WITH_KNOTS('',1,(#3820,#3821),.UNSPECIFIED.,.F.,
  .F.,(2,2),(-2.20893577751,-1.004859173558E-14),
  .PIECEWISE_BEZIER_KNOTS.);
#3820 = CARTESIAN_POINT('',(-1.726093065035,-4.85));
#3821 = CARTESIAN_POINT('',(-3.288046532517,-3.288046532517));
#3822 = ( GEOMETRIC_REPRESENTATION_CONTEXT(2) 
PARAMETRIC_REPRESENTATION_CONTEXT() REPRESENTATION_CONTEXT('2D SPACE',''
  ) );
#3823 = PCURVE('',#3619,#3824);
#3824 = DEFINITIONAL_REPRESENTATION('',(#3825),#3828);
#3825 = B_SPLINE_CURVE_WITH_KNOTS('',1,(#3826,#3827),.UNSPECIFIED.,.F.,
  .F.,(2,2),(-2.20893577751,-1.004859173558E-14),
  .PIECEWISE_BEZIER_KNOTS.);
#3826 = CARTESIAN_POINT('',(2.20893577751,-0.5));
#3827 = CARTESIAN_POINT('',(0.,-0.5));
#3828 = ( GEOMETRIC_REPRESENTATION_CONTEXT(2) 
PARAMETRIC_REPRESENTATION_CONTEXT() REPRESENTATION_CONTEXT('2D SPACE',''
  ) );
#3829 = ORIENTED_EDGE('',*,*,#3830,.F.);
#3830 = EDGE_CURVE('',#2360,#3810,#3831,.T.);
#3831 = SURFACE_CURVE('',#3832,(#3837,#3844),.PCURVE_S1.);
#3832 = CIRCLE('',#3833,4.65);
#3833 = AXIS2_PLACEMENT_3D('',#3834,#3835,#3836);
#3834 = CARTESIAN_POINT('',(-77.2,88.,289.1));
#3835 = DIRECTION('',(1.,0.,0.));
#3836 = DIRECTION('',(-0.,0.,1.));
#3837 = PCURVE('',#2320,#3838);
#3838 = DEFINITIONAL_REPRESENTATION('',(#3839),#3843);
#3839 = CIRCLE('',#3840,4.65);
#3840 = AXIS2_PLACEMENT_2D('',#3841,#3842);
#3841 = CARTESIAN_POINT('',(0.,0.));
#3842 = DIRECTION('',(1.,0.));
#3843 = ( GEOMETRIC_REPRESENTATION_CONTEXT(2) 
PARAMETRIC_REPRESENTATION_CONTEXT() REPRESENTATION_CONTEXT('2D SPACE',''
  ) );
#3844 = PCURVE('',#3591,#3845);
#3845 = DEFINITIONAL_REPRESENTATION('',(#3846),#3850);
#3846 = LINE('',#3847,#3848);
#3847 = CARTESIAN_POINT('',(0.,0.5));
#3848 = VECTOR('',#3849,1.);
#3849 = DIRECTION('',(1.,0.));
#3850 = ( GEOMETRIC_REPRESENTATION_CONTEXT(2) 
PARAMETRIC_REPRESENTATION_CONTEXT() REPRESENTATION_CONTEXT('2D SPACE',''
  ) );
#3851 = ORIENTED_EDGE('',*,*,#2382,.T.);
#3852 = ORIENTED_EDGE('',*,*,#2304,.T.);
#3853 = ADVANCED_FACE('',(#3854,#3971),#2516,.T.);
#3854 = FACE_BOUND('',#3855,.T.);
#3855 = EDGE_LOOP('',(#3856,#3891,#3919,#3945));
#3856 = ORIENTED_EDGE('',*,*,#3857,.F.);
#3857 = EDGE_CURVE('',#3858,#3860,#3862,.T.);
#3858 = VERTEX_POINT('',#3859);
#3859 = CARTESIAN_POINT('',(-55.3,78.288046532517,385.81195346748));
#3860 = VERTEX_POINT('',#3861);
#3861 = CARTESIAN_POINT('',(-55.3,78.288046532517,392.38804653251));
#3862 = SURFACE_CURVE('',#3863,(#3868,#3879),.PCURVE_S1.);
#3863 = CIRCLE('',#3864,4.65);
#3864 = AXIS2_PLACEMENT_3D('',#3865,#3866,#3867);
#3865 = CARTESIAN_POINT('',(-55.3,75.,389.1));
#3866 = DIRECTION('',(-1.,0.,-0.));
#3867 = DIRECTION('',(0.,0.707106781187,-0.707106781187));
#3868 = PCURVE('',#2516,#3869);
#3869 = DEFINITIONAL_REPRESENTATION('',(#3870),#3878);
#3870 = ( BOUNDED_CURVE() B_SPLINE_CURVE(2,(#3871,#3872,#3873,#3874,
#3875,#3876,#3877),.UNSPECIFIED.,.T.,.F.) B_SPLINE_CURVE_WITH_KNOTS((1,2
    ,2,2,2,1),(-2.094395102393,0.,2.094395102393,4.188790204786,
6.28318530718,8.377580409573),.UNSPECIFIED.) CURVE() 
GEOMETRIC_REPRESENTATION_ITEM() RATIONAL_B_SPLINE_CURVE((1.,0.5,1.,0.5,
1.,0.5,1.)) REPRESENTATION_ITEM('') );
#3871 = CARTESIAN_POINT('',(-3.288046532517,-3.288046532517));
#3872 = CARTESIAN_POINT('',(-8.983110184488,2.407017119453));
#3873 = CARTESIAN_POINT('',(-1.203508559727,4.491555092244));
#3874 = CARTESIAN_POINT('',(6.576093065035,6.576093065035));
#3875 = CARTESIAN_POINT('',(4.491555092244,-1.203508559727));
#3876 = CARTESIAN_POINT('',(2.407017119453,-8.983110184488));
#3877 = CARTESIAN_POINT('',(-3.288046532517,-3.288046532517));
#3878 = ( GEOMETRIC_REPRESENTATION_CONTEXT(2) 
PARAMETRIC_REPRESENTATION_CONTEXT() REPRESENTATION_CONTEXT('2D SPACE',''
  ) );
#3879 = PCURVE('',#3880,#3885);
#3880 = CYLINDRICAL_SURFACE('',#3881,4.65);
#3881 = AXIS2_PLACEMENT_3D('',#3882,#3883,#3884);
#3882 = CARTESIAN_POINT('',(-71.2,75.,389.1));
#3883 = DIRECTION('',(1.,0.,0.));
#3884 = DIRECTION('',(-0.,0.,1.));
#3885 = DEFINITIONAL_REPRESENTATION('',(#3886),#3890);
#3886 = LINE('',#3887,#3888);
#3887 = CARTESIAN_POINT('',(10.210176124167,15.9));
#3888 = VECTOR('',#3889,1.);
#3889 = DIRECTION('',(-1.,-0.));
#3890 = ( GEOMETRIC_REPRESENTATION_CONTEXT(2) 
PARAMETRIC_REPRESENTATION_CONTEXT() REPRESENTATION_CONTEXT('2D SPACE',''
  ) );
#3891 = ORIENTED_EDGE('',*,*,#3892,.T.);
#3892 = EDGE_CURVE('',#3858,#3893,#3895,.T.);
#3893 = VERTEX_POINT('',#3894);
#3894 = CARTESIAN_POINT('',(-55.3,79.85,387.37390693496));
#3895 = SURFACE_CURVE('',#3896,(#3900,#3907),.PCURVE_S1.);
#3896 = LINE('',#3897,#3898);
#3897 = CARTESIAN_POINT('',(-55.3,78.288046532517,385.81195346748));
#3898 = VECTOR('',#3899,1.);
#3899 = DIRECTION('',(0.,0.707106781187,0.707106781187));
#3900 = PCURVE('',#2516,#3901);
#3901 = DEFINITIONAL_REPRESENTATION('',(#3902),#3906);
#3902 = LINE('',#3903,#3904);
#3903 = CARTESIAN_POINT('',(-3.288046532517,-3.288046532517));
#3904 = VECTOR('',#3905,1.);
#3905 = DIRECTION('',(0.707106781187,-0.707106781187));
#3906 = ( GEOMETRIC_REPRESENTATION_CONTEXT(2) 
PARAMETRIC_REPRESENTATION_CONTEXT() REPRESENTATION_CONTEXT('2D SPACE',''
  ) );
#3907 = PCURVE('',#3908,#3913);
#3908 = PLANE('',#3909);
#3909 = AXIS2_PLACEMENT_3D('',#3910,#3911,#3912);
#3910 = CARTESIAN_POINT('',(-71.2,78.288046532517,385.81195346748));
#3911 = DIRECTION('',(0.,-0.707106781187,0.707106781187));
#3912 = DIRECTION('',(0.,0.707106781187,0.707106781187));
#3913 = DEFINITIONAL_REPRESENTATION('',(#3914),#3918);
#3914 = LINE('',#3915,#3916);
#3915 = CARTESIAN_POINT('',(0.,-15.9));
#3916 = VECTOR('',#3917,1.);
#3917 = DIRECTION('',(1.,0.));
#3918 = ( GEOMETRIC_REPRESENTATION_CONTEXT(2) 
PARAMETRIC_REPRESENTATION_CONTEXT() REPRESENTATION_CONTEXT('2D SPACE',''
  ) );
#3919 = ORIENTED_EDGE('',*,*,#3920,.T.);
#3920 = EDGE_CURVE('',#3893,#3921,#3923,.T.);
#3921 = VERTEX_POINT('',#3922);
#3922 = CARTESIAN_POINT('',(-55.3,79.85,390.82609306503));
#3923 = SURFACE_CURVE('',#3924,(#3928,#3934),.PCURVE_S1.);
#3924 = LINE('',#3925,#3926);
#3925 = CARTESIAN_POINT('',(-55.3,79.85,386.275));
#3926 = VECTOR('',#3927,1.);
#3927 = DIRECTION('',(0.,-0.,1.));
#3928 = PCURVE('',#2516,#3929);
#3929 = DEFINITIONAL_REPRESENTATION('',(#3930),#3933);
#3930 = B_SPLINE_CURVE_WITH_KNOTS('',1,(#3931,#3932),.UNSPECIFIED.,.F.,
  .F.,(2,2),(-1.825,7.475),.PIECEWISE_BEZIER_KNOTS.);
#3931 = CARTESIAN_POINT('',(-4.65,-4.85));
#3932 = CARTESIAN_POINT('',(4.65,-4.85));
#3933 = ( GEOMETRIC_REPRESENTATION_CONTEXT(2) 
PARAMETRIC_REPRESENTATION_CONTEXT() REPRESENTATION_CONTEXT('2D SPACE',''
  ) );
#3934 = PCURVE('',#3935,#3940);
#3935 = PLANE('',#3936);
#3936 = AXIS2_PLACEMENT_3D('',#3937,#3938,#3939);
#3937 = CARTESIAN_POINT('',(-72.2,79.85,383.45));
#3938 = DIRECTION('',(-0.,1.,0.));
#3939 = DIRECTION('',(0.,0.,1.));
#3940 = DEFINITIONAL_REPRESENTATION('',(#3941),#3944);
#3941 = B_SPLINE_CURVE_WITH_KNOTS('',1,(#3942,#3943),.UNSPECIFIED.,.F.,
  .F.,(2,2),(-1.825,7.475),.PIECEWISE_BEZIER_KNOTS.);
#3942 = CARTESIAN_POINT('',(1.,16.9));
#3943 = CARTESIAN_POINT('',(10.3,16.9));
#3944 = ( GEOMETRIC_REPRESENTATION_CONTEXT(2) 
PARAMETRIC_REPRESENTATION_CONTEXT() REPRESENTATION_CONTEXT('2D SPACE',''
  ) );
#3945 = ORIENTED_EDGE('',*,*,#3946,.T.);
#3946 = EDGE_CURVE('',#3921,#3860,#3947,.T.);
#3947 = SURFACE_CURVE('',#3948,(#3952,#3959),.PCURVE_S1.);
#3948 = LINE('',#3949,#3950);
#3949 = CARTESIAN_POINT('',(-55.3,81.576093065035,389.1));
#3950 = VECTOR('',#3951,1.);
#3951 = DIRECTION('',(0.,-0.707106781187,0.707106781187));
#3952 = PCURVE('',#2516,#3953);
#3953 = DEFINITIONAL_REPRESENTATION('',(#3954),#3958);
#3954 = LINE('',#3955,#3956);
#3955 = CARTESIAN_POINT('',(0.,-6.576093065035));
#3956 = VECTOR('',#3957,1.);
#3957 = DIRECTION('',(0.707106781187,0.707106781187));
#3958 = ( GEOMETRIC_REPRESENTATION_CONTEXT(2) 
PARAMETRIC_REPRESENTATION_CONTEXT() REPRESENTATION_CONTEXT('2D SPACE',''
  ) );
#3959 = PCURVE('',#3960,#3965);
#3960 = PLANE('',#3961);
#3961 = AXIS2_PLACEMENT_3D('',#3962,#3963,#3964);
#3962 = CARTESIAN_POINT('',(-71.2,81.576093065035,389.1));
#3963 = DIRECTION('',(0.,-0.707106781187,-0.707106781187));
#3964 = DIRECTION('',(0.,-0.707106781187,0.707106781187));
#3965 = DEFINITIONAL_REPRESENTATION('',(#3966),#3970);
#3966 = LINE('',#3967,#3968);
#3967 = CARTESIAN_POINT('',(0.,-15.9));
#3968 = VECTOR('',#3969,1.);
#3969 = DIRECTION('',(1.,0.));
#3970 = ( GEOMETRIC_REPRESENTATION_CONTEXT(2) 
PARAMETRIC_REPRESENTATION_CONTEXT() REPRESENTATION_CONTEXT('2D SPACE',''
  ) );
#3971 = FACE_BOUND('',#3972,.T.);
#3972 = EDGE_LOOP('',(#3973));
#3973 = ORIENTED_EDGE('',*,*,#2501,.F.);
#3974 = ADVANCED_FACE('',(#3975),#2545,.F.);
#3975 = FACE_BOUND('',#3976,.F.);
#3976 = EDGE_LOOP('',(#3977,#3978,#3979,#4001));
#3977 = ORIENTED_EDGE('',*,*,#2530,.F.);
#3978 = ORIENTED_EDGE('',*,*,#2662,.F.);
#3979 = ORIENTED_EDGE('',*,*,#3980,.T.);
#3980 = EDGE_CURVE('',#2640,#2563,#3981,.T.);
#3981 = SURFACE_CURVE('',#3982,(#3987,#3994),.PCURVE_S1.);
#3982 = CIRCLE('',#3983,4.65);
#3983 = AXIS2_PLACEMENT_3D('',#3984,#3985,#3986);
#3984 = CARTESIAN_POINT('',(-70.7,75.,389.1));
#3985 = DIRECTION('',(1.,0.,0.));
#3986 = DIRECTION('',(-0.,0.,1.));
#3987 = PCURVE('',#2545,#3988);
#3988 = DEFINITIONAL_REPRESENTATION('',(#3989),#3993);
#3989 = CIRCLE('',#3990,4.65);
#3990 = AXIS2_PLACEMENT_2D('',#3991,#3992);
#3991 = CARTESIAN_POINT('',(0.,0.));
#3992 = DIRECTION('',(1.,0.));
#3993 = ( GEOMETRIC_REPRESENTATION_CONTEXT(2) 
PARAMETRIC_REPRESENTATION_CONTEXT() REPRESENTATION_CONTEXT('2D SPACE',''
  ) );
#3994 = PCURVE('',#3880,#3995);
#3995 = DEFINITIONAL_REPRESENTATION('',(#3996),#4000);
#3996 = LINE('',#3997,#3998);
#3997 = CARTESIAN_POINT('',(0.,0.5));
#3998 = VECTOR('',#3999,1.);
#3999 = DIRECTION('',(1.,0.));
#4000 = ( GEOMETRIC_REPRESENTATION_CONTEXT(2) 
PARAMETRIC_REPRESENTATION_CONTEXT() REPRESENTATION_CONTEXT('2D SPACE',''
  ) );
#4001 = ORIENTED_EDGE('',*,*,#2562,.F.);
#4002 = ADVANCED_FACE('',(#4003,#4079),#2601,.T.);
#4003 = FACE_BOUND('',#4004,.T.);
#4004 = EDGE_LOOP('',(#4005,#4035,#4058));
#4005 = ORIENTED_EDGE('',*,*,#4006,.F.);
#4006 = EDGE_CURVE('',#4007,#4009,#4011,.T.);
#4007 = VERTEX_POINT('',#4008);
#4008 = CARTESIAN_POINT('',(-70.7,79.949747468306,384.15025253169));
#4009 = VERTEX_POINT('',#4010);
#4010 = CARTESIAN_POINT('',(-70.7,79.949747468306,394.0497474683));
#4011 = SURFACE_CURVE('',#4012,(#4017,#4028),.PCURVE_S1.);
#4012 = CIRCLE('',#4013,7.);
#4013 = AXIS2_PLACEMENT_3D('',#4014,#4015,#4016);
#4014 = CARTESIAN_POINT('',(-70.7,75.,389.1));
#4015 = DIRECTION('',(-1.,0.,-0.));
#4016 = DIRECTION('',(0.,0.707106781187,-0.707106781187));
#4017 = PCURVE('',#2601,#4018);
#4018 = DEFINITIONAL_REPRESENTATION('',(#4019),#4027);
#4019 = ( BOUNDED_CURVE() B_SPLINE_CURVE(2,(#4020,#4021,#4022,#4023,
#4024,#4025,#4026),.UNSPECIFIED.,.T.,.F.) B_SPLINE_CURVE_WITH_KNOTS((1,2
    ,2,2,2,1),(-2.094395102393,0.,2.094395102393,4.188790204786,
6.28318530718,8.377580409573),.UNSPECIFIED.) CURVE() 
GEOMETRIC_REPRESENTATION_ITEM() RATIONAL_B_SPLINE_CURVE((1.,0.5,1.,0.5,
1.,0.5,1.)) REPRESENTATION_ITEM('') );
#4020 = CARTESIAN_POINT('',(-4.949747468306,-4.949747468306));
#4021 = CARTESIAN_POINT('',(-13.52296156804,3.623466631435));
#4022 = CARTESIAN_POINT('',(-1.811733315718,6.761480784023));
#4023 = CARTESIAN_POINT('',(9.899494936612,9.899494936612));
#4024 = CARTESIAN_POINT('',(6.761480784023,-1.811733315718));
#4025 = CARTESIAN_POINT('',(3.623466631435,-13.52296156804));
#4026 = CARTESIAN_POINT('',(-4.949747468306,-4.949747468306));
#4027 = ( GEOMETRIC_REPRESENTATION_CONTEXT(2) 
PARAMETRIC_REPRESENTATION_CONTEXT() REPRESENTATION_CONTEXT('2D SPACE',''
  ) );
#4028 = PCURVE('',#2898,#4029);
#4029 = DEFINITIONAL_REPRESENTATION('',(#4030),#4034);
#4030 = LINE('',#4031,#4032);
#4031 = CARTESIAN_POINT('',(10.210176124167,10.8));
#4032 = VECTOR('',#4033,1.);
#4033 = DIRECTION('',(-1.,-0.));
#4034 = ( GEOMETRIC_REPRESENTATION_CONTEXT(2) 
PARAMETRIC_REPRESENTATION_CONTEXT() REPRESENTATION_CONTEXT('2D SPACE',''
  ) );
#4035 = ORIENTED_EDGE('',*,*,#4036,.T.);
#4036 = EDGE_CURVE('',#4007,#4037,#4039,.T.);
#4037 = VERTEX_POINT('',#4038);
#4038 = CARTESIAN_POINT('',(-70.7,84.899494936612,389.1));
#4039 = SURFACE_CURVE('',#4040,(#4044,#4051),.PCURVE_S1.);
#4040 = LINE('',#4041,#4042);
#4041 = CARTESIAN_POINT('',(-70.7,79.949747468306,384.15025253169));
#4042 = VECTOR('',#4043,1.);
#4043 = DIRECTION('',(0.,0.707106781187,0.707106781187));
#4044 = PCURVE('',#2601,#4045);
#4045 = DEFINITIONAL_REPRESENTATION('',(#4046),#4050);
#4046 = LINE('',#4047,#4048);
#4047 = CARTESIAN_POINT('',(-4.949747468306,-4.949747468306));
#4048 = VECTOR('',#4049,1.);
#4049 = DIRECTION('',(0.707106781187,-0.707106781187));
#4050 = ( GEOMETRIC_REPRESENTATION_CONTEXT(2) 
PARAMETRIC_REPRESENTATION_CONTEXT() REPRESENTATION_CONTEXT('2D SPACE',''
  ) );
#4051 = PCURVE('',#2949,#4052);
#4052 = DEFINITIONAL_REPRESENTATION('',(#4053),#4057);
#4053 = LINE('',#4054,#4055);
#4054 = CARTESIAN_POINT('',(0.,-10.8));
#4055 = VECTOR('',#4056,1.);
#4056 = DIRECTION('',(1.,0.));
#4057 = ( GEOMETRIC_REPRESENTATION_CONTEXT(2) 
PARAMETRIC_REPRESENTATION_CONTEXT() REPRESENTATION_CONTEXT('2D SPACE',''
  ) );
#4058 = ORIENTED_EDGE('',*,*,#4059,.T.);
#4059 = EDGE_CURVE('',#4037,#4009,#4060,.T.);
#4060 = SURFACE_CURVE('',#4061,(#4065,#4072),.PCURVE_S1.);
#4061 = LINE('',#4062,#4063);
#4062 = CARTESIAN_POINT('',(-70.7,84.899494936612,389.1));
#4063 = VECTOR('',#4064,1.);
#4064 = DIRECTION('',(0.,-0.707106781187,0.707106781187));
#4065 = PCURVE('',#2601,#4066);
#4066 = DEFINITIONAL_REPRESENTATION('',(#4067),#4071);
#4067 = LINE('',#4068,#4069);
#4068 = CARTESIAN_POINT('',(0.,-9.899494936612));
#4069 = VECTOR('',#4070,1.);
#4070 = DIRECTION('',(0.707106781187,0.707106781187));
#4071 = ( GEOMETRIC_REPRESENTATION_CONTEXT(2) 
PARAMETRIC_REPRESENTATION_CONTEXT() REPRESENTATION_CONTEXT('2D SPACE',''
  ) );
#4072 = PCURVE('',#2925,#4073);
#4073 = DEFINITIONAL_REPRESENTATION('',(#4074),#4078);
#4074 = LINE('',#4075,#4076);
#4075 = CARTESIAN_POINT('',(0.,-10.8));
#4076 = VECTOR('',#4077,1.);
#4077 = DIRECTION('',(1.,0.));
#4078 = ( GEOMETRIC_REPRESENTATION_CONTEXT(2) 
PARAMETRIC_REPRESENTATION_CONTEXT() REPRESENTATION_CONTEXT('2D SPACE',''
  ) );
#4079 = FACE_BOUND('',#4080,.T.);
#4080 = EDGE_LOOP('',(#4081,#4105,#4126,#4147,#4168,#4190,#4191));
#4081 = ORIENTED_EDGE('',*,*,#4082,.F.);
#4082 = EDGE_CURVE('',#4083,#2640,#4085,.T.);
#4083 = VERTEX_POINT('',#4084);
#4084 = CARTESIAN_POINT('',(-70.7,78.288046532517,392.38804653251));
#4085 = SURFACE_CURVE('',#4086,(#4091,#4098),.PCURVE_S1.);
#4086 = CIRCLE('',#4087,4.65);
#4087 = AXIS2_PLACEMENT_3D('',#4088,#4089,#4090);
#4088 = CARTESIAN_POINT('',(-70.7,75.,389.1));
#4089 = DIRECTION('',(1.,0.,0.));
#4090 = DIRECTION('',(-0.,0.,1.));
#4091 = PCURVE('',#2601,#4092);
#4092 = DEFINITIONAL_REPRESENTATION('',(#4093),#4097);
#4093 = CIRCLE('',#4094,4.65);
#4094 = AXIS2_PLACEMENT_2D('',#4095,#4096);
#4095 = CARTESIAN_POINT('',(0.,0.));
#4096 = DIRECTION('',(1.,0.));
#4097 = ( GEOMETRIC_REPRESENTATION_CONTEXT(2) 
PARAMETRIC_REPRESENTATION_CONTEXT() REPRESENTATION_CONTEXT('2D SPACE',''
  ) );
#4098 = PCURVE('',#3880,#4099);
#4099 = DEFINITIONAL_REPRESENTATION('',(#4100),#4104);
#4100 = LINE('',#4101,#4102);
#4101 = CARTESIAN_POINT('',(0.,0.5));
#4102 = VECTOR('',#4103,1.);
#4103 = DIRECTION('',(1.,0.));
#4104 = ( GEOMETRIC_REPRESENTATION_CONTEXT(2) 
PARAMETRIC_REPRESENTATION_CONTEXT() REPRESENTATION_CONTEXT('2D SPACE',''
  ) );
#4105 = ORIENTED_EDGE('',*,*,#4106,.T.);
#4106 = EDGE_CURVE('',#4083,#4107,#4109,.T.);
#4107 = VERTEX_POINT('',#4108);
#4108 = CARTESIAN_POINT('',(-70.7,79.85,390.82609306503));
#4109 = SURFACE_CURVE('',#4110,(#4114,#4120),.PCURVE_S1.);
#4110 = LINE('',#4111,#4112);
#4111 = CARTESIAN_POINT('',(-70.7,79.932069798776,390.74402326625));
#4112 = VECTOR('',#4113,1.);
#4113 = DIRECTION('',(0.,0.707106781187,-0.707106781187));
#4114 = PCURVE('',#2601,#4115);
#4115 = DEFINITIONAL_REPRESENTATION('',(#4116),#4119);
#4116 = B_SPLINE_CURVE_WITH_KNOTS('',1,(#4117,#4118),.UNSPECIFIED.,.F.,
  .F.,(2,2),(-2.325,-0.11606422249),.PIECEWISE_BEZIER_KNOTS.);
#4117 = CARTESIAN_POINT('',(3.288046532517,-3.288046532517));
#4118 = CARTESIAN_POINT('',(1.726093065035,-4.85));
#4119 = ( GEOMETRIC_REPRESENTATION_CONTEXT(2) 
PARAMETRIC_REPRESENTATION_CONTEXT() REPRESENTATION_CONTEXT('2D SPACE',''
  ) );
#4120 = PCURVE('',#3960,#4121);
#4121 = DEFINITIONAL_REPRESENTATION('',(#4122),#4125);
#4122 = B_SPLINE_CURVE_WITH_KNOTS('',1,(#4123,#4124),.UNSPECIFIED.,.F.,
  .F.,(2,2),(-2.325,-0.11606422249),.PIECEWISE_BEZIER_KNOTS.);
#4123 = CARTESIAN_POINT('',(4.65,-0.5));
#4124 = CARTESIAN_POINT('',(2.44106422249,-0.5));
#4125 = ( GEOMETRIC_REPRESENTATION_CONTEXT(2) 
PARAMETRIC_REPRESENTATION_CONTEXT() REPRESENTATION_CONTEXT('2D SPACE',''
  ) );
#4126 = ORIENTED_EDGE('',*,*,#4127,.F.);
#4127 = EDGE_CURVE('',#4128,#4107,#4130,.T.);
#4128 = VERTEX_POINT('',#4129);
#4129 = CARTESIAN_POINT('',(-70.7,79.85,387.37390693496));
#4130 = SURFACE_CURVE('',#4131,(#4135,#4141),.PCURVE_S1.);
#4131 = LINE('',#4132,#4133);
#4132 = CARTESIAN_POINT('',(-70.7,79.85,386.275));
#4133 = VECTOR('',#4134,1.);
#4134 = DIRECTION('',(0.,-0.,1.));
#4135 = PCURVE('',#2601,#4136);
#4136 = DEFINITIONAL_REPRESENTATION('',(#4137),#4140);
#4137 = B_SPLINE_CURVE_WITH_KNOTS('',1,(#4138,#4139),.UNSPECIFIED.,.F.,
  .F.,(2,2),(1.098906934965,4.551093065035),.PIECEWISE_BEZIER_KNOTS.);
#4138 = CARTESIAN_POINT('',(-1.726093065035,-4.85));
#4139 = CARTESIAN_POINT('',(1.726093065035,-4.85));
#4140 = ( GEOMETRIC_REPRESENTATION_CONTEXT(2) 
PARAMETRIC_REPRESENTATION_CONTEXT() REPRESENTATION_CONTEXT('2D SPACE',''
  ) );
#4141 = PCURVE('',#3935,#4142);
#4142 = DEFINITIONAL_REPRESENTATION('',(#4143),#4146);
#4143 = B_SPLINE_CURVE_WITH_KNOTS('',1,(#4144,#4145),.UNSPECIFIED.,.F.,
  .F.,(2,2),(1.098906934965,4.551093065035),.PIECEWISE_BEZIER_KNOTS.);
#4144 = CARTESIAN_POINT('',(3.923906934965,1.5));
#4145 = CARTESIAN_POINT('',(7.376093065035,1.5));
#4146 = ( GEOMETRIC_REPRESENTATION_CONTEXT(2) 
PARAMETRIC_REPRESENTATION_CONTEXT() REPRESENTATION_CONTEXT('2D SPACE',''
  ) );
#4147 = ORIENTED_EDGE('',*,*,#4148,.T.);
#4148 = EDGE_CURVE('',#4128,#4149,#4151,.T.);
#4149 = VERTEX_POINT('',#4150);
#4150 = CARTESIAN_POINT('',(-70.7,78.288046532517,385.81195346748));
#4151 = SURFACE_CURVE('',#4152,(#4156,#4162),.PCURVE_S1.);
#4152 = LINE('',#4153,#4154);
#4153 = CARTESIAN_POINT('',(-70.7,78.288046532517,385.81195346748));
#4154 = VECTOR('',#4155,1.);
#4155 = DIRECTION('',(0.,-0.707106781187,-0.707106781187));
#4156 = PCURVE('',#2601,#4157);
#4157 = DEFINITIONAL_REPRESENTATION('',(#4158),#4161);
#4158 = B_SPLINE_CURVE_WITH_KNOTS('',1,(#4159,#4160),.UNSPECIFIED.,.F.,
  .F.,(2,2),(-2.20893577751,1.004859173558E-14),
  .PIECEWISE_BEZIER_KNOTS.);
#4159 = CARTESIAN_POINT('',(-1.726093065035,-4.85));
#4160 = CARTESIAN_POINT('',(-3.288046532517,-3.288046532517));
#4161 = ( GEOMETRIC_REPRESENTATION_CONTEXT(2) 
PARAMETRIC_REPRESENTATION_CONTEXT() REPRESENTATION_CONTEXT('2D SPACE',''
  ) );
#4162 = PCURVE('',#3908,#4163);
#4163 = DEFINITIONAL_REPRESENTATION('',(#4164),#4167);
#4164 = B_SPLINE_CURVE_WITH_KNOTS('',1,(#4165,#4166),.UNSPECIFIED.,.F.,
  .F.,(2,2),(-2.20893577751,1.004859173558E-14),
  .PIECEWISE_BEZIER_KNOTS.);
#4165 = CARTESIAN_POINT('',(2.20893577751,-0.5));
#4166 = CARTESIAN_POINT('',(0.,-0.5));
#4167 = ( GEOMETRIC_REPRESENTATION_CONTEXT(2) 
PARAMETRIC_REPRESENTATION_CONTEXT() REPRESENTATION_CONTEXT('2D SPACE',''
  ) );
#4168 = ORIENTED_EDGE('',*,*,#4169,.F.);
#4169 = EDGE_CURVE('',#2563,#4149,#4170,.T.);
#4170 = SURFACE_CURVE('',#4171,(#4176,#4183),.PCURVE_S1.);
#4171 = CIRCLE('',#4172,4.65);
#4172 = AXIS2_PLACEMENT_3D('',#4173,#4174,#4175);
#4173 = CARTESIAN_POINT('',(-70.7,75.,389.1));
#4174 = DIRECTION('',(1.,0.,0.));
#4175 = DIRECTION('',(-0.,0.,1.));
#4176 = PCURVE('',#2601,#4177);
#4177 = DEFINITIONAL_REPRESENTATION('',(#4178),#4182);
#4178 = CIRCLE('',#4179,4.65);
#4179 = AXIS2_PLACEMENT_2D('',#4180,#4181);
#4180 = CARTESIAN_POINT('',(0.,0.));
#4181 = DIRECTION('',(1.,0.));
#4182 = ( GEOMETRIC_REPRESENTATION_CONTEXT(2) 
PARAMETRIC_REPRESENTATION_CONTEXT() REPRESENTATION_CONTEXT('2D SPACE',''
  ) );
#4183 = PCURVE('',#3880,#4184);
#4184 = DEFINITIONAL_REPRESENTATION('',(#4185),#4189);
#4185 = LINE('',#4186,#4187);
#4186 = CARTESIAN_POINT('',(0.,0.5));
#4187 = VECTOR('',#4188,1.);
#4188 = DIRECTION('',(1.,0.));
#4189 = ( GEOMETRIC_REPRESENTATION_CONTEXT(2) 
PARAMETRIC_REPRESENTATION_CONTEXT() REPRESENTATION_CONTEXT('2D SPACE',''
  ) );
#4190 = ORIENTED_EDGE('',*,*,#2585,.T.);
#4191 = ORIENTED_EDGE('',*,*,#2639,.T.);
#4192 = ADVANCED_FACE('',(#4193),#2865,.T.);
#4193 = FACE_BOUND('',#4194,.T.);
#4194 = EDGE_LOOP('',(#4195,#4216,#4217,#4218));
#4195 = ORIENTED_EDGE('',*,*,#4196,.T.);
#4196 = EDGE_CURVE('',#2849,#3718,#4197,.T.);
#4197 = SEAM_CURVE('',#4198,(#4202,#4209),.PCURVE_S1.);
#4198 = LINE('',#4199,#4200);
#4199 = CARTESIAN_POINT('',(-81.5,88.,295.1));
#4200 = VECTOR('',#4201,1.);
#4201 = DIRECTION('',(1.,0.,0.));
#4202 = PCURVE('',#2865,#4203);
#4203 = DEFINITIONAL_REPRESENTATION('',(#4204),#4208);
#4204 = LINE('',#4205,#4206);
#4205 = CARTESIAN_POINT('',(6.28318530718,-0.));
#4206 = VECTOR('',#4207,1.);
#4207 = DIRECTION('',(0.,1.));
#4208 = ( GEOMETRIC_REPRESENTATION_CONTEXT(2) 
PARAMETRIC_REPRESENTATION_CONTEXT() REPRESENTATION_CONTEXT('2D SPACE',''
  ) );
#4209 = PCURVE('',#2865,#4210);
#4210 = DEFINITIONAL_REPRESENTATION('',(#4211),#4215);
#4211 = LINE('',#4212,#4213);
#4212 = CARTESIAN_POINT('',(0.,-0.));
#4213 = VECTOR('',#4214,1.);
#4214 = DIRECTION('',(0.,1.));
#4215 = ( GEOMETRIC_REPRESENTATION_CONTEXT(2) 
PARAMETRIC_REPRESENTATION_CONTEXT() REPRESENTATION_CONTEXT('2D SPACE',''
  ) );
#4216 = ORIENTED_EDGE('',*,*,#3717,.F.);
#4217 = ORIENTED_EDGE('',*,*,#4196,.F.);
#4218 = ORIENTED_EDGE('',*,*,#2848,.T.);
#4219 = ADVANCED_FACE('',(#4220),#2898,.T.);
#4220 = FACE_BOUND('',#4221,.T.);
#4221 = EDGE_LOOP('',(#4222,#4242,#4243,#4263));
#4222 = ORIENTED_EDGE('',*,*,#4223,.F.);
#4223 = EDGE_CURVE('',#2880,#4009,#4224,.T.);
#4224 = SURFACE_CURVE('',#4225,(#4229,#4235),.PCURVE_S1.);
#4225 = LINE('',#4226,#4227);
#4226 = CARTESIAN_POINT('',(-81.5,79.949747468306,394.0497474683));
#4227 = VECTOR('',#4228,1.);
#4228 = DIRECTION('',(1.,0.,0.));
#4229 = PCURVE('',#2898,#4230);
#4230 = DEFINITIONAL_REPRESENTATION('',(#4231),#4234);
#4231 = B_SPLINE_CURVE_WITH_KNOTS('',1,(#4232,#4233),.UNSPECIFIED.,.F.,
  .F.,(2,2),(0.,10.8),.PIECEWISE_BEZIER_KNOTS.);
#4232 = CARTESIAN_POINT('',(5.497787143782,0.));
#4233 = CARTESIAN_POINT('',(5.497787143782,10.8));
#4234 = ( GEOMETRIC_REPRESENTATION_CONTEXT(2) 
PARAMETRIC_REPRESENTATION_CONTEXT() REPRESENTATION_CONTEXT('2D SPACE',''
  ) );
#4235 = PCURVE('',#2925,#4236);
#4236 = DEFINITIONAL_REPRESENTATION('',(#4237),#4241);
#4237 = LINE('',#4238,#4239);
#4238 = CARTESIAN_POINT('',(7.,0.));
#4239 = VECTOR('',#4240,1.);
#4240 = DIRECTION('',(0.,-1.));
#4241 = ( GEOMETRIC_REPRESENTATION_CONTEXT(2) 
PARAMETRIC_REPRESENTATION_CONTEXT() REPRESENTATION_CONTEXT('2D SPACE',''
  ) );
#4242 = ORIENTED_EDGE('',*,*,#2879,.T.);
#4243 = ORIENTED_EDGE('',*,*,#4244,.T.);
#4244 = EDGE_CURVE('',#2882,#4007,#4245,.T.);
#4245 = SURFACE_CURVE('',#4246,(#4250,#4256),.PCURVE_S1.);
#4246 = LINE('',#4247,#4248);
#4247 = CARTESIAN_POINT('',(-81.5,79.949747468306,384.15025253169));
#4248 = VECTOR('',#4249,1.);
#4249 = DIRECTION('',(1.,0.,0.));
#4250 = PCURVE('',#2898,#4251);
#4251 = DEFINITIONAL_REPRESENTATION('',(#4252),#4255);
#4252 = B_SPLINE_CURVE_WITH_KNOTS('',1,(#4253,#4254),.UNSPECIFIED.,.F.,
  .F.,(2,2),(0.,10.8),.PIECEWISE_BEZIER_KNOTS.);
#4253 = CARTESIAN_POINT('',(10.210176124167,0.));
#4254 = CARTESIAN_POINT('',(10.210176124167,10.8));
#4255 = ( GEOMETRIC_REPRESENTATION_CONTEXT(2) 
PARAMETRIC_REPRESENTATION_CONTEXT() REPRESENTATION_CONTEXT('2D SPACE',''
  ) );
#4256 = PCURVE('',#2949,#4257);
#4257 = DEFINITIONAL_REPRESENTATION('',(#4258),#4262);
#4258 = LINE('',#4259,#4260);
#4259 = CARTESIAN_POINT('',(0.,0.));
#4260 = VECTOR('',#4261,1.);
#4261 = DIRECTION('',(0.,-1.));
#4262 = ( GEOMETRIC_REPRESENTATION_CONTEXT(2) 
PARAMETRIC_REPRESENTATION_CONTEXT() REPRESENTATION_CONTEXT('2D SPACE',''
  ) );
#4263 = ORIENTED_EDGE('',*,*,#4006,.T.);
#4264 = ADVANCED_FACE('',(#4265),#2925,.F.);
#4265 = FACE_BOUND('',#4266,.F.);
#4266 = EDGE_LOOP('',(#4267,#4268,#4289,#4290));
#4267 = ORIENTED_EDGE('',*,*,#2910,.T.);
#4268 = ORIENTED_EDGE('',*,*,#4269,.T.);
#4269 = EDGE_CURVE('',#2911,#4037,#4270,.T.);
#4270 = SURFACE_CURVE('',#4271,(#4275,#4282),.PCURVE_S1.);
#4271 = LINE('',#4272,#4273);
#4272 = CARTESIAN_POINT('',(-81.5,84.899494936612,389.1));
#4273 = VECTOR('',#4274,1.);
#4274 = DIRECTION('',(1.,0.,0.));
#4275 = PCURVE('',#2925,#4276);
#4276 = DEFINITIONAL_REPRESENTATION('',(#4277),#4281);
#4277 = LINE('',#4278,#4279);
#4278 = CARTESIAN_POINT('',(0.,0.));
#4279 = VECTOR('',#4280,1.);
#4280 = DIRECTION('',(0.,-1.));
#4281 = ( GEOMETRIC_REPRESENTATION_CONTEXT(2) 
PARAMETRIC_REPRESENTATION_CONTEXT() REPRESENTATION_CONTEXT('2D SPACE',''
  ) );
#4282 = PCURVE('',#2949,#4283);
#4283 = DEFINITIONAL_REPRESENTATION('',(#4284),#4288);
#4284 = LINE('',#4285,#4286);
#4285 = CARTESIAN_POINT('',(7.,0.));
#4286 = VECTOR('',#4287,1.);
#4287 = DIRECTION('',(0.,-1.));
#4288 = ( GEOMETRIC_REPRESENTATION_CONTEXT(2) 
PARAMETRIC_REPRESENTATION_CONTEXT() REPRESENTATION_CONTEXT('2D SPACE',''
  ) );
#4289 = ORIENTED_EDGE('',*,*,#4059,.T.);
#4290 = ORIENTED_EDGE('',*,*,#4223,.F.);
#4291 = ADVANCED_FACE('',(#4292),#2949,.F.);
#4292 = FACE_BOUND('',#4293,.F.);
#4293 = EDGE_LOOP('',(#4294,#4295,#4296,#4297));
#4294 = ORIENTED_EDGE('',*,*,#2936,.T.);
#4295 = ORIENTED_EDGE('',*,*,#4244,.T.);
#4296 = ORIENTED_EDGE('',*,*,#4036,.T.);
#4297 = ORIENTED_EDGE('',*,*,#4269,.F.);
#4298 = ADVANCED_FACE('',(#4299,#4302),#3419,.T.);
#4299 = FACE_BOUND('',#4300,.T.);
#4300 = EDGE_LOOP('',(#4301));
#4301 = ORIENTED_EDGE('',*,*,#3404,.T.);
#4302 = FACE_BOUND('',#4303,.T.);
#4303 = EDGE_LOOP('',(#4304));
#4304 = ORIENTED_EDGE('',*,*,#4305,.F.);
#4305 = EDGE_CURVE('',#4306,#4306,#4308,.T.);
#4306 = VERTEX_POINT('',#4307);
#4307 = CARTESIAN_POINT('',(104.,124.5,352.2));
#4308 = SURFACE_CURVE('',#4309,(#4314,#4321),.PCURVE_S1.);
#4309 = CIRCLE('',#4310,2.2);
#4310 = AXIS2_PLACEMENT_3D('',#4311,#4312,#4313);
#4311 = CARTESIAN_POINT('',(104.,124.5,350.));
#4312 = DIRECTION('',(0.,1.,0.));
#4313 = DIRECTION('',(0.,-0.,1.));
#4314 = PCURVE('',#3419,#4315);
#4315 = DEFINITIONAL_REPRESENTATION('',(#4316),#4320);
#4316 = CIRCLE('',#4317,2.2);
#4317 = AXIS2_PLACEMENT_2D('',#4318,#4319);
#4318 = CARTESIAN_POINT('',(0.,0.));
#4319 = DIRECTION('',(1.,0.));
#4320 = ( GEOMETRIC_REPRESENTATION_CONTEXT(2) 
PARAMETRIC_REPRESENTATION_CONTEXT() REPRESENTATION_CONTEXT('2D SPACE',''
  ) );
#4321 = PCURVE('',#3522,#4322);
#4322 = DEFINITIONAL_REPRESENTATION('',(#4323),#4327);
#4323 = LINE('',#4324,#4325);
#4324 = CARTESIAN_POINT('',(0.,20.5));
#4325 = VECTOR('',#4326,1.);
#4326 = DIRECTION('',(1.,0.));
#4327 = ( GEOMETRIC_REPRESENTATION_CONTEXT(2) 
PARAMETRIC_REPRESENTATION_CONTEXT() REPRESENTATION_CONTEXT('2D SPACE',''
  ) );
#4328 = ADVANCED_FACE('',(#4329,#4332),#3474,.T.);
#4329 = FACE_BOUND('',#4330,.T.);
#4330 = EDGE_LOOP('',(#4331));
#4331 = ORIENTED_EDGE('',*,*,#3459,.T.);
#4332 = FACE_BOUND('',#4333,.T.);
#4333 = EDGE_LOOP('',(#4334));
#4334 = ORIENTED_EDGE('',*,*,#4335,.F.);
#4335 = EDGE_CURVE('',#4336,#4336,#4338,.T.);
#4336 = VERTEX_POINT('',#4337);
#4337 = CARTESIAN_POINT('',(115.,124.5,352.2));
#4338 = SURFACE_CURVE('',#4339,(#4344,#4351),.PCURVE_S1.);
#4339 = CIRCLE('',#4340,2.2);
#4340 = AXIS2_PLACEMENT_3D('',#4341,#4342,#4343);
#4341 = CARTESIAN_POINT('',(115.,124.5,350.));
#4342 = DIRECTION('',(0.,1.,0.));
#4343 = DIRECTION('',(0.,-0.,1.));
#4344 = PCURVE('',#3474,#4345);
#4345 = DEFINITIONAL_REPRESENTATION('',(#4346),#4350);
#4346 = CIRCLE('',#4347,2.2);
#4347 = AXIS2_PLACEMENT_2D('',#4348,#4349);
#4348 = CARTESIAN_POINT('',(0.,0.));
#4349 = DIRECTION('',(1.,0.));
#4350 = ( GEOMETRIC_REPRESENTATION_CONTEXT(2) 
PARAMETRIC_REPRESENTATION_CONTEXT() REPRESENTATION_CONTEXT('2D SPACE',''
  ) );
#4351 = PCURVE('',#3553,#4352);
#4352 = DEFINITIONAL_REPRESENTATION('',(#4353),#4357);
#4353 = LINE('',#4354,#4355);
#4354 = CARTESIAN_POINT('',(0.,20.5));
#4355 = VECTOR('',#4356,1.);
#4356 = DIRECTION('',(1.,0.));
#4357 = ( GEOMETRIC_REPRESENTATION_CONTEXT(2) 
PARAMETRIC_REPRESENTATION_CONTEXT() REPRESENTATION_CONTEXT('2D SPACE',''
  ) );
#4358 = ADVANCED_FACE('',(#4359),#3522,.F.);
#4359 = FACE_BOUND('',#4360,.F.);
#4360 = EDGE_LOOP('',(#4361,#4362,#4383,#4384));
#4361 = ORIENTED_EDGE('',*,*,#4305,.F.);
#4362 = ORIENTED_EDGE('',*,*,#4363,.F.);
#4363 = EDGE_CURVE('',#3506,#4306,#4364,.T.);
#4364 = SEAM_CURVE('',#4365,(#4369,#4376),.PCURVE_S1.);
#4365 = LINE('',#4366,#4367);
#4366 = CARTESIAN_POINT('',(104.,104.,352.2));
#4367 = VECTOR('',#4368,1.);
#4368 = DIRECTION('',(0.,1.,0.));
#4369 = PCURVE('',#3522,#4370);
#4370 = DEFINITIONAL_REPRESENTATION('',(#4371),#4375);
#4371 = LINE('',#4372,#4373);
#4372 = CARTESIAN_POINT('',(6.28318530718,-0.));
#4373 = VECTOR('',#4374,1.);
#4374 = DIRECTION('',(0.,1.));
#4375 = ( GEOMETRIC_REPRESENTATION_CONTEXT(2) 
PARAMETRIC_REPRESENTATION_CONTEXT() REPRESENTATION_CONTEXT('2D SPACE',''
  ) );
#4376 = PCURVE('',#3522,#4377);
#4377 = DEFINITIONAL_REPRESENTATION('',(#4378),#4382);
#4378 = LINE('',#4379,#4380);
#4379 = CARTESIAN_POINT('',(0.,-0.));
#4380 = VECTOR('',#4381,1.);
#4381 = DIRECTION('',(0.,1.));
#4382 = ( GEOMETRIC_REPRESENTATION_CONTEXT(2) 
PARAMETRIC_REPRESENTATION_CONTEXT() REPRESENTATION_CONTEXT('2D SPACE',''
  ) );
#4383 = ORIENTED_EDGE('',*,*,#3505,.T.);
#4384 = ORIENTED_EDGE('',*,*,#4363,.T.);
#4385 = ADVANCED_FACE('',(#4386),#3553,.F.);
#4386 = FACE_BOUND('',#4387,.F.);
#4387 = EDGE_LOOP('',(#4388,#4389,#4410,#4411));
#4388 = ORIENTED_EDGE('',*,*,#4335,.F.);
#4389 = ORIENTED_EDGE('',*,*,#4390,.F.);
#4390 = EDGE_CURVE('',#3537,#4336,#4391,.T.);
#4391 = SEAM_CURVE('',#4392,(#4396,#4403),.PCURVE_S1.);
#4392 = LINE('',#4393,#4394);
#4393 = CARTESIAN_POINT('',(115.,104.,352.2));
#4394 = VECTOR('',#4395,1.);
#4395 = DIRECTION('',(0.,1.,0.));
#4396 = PCURVE('',#3553,#4397);
#4397 = DEFINITIONAL_REPRESENTATION('',(#4398),#4402);
#4398 = LINE('',#4399,#4400);
#4399 = CARTESIAN_POINT('',(6.28318530718,-0.));
#4400 = VECTOR('',#4401,1.);
#4401 = DIRECTION('',(0.,1.));
#4402 = ( GEOMETRIC_REPRESENTATION_CONTEXT(2) 
PARAMETRIC_REPRESENTATION_CONTEXT() REPRESENTATION_CONTEXT('2D SPACE',''
  ) );
#4403 = PCURVE('',#3553,#4404);
#4404 = DEFINITIONAL_REPRESENTATION('',(#4405),#4409);
#4405 = LINE('',#4406,#4407);
#4406 = CARTESIAN_POINT('',(0.,-0.));
#4407 = VECTOR('',#4408,1.);
#4408 = DIRECTION('',(0.,1.));
#4409 = ( GEOMETRIC_REPRESENTATION_CONTEXT(2) 
PARAMETRIC_REPRESENTATION_CONTEXT() REPRESENTATION_CONTEXT('2D SPACE',''
  ) );
#4410 = ORIENTED_EDGE('',*,*,#3536,.T.);
#4411 = ORIENTED_EDGE('',*,*,#4390,.T.);
#4412 = ADVANCED_FACE('',(#4413),#3591,.T.);
#4413 = FACE_BOUND('',#4414,.T.);
#4414 = EDGE_LOOP('',(#4415,#4435,#4436,#4437,#4438,#4458));
#4415 = ORIENTED_EDGE('',*,*,#4416,.F.);
#4416 = EDGE_CURVE('',#3744,#3571,#4417,.T.);
#4417 = SURFACE_CURVE('',#4418,(#4422,#4428),.PCURVE_S1.);
#4418 = LINE('',#4419,#4420);
#4419 = CARTESIAN_POINT('',(-77.7,91.288046532517,292.38804653251));
#4420 = VECTOR('',#4421,1.);
#4421 = DIRECTION('',(1.,0.,0.));
#4422 = PCURVE('',#3591,#4423);
#4423 = DEFINITIONAL_REPRESENTATION('',(#4424),#4427);
#4424 = B_SPLINE_CURVE_WITH_KNOTS('',1,(#4425,#4426),.UNSPECIFIED.,.F.,
  .F.,(2,2),(0.,14.4),.PIECEWISE_BEZIER_KNOTS.);
#4425 = CARTESIAN_POINT('',(5.497787143782,0.));
#4426 = CARTESIAN_POINT('',(5.497787143782,14.4));
#4427 = ( GEOMETRIC_REPRESENTATION_CONTEXT(2) 
PARAMETRIC_REPRESENTATION_CONTEXT() REPRESENTATION_CONTEXT('2D SPACE',''
  ) );
#4428 = PCURVE('',#3671,#4429);
#4429 = DEFINITIONAL_REPRESENTATION('',(#4430),#4434);
#4430 = LINE('',#4431,#4432);
#4431 = CARTESIAN_POINT('',(4.65,0.));
#4432 = VECTOR('',#4433,1.);
#4433 = DIRECTION('',(0.,-1.));
#4434 = ( GEOMETRIC_REPRESENTATION_CONTEXT(2) 
PARAMETRIC_REPRESENTATION_CONTEXT() REPRESENTATION_CONTEXT('2D SPACE',''
  ) );
#4435 = ORIENTED_EDGE('',*,*,#3743,.T.);
#4436 = ORIENTED_EDGE('',*,*,#3691,.T.);
#4437 = ORIENTED_EDGE('',*,*,#3830,.T.);
#4438 = ORIENTED_EDGE('',*,*,#4439,.T.);
#4439 = EDGE_CURVE('',#3810,#3569,#4440,.T.);
#4440 = SURFACE_CURVE('',#4441,(#4445,#4451),.PCURVE_S1.);
#4441 = LINE('',#4442,#4443);
#4442 = CARTESIAN_POINT('',(-77.7,91.288046532517,285.81195346748));
#4443 = VECTOR('',#4444,1.);
#4444 = DIRECTION('',(1.,0.,0.));
#4445 = PCURVE('',#3591,#4446);
#4446 = DEFINITIONAL_REPRESENTATION('',(#4447),#4450);
#4447 = B_SPLINE_CURVE_WITH_KNOTS('',1,(#4448,#4449),.UNSPECIFIED.,.F.,
  .F.,(2,2),(0.,14.4),.PIECEWISE_BEZIER_KNOTS.);
#4448 = CARTESIAN_POINT('',(10.210176124167,0.));
#4449 = CARTESIAN_POINT('',(10.210176124167,14.4));
#4450 = ( GEOMETRIC_REPRESENTATION_CONTEXT(2) 
PARAMETRIC_REPRESENTATION_CONTEXT() REPRESENTATION_CONTEXT('2D SPACE',''
  ) );
#4451 = PCURVE('',#3619,#4452);
#4452 = DEFINITIONAL_REPRESENTATION('',(#4453),#4457);
#4453 = LINE('',#4454,#4455);
#4454 = CARTESIAN_POINT('',(0.,0.));
#4455 = VECTOR('',#4456,1.);
#4456 = DIRECTION('',(0.,-1.));
#4457 = ( GEOMETRIC_REPRESENTATION_CONTEXT(2) 
PARAMETRIC_REPRESENTATION_CONTEXT() REPRESENTATION_CONTEXT('2D SPACE',''
  ) );
#4458 = ORIENTED_EDGE('',*,*,#3568,.T.);
#4459 = ADVANCED_FACE('',(#4460),#3619,.F.);
#4460 = FACE_BOUND('',#4461,.F.);
#4461 = EDGE_LOOP('',(#4462,#4463,#4464,#4465));
#4462 = ORIENTED_EDGE('',*,*,#3809,.T.);
#4463 = ORIENTED_EDGE('',*,*,#4439,.T.);
#4464 = ORIENTED_EDGE('',*,*,#3603,.T.);
#4465 = ORIENTED_EDGE('',*,*,#4466,.T.);
#4466 = EDGE_CURVE('',#3604,#3789,#4467,.T.);
#4467 = SURFACE_CURVE('',#4468,(#4472,#4478),.PCURVE_S1.);
#4468 = LINE('',#4469,#4470);
#4469 = CARTESIAN_POINT('',(-78.2,92.85,287.37390693496));
#4470 = VECTOR('',#4471,1.);
#4471 = DIRECTION('',(-1.,-0.,0.));
#4472 = PCURVE('',#3619,#4473);
#4473 = DEFINITIONAL_REPRESENTATION('',(#4474),#4477);
#4474 = B_SPLINE_CURVE_WITH_KNOTS('',1,(#4475,#4476),.UNSPECIFIED.,.F.,
  .F.,(2,2),(-14.9,-0.5),.PIECEWISE_BEZIER_KNOTS.);
#4475 = CARTESIAN_POINT('',(2.20893577751,-14.4));
#4476 = CARTESIAN_POINT('',(2.20893577751,0.));
#4477 = ( GEOMETRIC_REPRESENTATION_CONTEXT(2) 
PARAMETRIC_REPRESENTATION_CONTEXT() REPRESENTATION_CONTEXT('2D SPACE',''
  ) );
#4478 = PCURVE('',#3646,#4479);
#4479 = DEFINITIONAL_REPRESENTATION('',(#4480),#4483);
#4480 = B_SPLINE_CURVE_WITH_KNOTS('',1,(#4481,#4482),.UNSPECIFIED.,.F.,
  .F.,(2,2),(-14.9,-0.5),.PIECEWISE_BEZIER_KNOTS.);
#4481 = CARTESIAN_POINT('',(3.923906934965,15.4));
#4482 = CARTESIAN_POINT('',(3.923906934965,1.));
#4483 = ( GEOMETRIC_REPRESENTATION_CONTEXT(2) 
PARAMETRIC_REPRESENTATION_CONTEXT() REPRESENTATION_CONTEXT('2D SPACE',''
  ) );
#4484 = ADVANCED_FACE('',(#4485),#3671,.F.);
#4485 = FACE_BOUND('',#4486,.F.);
#4486 = EDGE_LOOP('',(#4487,#4488,#4507,#4508));
#4487 = ORIENTED_EDGE('',*,*,#3767,.T.);
#4488 = ORIENTED_EDGE('',*,*,#4489,.T.);
#4489 = EDGE_CURVE('',#3768,#3632,#4490,.T.);
#4490 = SURFACE_CURVE('',#4491,(#4495,#4501),.PCURVE_S1.);
#4491 = LINE('',#4492,#4493);
#4492 = CARTESIAN_POINT('',(-78.2,92.85,290.82609306503));
#4493 = VECTOR('',#4494,1.);
#4494 = DIRECTION('',(1.,0.,0.));
#4495 = PCURVE('',#3671,#4496);
#4496 = DEFINITIONAL_REPRESENTATION('',(#4497),#4500);
#4497 = B_SPLINE_CURVE_WITH_KNOTS('',1,(#4498,#4499),.UNSPECIFIED.,.F.,
  .F.,(2,2),(0.5,14.9),.PIECEWISE_BEZIER_KNOTS.);
#4498 = CARTESIAN_POINT('',(2.44106422249,0.));
#4499 = CARTESIAN_POINT('',(2.44106422249,-14.4));
#4500 = ( GEOMETRIC_REPRESENTATION_CONTEXT(2) 
PARAMETRIC_REPRESENTATION_CONTEXT() REPRESENTATION_CONTEXT('2D SPACE',''
  ) );
#4501 = PCURVE('',#3646,#4502);
#4502 = DEFINITIONAL_REPRESENTATION('',(#4503),#4506);
#4503 = B_SPLINE_CURVE_WITH_KNOTS('',1,(#4504,#4505),.UNSPECIFIED.,.F.,
  .F.,(2,2),(0.5,14.9),.PIECEWISE_BEZIER_KNOTS.);
#4504 = CARTESIAN_POINT('',(7.376093065035,1.));
#4505 = CARTESIAN_POINT('',(7.376093065035,15.4));
#4506 = ( GEOMETRIC_REPRESENTATION_CONTEXT(2) 
PARAMETRIC_REPRESENTATION_CONTEXT() REPRESENTATION_CONTEXT('2D SPACE',''
  ) );
#4507 = ORIENTED_EDGE('',*,*,#3657,.T.);
#4508 = ORIENTED_EDGE('',*,*,#4416,.F.);
#4509 = ADVANCED_FACE('',(#4510),#3646,.T.);
#4510 = FACE_BOUND('',#4511,.T.);
#4511 = EDGE_LOOP('',(#4512,#4513,#4514,#4515));
#4512 = ORIENTED_EDGE('',*,*,#4466,.T.);
#4513 = ORIENTED_EDGE('',*,*,#3788,.T.);
#4514 = ORIENTED_EDGE('',*,*,#4489,.T.);
#4515 = ORIENTED_EDGE('',*,*,#3631,.F.);
#4516 = ADVANCED_FACE('',(#4517),#3880,.T.);
#4517 = FACE_BOUND('',#4518,.T.);
#4518 = EDGE_LOOP('',(#4519,#4539,#4540,#4541,#4542,#4562));
#4519 = ORIENTED_EDGE('',*,*,#4520,.F.);
#4520 = EDGE_CURVE('',#4083,#3860,#4521,.T.);
#4521 = SURFACE_CURVE('',#4522,(#4526,#4532),.PCURVE_S1.);
#4522 = LINE('',#4523,#4524);
#4523 = CARTESIAN_POINT('',(-71.2,78.288046532517,392.38804653251));
#4524 = VECTOR('',#4525,1.);
#4525 = DIRECTION('',(1.,0.,0.));
#4526 = PCURVE('',#3880,#4527);
#4527 = DEFINITIONAL_REPRESENTATION('',(#4528),#4531);
#4528 = B_SPLINE_CURVE_WITH_KNOTS('',1,(#4529,#4530),.UNSPECIFIED.,.F.,
  .F.,(2,2),(0.,15.9),.PIECEWISE_BEZIER_KNOTS.);
#4529 = CARTESIAN_POINT('',(5.497787143782,0.));
#4530 = CARTESIAN_POINT('',(5.497787143782,15.9));
#4531 = ( GEOMETRIC_REPRESENTATION_CONTEXT(2) 
PARAMETRIC_REPRESENTATION_CONTEXT() REPRESENTATION_CONTEXT('2D SPACE',''
  ) );
#4532 = PCURVE('',#3960,#4533);
#4533 = DEFINITIONAL_REPRESENTATION('',(#4534),#4538);
#4534 = LINE('',#4535,#4536);
#4535 = CARTESIAN_POINT('',(4.65,0.));
#4536 = VECTOR('',#4537,1.);
#4537 = DIRECTION('',(0.,-1.));
#4538 = ( GEOMETRIC_REPRESENTATION_CONTEXT(2) 
PARAMETRIC_REPRESENTATION_CONTEXT() REPRESENTATION_CONTEXT('2D SPACE',''
  ) );
#4539 = ORIENTED_EDGE('',*,*,#4082,.T.);
#4540 = ORIENTED_EDGE('',*,*,#3980,.T.);
#4541 = ORIENTED_EDGE('',*,*,#4169,.T.);
#4542 = ORIENTED_EDGE('',*,*,#4543,.T.);
#4543 = EDGE_CURVE('',#4149,#3858,#4544,.T.);
#4544 = SURFACE_CURVE('',#4545,(#4549,#4555),.PCURVE_S1.);
#4545 = LINE('',#4546,#4547);
#4546 = CARTESIAN_POINT('',(-71.2,78.288046532517,385.81195346748));
#4547 = VECTOR('',#4548,1.);
#4548 = DIRECTION('',(1.,0.,0.));
#4549 = PCURVE('',#3880,#4550);
#4550 = DEFINITIONAL_REPRESENTATION('',(#4551),#4554);
#4551 = B_SPLINE_CURVE_WITH_KNOTS('',1,(#4552,#4553),.UNSPECIFIED.,.F.,
  .F.,(2,2),(0.,15.9),.PIECEWISE_BEZIER_KNOTS.);
#4552 = CARTESIAN_POINT('',(10.210176124167,0.));
#4553 = CARTESIAN_POINT('',(10.210176124167,15.9));
#4554 = ( GEOMETRIC_REPRESENTATION_CONTEXT(2) 
PARAMETRIC_REPRESENTATION_CONTEXT() REPRESENTATION_CONTEXT('2D SPACE',''
  ) );
#4555 = PCURVE('',#3908,#4556);
#4556 = DEFINITIONAL_REPRESENTATION('',(#4557),#4561);
#4557 = LINE('',#4558,#4559);
#4558 = CARTESIAN_POINT('',(0.,0.));
#4559 = VECTOR('',#4560,1.);
#4560 = DIRECTION('',(0.,-1.));
#4561 = ( GEOMETRIC_REPRESENTATION_CONTEXT(2) 
PARAMETRIC_REPRESENTATION_CONTEXT() REPRESENTATION_CONTEXT('2D SPACE',''
  ) );
#4562 = ORIENTED_EDGE('',*,*,#3857,.T.);
#4563 = ADVANCED_FACE('',(#4564),#3908,.F.);
#4564 = FACE_BOUND('',#4565,.F.);
#4565 = EDGE_LOOP('',(#4566,#4567,#4568,#4569));
#4566 = ORIENTED_EDGE('',*,*,#4148,.T.);
#4567 = ORIENTED_EDGE('',*,*,#4543,.T.);
#4568 = ORIENTED_EDGE('',*,*,#3892,.T.);
#4569 = ORIENTED_EDGE('',*,*,#4570,.T.);
#4570 = EDGE_CURVE('',#3893,#4128,#4571,.T.);
#4571 = SURFACE_CURVE('',#4572,(#4576,#4582),.PCURVE_S1.);
#4572 = LINE('',#4573,#4574);
#4573 = CARTESIAN_POINT('',(-71.7,79.85,387.37390693496));
#4574 = VECTOR('',#4575,1.);
#4575 = DIRECTION('',(-1.,-0.,0.));
#4576 = PCURVE('',#3908,#4577);
#4577 = DEFINITIONAL_REPRESENTATION('',(#4578),#4581);
#4578 = B_SPLINE_CURVE_WITH_KNOTS('',1,(#4579,#4580),.UNSPECIFIED.,.F.,
  .F.,(2,2),(-16.4,-0.5),.PIECEWISE_BEZIER_KNOTS.);
#4579 = CARTESIAN_POINT('',(2.20893577751,-15.9));
#4580 = CARTESIAN_POINT('',(2.20893577751,0.));
#4581 = ( GEOMETRIC_REPRESENTATION_CONTEXT(2) 
PARAMETRIC_REPRESENTATION_CONTEXT() REPRESENTATION_CONTEXT('2D SPACE',''
  ) );
#4582 = PCURVE('',#3935,#4583);
#4583 = DEFINITIONAL_REPRESENTATION('',(#4584),#4587);
#4584 = B_SPLINE_CURVE_WITH_KNOTS('',1,(#4585,#4586),.UNSPECIFIED.,.F.,
  .F.,(2,2),(-16.4,-0.5),.PIECEWISE_BEZIER_KNOTS.);
#4585 = CARTESIAN_POINT('',(3.923906934965,16.9));
#4586 = CARTESIAN_POINT('',(3.923906934965,1.));
#4587 = ( GEOMETRIC_REPRESENTATION_CONTEXT(2) 
PARAMETRIC_REPRESENTATION_CONTEXT() REPRESENTATION_CONTEXT('2D SPACE',''
  ) );
#4588 = ADVANCED_FACE('',(#4589),#3960,.F.);
#4589 = FACE_BOUND('',#4590,.F.);
#4590 = EDGE_LOOP('',(#4591,#4592,#4611,#4612));
#4591 = ORIENTED_EDGE('',*,*,#4106,.T.);
#4592 = ORIENTED_EDGE('',*,*,#4593,.T.);
#4593 = EDGE_CURVE('',#4107,#3921,#4594,.T.);
#4594 = SURFACE_CURVE('',#4595,(#4599,#4605),.PCURVE_S1.);
#4595 = LINE('',#4596,#4597);
#4596 = CARTESIAN_POINT('',(-71.7,79.85,390.82609306503));
#4597 = VECTOR('',#4598,1.);
#4598 = DIRECTION('',(1.,0.,0.));
#4599 = PCURVE('',#3960,#4600);
#4600 = DEFINITIONAL_REPRESENTATION('',(#4601),#4604);
#4601 = B_SPLINE_CURVE_WITH_KNOTS('',1,(#4602,#4603),.UNSPECIFIED.,.F.,
  .F.,(2,2),(0.5,16.4),.PIECEWISE_BEZIER_KNOTS.);
#4602 = CARTESIAN_POINT('',(2.44106422249,0.));
#4603 = CARTESIAN_POINT('',(2.44106422249,-15.9));
#4604 = ( GEOMETRIC_REPRESENTATION_CONTEXT(2) 
PARAMETRIC_REPRESENTATION_CONTEXT() REPRESENTATION_CONTEXT('2D SPACE',''
  ) );
#4605 = PCURVE('',#3935,#4606);
#4606 = DEFINITIONAL_REPRESENTATION('',(#4607),#4610);
#4607 = B_SPLINE_CURVE_WITH_KNOTS('',1,(#4608,#4609),.UNSPECIFIED.,.F.,
  .F.,(2,2),(0.5,16.4),.PIECEWISE_BEZIER_KNOTS.);
#4608 = CARTESIAN_POINT('',(7.376093065035,1.));
#4609 = CARTESIAN_POINT('',(7.376093065035,16.9));
#4610 = ( GEOMETRIC_REPRESENTATION_CONTEXT(2) 
PARAMETRIC_REPRESENTATION_CONTEXT() REPRESENTATION_CONTEXT('2D SPACE',''
  ) );
#4611 = ORIENTED_EDGE('',*,*,#3946,.T.);
#4612 = ORIENTED_EDGE('',*,*,#4520,.F.);
#4613 = ADVANCED_FACE('',(#4614),#3935,.T.);
#4614 = FACE_BOUND('',#4615,.T.);
#4615 = EDGE_LOOP('',(#4616,#4617,#4618,#4619));
#4616 = ORIENTED_EDGE('',*,*,#4570,.T.);
#4617 = ORIENTED_EDGE('',*,*,#4127,.T.);
#4618 = ORIENTED_EDGE('',*,*,#4593,.T.);
#4619 = ORIENTED_EDGE('',*,*,#3920,.F.);
#4620 = ( GEOMETRIC_REPRESENTATION_CONTEXT(3) 
GLOBAL_UNCERTAINTY_ASSIGNED_CONTEXT((#4624)) 
GLOBAL_UNIT_ASSIGNED_CONTEXT((#4621,#4622,#4623)) REPRESENTATION_CONTEXT
('Context #1','3D Context with UNIT and UNCERTAINTY') );
#4621 = ( LENGTH_UNIT() NAMED_UNIT(*) SI_UNIT(.MILLI.,.METRE.) );
#4622 = ( NAMED_UNIT(*) PLANE_ANGLE_UNIT() SI_UNIT($,.RADIAN.) );
#4623 = ( NAMED_UNIT(*) SI_UNIT($,.STERADIAN.) SOLID_ANGLE_UNIT() );
#4624 = UNCERTAINTY_MEASURE_WITH_UNIT(LENGTH_MEASURE(1.E-07),#4621,
  'distance_accuracy_value','confusion accuracy');
#4625 = CONTEXT_DEPENDENT_SHAPE_REPRESENTATION(#4626,#4628);
#4626 = ( REPRESENTATION_RELATIONSHIP('','',#44,#10) 
REPRESENTATION_RELATIONSHIP_WITH_TRANSFORMATION(#4627) 
SHAPE_REPRESENTATION_RELATIONSHIP() );
#4627 = ITEM_DEFINED_TRANSFORMATION('','',#11,#15);
#4628 = PRODUCT_DEFINITION_SHAPE('Placement','Placement of an item',
  #4629);
#4629 = NEXT_ASSEMBLY_USAGE_OCCURRENCE('1','yoke_L','',#5,#39,$);
#4630 = PRODUCT_RELATED_PRODUCT_CATEGORY('part',$,(#41));
#4631 = SHAPE_DEFINITION_REPRESENTATION(#4632,#4638);
#4632 = PRODUCT_DEFINITION_SHAPE('','',#4633);
#4633 = PRODUCT_DEFINITION('design','',#4634,#4637);
#4634 = PRODUCT_DEFINITION_FORMATION('','',#4635);
#4635 = PRODUCT('yoke_R','yoke_R','',(#4636));
#4636 = PRODUCT_CONTEXT('',#2,'mechanical');
#4637 = PRODUCT_DEFINITION_CONTEXT('part definition',#2,'design');
#4638 = ADVANCED_BREP_SHAPE_REPRESENTATION('',(#11,#4639),#9391);
#4639 = MANIFOLD_SOLID_BREP('',#4640);
#4640 = CLOSED_SHELL('',(#4641,#5386,#5861,#5961,#6010,#6059,#6108,#6157
    ,#6206,#6255,#6304,#6353,#6402,#6451,#6500,#6549,#6598,#6647,#6696,
    #6745,#6772,#6933,#7010,#7060,#7221,#7298,#7348,#7402,#7451,#7643,
    #7697,#7751,#7800,#7849,#7898,#7952,#8001,#8050,#8077,#8136,#8195,
    #8281,#8400,#8432,#8590,#8709,#8741,#8941,#8968,#9015,#9042,#9049,
    #9083,#9117,#9144,#9171,#9220,#9247,#9274,#9281,#9330,#9357,#9384));
#4641 = ADVANCED_FACE('',(#4642,#5204,#5295),#4656,.F.);
#4642 = FACE_BOUND('',#4643,.T.);
#4643 = EDGE_LOOP('',(#4644,#4679,#4707,#4735,#4763,#4791,#4819,#4847,
    #4875,#4903,#4931,#4959,#4987,#5015,#5043,#5071,#5099,#5127,#5155,
    #5183));
#4644 = ORIENTED_EDGE('',*,*,#4645,.F.);
#4645 = EDGE_CURVE('',#4646,#4648,#4650,.T.);
#4646 = VERTEX_POINT('',#4647);
#4647 = CARTESIAN_POINT('',(-90.,-129.,405.));
#4648 = VERTEX_POINT('',#4649);
#4649 = CARTESIAN_POINT('',(-90.,-129.,402.));
#4650 = SURFACE_CURVE('',#4651,(#4655,#4667),.PCURVE_S1.);
#4651 = LINE('',#4652,#4653);
#4652 = CARTESIAN_POINT('',(-90.,-129.,405.));
#4653 = VECTOR('',#4654,1.);
#4654 = DIRECTION('',(-0.,-0.,-1.));
#4655 = PCURVE('',#4656,#4661);
#4656 = PLANE('',#4657);
#4657 = AXIS2_PLACEMENT_3D('',#4658,#4659,#4660);
#4658 = CARTESIAN_POINT('',(-90.,-66.,335.));
#4659 = DIRECTION('',(1.,-0.,-0.));
#4660 = DIRECTION('',(0.,0.,-1.));
#4661 = DEFINITIONAL_REPRESENTATION('',(#4662),#4666);
#4662 = LINE('',#4663,#4664);
#4663 = CARTESIAN_POINT('',(-70.,-63.));
#4664 = VECTOR('',#4665,1.);
#4665 = DIRECTION('',(1.,-0.));
#4666 = ( GEOMETRIC_REPRESENTATION_CONTEXT(2) 
PARAMETRIC_REPRESENTATION_CONTEXT() REPRESENTATION_CONTEXT('2D SPACE',''
  ) );
#4667 = PCURVE('',#4668,#4673);
#4668 = PLANE('',#4669);
#4669 = AXIS2_PLACEMENT_3D('',#4670,#4671,#4672);
#4670 = CARTESIAN_POINT('',(-90.,-129.,335.));
#4671 = DIRECTION('',(-0.,-1.,-0.));
#4672 = DIRECTION('',(0.,0.,-1.));
#4673 = DEFINITIONAL_REPRESENTATION('',(#4674),#4678);
#4674 = LINE('',#4675,#4676);
#4675 = CARTESIAN_POINT('',(-70.,0.));
#4676 = VECTOR('',#4677,1.);
#4677 = DIRECTION('',(1.,-0.));
#4678 = ( GEOMETRIC_REPRESENTATION_CONTEXT(2) 
PARAMETRIC_REPRESENTATION_CONTEXT() REPRESENTATION_CONTEXT('2D SPACE',''
  ) );
#4679 = ORIENTED_EDGE('',*,*,#4680,.F.);
#4680 = EDGE_CURVE('',#4681,#4646,#4683,.T.);
#4681 = VERTEX_POINT('',#4682);
#4682 = CARTESIAN_POINT('',(-90.,-66.,405.));
#4683 = SURFACE_CURVE('',#4684,(#4688,#4695),.PCURVE_S1.);
#4684 = LINE('',#4685,#4686);
#4685 = CARTESIAN_POINT('',(-90.,-66.,405.));
#4686 = VECTOR('',#4687,1.);
#4687 = DIRECTION('',(-0.,-1.,-0.));
#4688 = PCURVE('',#4656,#4689);
#4689 = DEFINITIONAL_REPRESENTATION('',(#4690),#4694);
#4690 = LINE('',#4691,#4692);
#4691 = CARTESIAN_POINT('',(-70.,0.));
#4692 = VECTOR('',#4693,1.);
#4693 = DIRECTION('',(-0.,-1.));
#4694 = ( GEOMETRIC_REPRESENTATION_CONTEXT(2) 
PARAMETRIC_REPRESENTATION_CONTEXT() REPRESENTATION_CONTEXT('2D SPACE',''
  ) );
#4695 = PCURVE('',#4696,#4701);
#4696 = PLANE('',#4697);
#4697 = AXIS2_PLACEMENT_3D('',#4698,#4699,#4700);
#4698 = CARTESIAN_POINT('',(-90.,-66.,405.));
#4699 = DIRECTION('',(-0.,-0.,1.));
#4700 = DIRECTION('',(-1.,0.,0.));
#4701 = DEFINITIONAL_REPRESENTATION('',(#4702),#4706);
#4702 = LINE('',#4703,#4704);
#4703 = CARTESIAN_POINT('',(-0.,-0.));
#4704 = VECTOR('',#4705,1.);
#4705 = DIRECTION('',(-0.,1.));
#4706 = ( GEOMETRIC_REPRESENTATION_CONTEXT(2) 
PARAMETRIC_REPRESENTATION_CONTEXT() REPRESENTATION_CONTEXT('2D SPACE',''
  ) );
#4707 = ORIENTED_EDGE('',*,*,#4708,.F.);
#4708 = EDGE_CURVE('',#4709,#4681,#4711,.T.);
#4709 = VERTEX_POINT('',#4710);
#4710 = CARTESIAN_POINT('',(-90.,-66.,335.));
#4711 = SURFACE_CURVE('',#4712,(#4716,#4723),.PCURVE_S1.);
#4712 = LINE('',#4713,#4714);
#4713 = CARTESIAN_POINT('',(-90.,-66.,335.));
#4714 = VECTOR('',#4715,1.);
#4715 = DIRECTION('',(-0.,-0.,1.));
#4716 = PCURVE('',#4656,#4717);
#4717 = DEFINITIONAL_REPRESENTATION('',(#4718),#4722);
#4718 = LINE('',#4719,#4720);
#4719 = CARTESIAN_POINT('',(-0.,0.));
#4720 = VECTOR('',#4721,1.);
#4721 = DIRECTION('',(-1.,0.));
#4722 = ( GEOMETRIC_REPRESENTATION_CONTEXT(2) 
PARAMETRIC_REPRESENTATION_CONTEXT() REPRESENTATION_CONTEXT('2D SPACE',''
  ) );
#4723 = PCURVE('',#4724,#4729);
#4724 = PLANE('',#4725);
#4725 = AXIS2_PLACEMENT_3D('',#4726,#4727,#4728);
#4726 = CARTESIAN_POINT('',(-90.,-66.,335.));
#4727 = DIRECTION('',(-0.,-1.,-0.));
#4728 = DIRECTION('',(0.,0.,-1.));
#4729 = DEFINITIONAL_REPRESENTATION('',(#4730),#4734);
#4730 = LINE('',#4731,#4732);
#4731 = CARTESIAN_POINT('',(-0.,0.));
#4732 = VECTOR('',#4733,1.);
#4733 = DIRECTION('',(-1.,0.));
#4734 = ( GEOMETRIC_REPRESENTATION_CONTEXT(2) 
PARAMETRIC_REPRESENTATION_CONTEXT() REPRESENTATION_CONTEXT('2D SPACE',''
  ) );
#4735 = ORIENTED_EDGE('',*,*,#4736,.T.);
#4736 = EDGE_CURVE('',#4709,#4737,#4739,.T.);
#4737 = VERTEX_POINT('',#4738);
#4738 = CARTESIAN_POINT('',(-90.,-71.5,335.));
#4739 = SURFACE_CURVE('',#4740,(#4744,#4751),.PCURVE_S1.);
#4740 = LINE('',#4741,#4742);
#4741 = CARTESIAN_POINT('',(-90.,-66.,335.));
#4742 = VECTOR('',#4743,1.);
#4743 = DIRECTION('',(-0.,-1.,-0.));
#4744 = PCURVE('',#4656,#4745);
#4745 = DEFINITIONAL_REPRESENTATION('',(#4746),#4750);
#4746 = LINE('',#4747,#4748);
#4747 = CARTESIAN_POINT('',(-0.,0.));
#4748 = VECTOR('',#4749,1.);
#4749 = DIRECTION('',(-0.,-1.));
#4750 = ( GEOMETRIC_REPRESENTATION_CONTEXT(2) 
PARAMETRIC_REPRESENTATION_CONTEXT() REPRESENTATION_CONTEXT('2D SPACE',''
  ) );
#4751 = PCURVE('',#4752,#4757);
#4752 = PLANE('',#4753);
#4753 = AXIS2_PLACEMENT_3D('',#4754,#4755,#4756);
#4754 = CARTESIAN_POINT('',(-90.,-66.,335.));
#4755 = DIRECTION('',(-0.,-0.,1.));
#4756 = DIRECTION('',(-1.,0.,0.));
#4757 = DEFINITIONAL_REPRESENTATION('',(#4758),#4762);
#4758 = LINE('',#4759,#4760);
#4759 = CARTESIAN_POINT('',(-0.,-0.));
#4760 = VECTOR('',#4761,1.);
#4761 = DIRECTION('',(-0.,1.));
#4762 = ( GEOMETRIC_REPRESENTATION_CONTEXT(2) 
PARAMETRIC_REPRESENTATION_CONTEXT() REPRESENTATION_CONTEXT('2D SPACE',''
  ) );
#4763 = ORIENTED_EDGE('',*,*,#4764,.F.);
#4764 = EDGE_CURVE('',#4765,#4737,#4767,.T.);
#4765 = VERTEX_POINT('',#4766);
#4766 = CARTESIAN_POINT('',(-90.,-71.5,281.5));
#4767 = SURFACE_CURVE('',#4768,(#4772,#4779),.PCURVE_S1.);
#4768 = LINE('',#4769,#4770);
#4769 = CARTESIAN_POINT('',(-90.,-71.5,281.5));
#4770 = VECTOR('',#4771,1.);
#4771 = DIRECTION('',(-0.,-0.,1.));
#4772 = PCURVE('',#4656,#4773);
#4773 = DEFINITIONAL_REPRESENTATION('',(#4774),#4778);
#4774 = LINE('',#4775,#4776);
#4775 = CARTESIAN_POINT('',(53.5,-5.5));
#4776 = VECTOR('',#4777,1.);
#4777 = DIRECTION('',(-1.,0.));
#4778 = ( GEOMETRIC_REPRESENTATION_CONTEXT(2) 
PARAMETRIC_REPRESENTATION_CONTEXT() REPRESENTATION_CONTEXT('2D SPACE',''
  ) );
#4779 = PCURVE('',#4780,#4785);
#4780 = PLANE('',#4781);
#4781 = AXIS2_PLACEMENT_3D('',#4782,#4783,#4784);
#4782 = CARTESIAN_POINT('',(-90.,-71.5,281.5));
#4783 = DIRECTION('',(-0.,-1.,-0.));
#4784 = DIRECTION('',(0.,0.,-1.));
#4785 = DEFINITIONAL_REPRESENTATION('',(#4786),#4790);
#4786 = LINE('',#4787,#4788);
#4787 = CARTESIAN_POINT('',(-0.,0.));
#4788 = VECTOR('',#4789,1.);
#4789 = DIRECTION('',(-1.,0.));
#4790 = ( GEOMETRIC_REPRESENTATION_CONTEXT(2) 
PARAMETRIC_REPRESENTATION_CONTEXT() REPRESENTATION_CONTEXT('2D SPACE',''
  ) );
#4791 = ORIENTED_EDGE('',*,*,#4792,.T.);
#4792 = EDGE_CURVE('',#4765,#4793,#4795,.T.);
#4793 = VERTEX_POINT('',#4794);
#4794 = CARTESIAN_POINT('',(-90.,-90.51,281.5));
#4795 = SURFACE_CURVE('',#4796,(#4800,#4807),.PCURVE_S1.);
#4796 = LINE('',#4797,#4798);
#4797 = CARTESIAN_POINT('',(-90.,-71.5,281.5));
#4798 = VECTOR('',#4799,1.);
#4799 = DIRECTION('',(-0.,-1.,-0.));
#4800 = PCURVE('',#4656,#4801);
#4801 = DEFINITIONAL_REPRESENTATION('',(#4802),#4806);
#4802 = LINE('',#4803,#4804);
#4803 = CARTESIAN_POINT('',(53.5,-5.5));
#4804 = VECTOR('',#4805,1.);
#4805 = DIRECTION('',(-0.,-1.));
#4806 = ( GEOMETRIC_REPRESENTATION_CONTEXT(2) 
PARAMETRIC_REPRESENTATION_CONTEXT() REPRESENTATION_CONTEXT('2D SPACE',''
  ) );
#4807 = PCURVE('',#4808,#4813);
#4808 = PLANE('',#4809);
#4809 = AXIS2_PLACEMENT_3D('',#4810,#4811,#4812);
#4810 = CARTESIAN_POINT('',(-90.,-71.5,281.5));
#4811 = DIRECTION('',(-0.,-0.,1.));
#4812 = DIRECTION('',(-1.,0.,0.));
#4813 = DEFINITIONAL_REPRESENTATION('',(#4814),#4818);
#4814 = LINE('',#4815,#4816);
#4815 = CARTESIAN_POINT('',(-0.,-0.));
#4816 = VECTOR('',#4817,1.);
#4817 = DIRECTION('',(-0.,1.));
#4818 = ( GEOMETRIC_REPRESENTATION_CONTEXT(2) 
PARAMETRIC_REPRESENTATION_CONTEXT() REPRESENTATION_CONTEXT('2D SPACE',''
  ) );
#4819 = ORIENTED_EDGE('',*,*,#4820,.T.);
#4820 = EDGE_CURVE('',#4793,#4821,#4823,.T.);
#4821 = VERTEX_POINT('',#4822);
#4822 = CARTESIAN_POINT('',(-90.,-94.5,285.49));
#4823 = SURFACE_CURVE('',#4824,(#4828,#4835),.PCURVE_S1.);
#4824 = LINE('',#4825,#4826);
#4825 = CARTESIAN_POINT('',(-90.,-99.7575,290.7475));
#4826 = VECTOR('',#4827,1.);
#4827 = DIRECTION('',(-0.,-0.707106781187,0.707106781187));
#4828 = PCURVE('',#4656,#4829);
#4829 = DEFINITIONAL_REPRESENTATION('',(#4830),#4834);
#4830 = LINE('',#4831,#4832);
#4831 = CARTESIAN_POINT('',(44.2525,-33.7575));
#4832 = VECTOR('',#4833,1.);
#4833 = DIRECTION('',(-0.707106781187,-0.707106781187));
#4834 = ( GEOMETRIC_REPRESENTATION_CONTEXT(2) 
PARAMETRIC_REPRESENTATION_CONTEXT() REPRESENTATION_CONTEXT('2D SPACE',''
  ) );
#4835 = PCURVE('',#4836,#4841);
#4836 = PLANE('',#4837);
#4837 = AXIS2_PLACEMENT_3D('',#4838,#4839,#4840);
#4838 = CARTESIAN_POINT('',(-91.,-94.51,285.5));
#4839 = DIRECTION('',(-0.,-0.707106781187,-0.707106781187));
#4840 = DIRECTION('',(-0.,-0.707106781187,0.707106781187));
#4841 = DEFINITIONAL_REPRESENTATION('',(#4842),#4846);
#4842 = LINE('',#4843,#4844);
#4843 = CARTESIAN_POINT('',(7.421085668553,-1.));
#4844 = VECTOR('',#4845,1.);
#4845 = DIRECTION('',(1.,-0.));
#4846 = ( GEOMETRIC_REPRESENTATION_CONTEXT(2) 
PARAMETRIC_REPRESENTATION_CONTEXT() REPRESENTATION_CONTEXT('2D SPACE',''
  ) );
#4847 = ORIENTED_EDGE('',*,*,#4848,.T.);
#4848 = EDGE_CURVE('',#4821,#4849,#4851,.T.);
#4849 = VERTEX_POINT('',#4850);
#4850 = CARTESIAN_POINT('',(-90.,-94.5,299.6));
#4851 = SURFACE_CURVE('',#4852,(#4856,#4863),.PCURVE_S1.);
#4852 = LINE('',#4853,#4854);
#4853 = CARTESIAN_POINT('',(-90.,-94.5,281.5));
#4854 = VECTOR('',#4855,1.);
#4855 = DIRECTION('',(-0.,-0.,1.));
#4856 = PCURVE('',#4656,#4857);
#4857 = DEFINITIONAL_REPRESENTATION('',(#4858),#4862);
#4858 = LINE('',#4859,#4860);
#4859 = CARTESIAN_POINT('',(53.5,-28.5));
#4860 = VECTOR('',#4861,1.);
#4861 = DIRECTION('',(-1.,0.));
#4862 = ( GEOMETRIC_REPRESENTATION_CONTEXT(2) 
PARAMETRIC_REPRESENTATION_CONTEXT() REPRESENTATION_CONTEXT('2D SPACE',''
  ) );
#4863 = PCURVE('',#4864,#4869);
#4864 = PLANE('',#4865);
#4865 = AXIS2_PLACEMENT_3D('',#4866,#4867,#4868);
#4866 = CARTESIAN_POINT('',(-90.,-94.5,281.5));
#4867 = DIRECTION('',(-0.,-1.,-0.));
#4868 = DIRECTION('',(0.,0.,-1.));
#4869 = DEFINITIONAL_REPRESENTATION('',(#4870),#4874);
#4870 = LINE('',#4871,#4872);
#4871 = CARTESIAN_POINT('',(-0.,0.));
#4872 = VECTOR('',#4873,1.);
#4873 = DIRECTION('',(-1.,0.));
#4874 = ( GEOMETRIC_REPRESENTATION_CONTEXT(2) 
PARAMETRIC_REPRESENTATION_CONTEXT() REPRESENTATION_CONTEXT('2D SPACE',''
  ) );
#4875 = ORIENTED_EDGE('',*,*,#4876,.F.);
#4876 = EDGE_CURVE('',#4877,#4849,#4879,.T.);
#4877 = VERTEX_POINT('',#4878);
#4878 = CARTESIAN_POINT('',(-90.,-107.5,315.2));
#4879 = SURFACE_CURVE('',#4880,(#4884,#4891),.PCURVE_S1.);
#4880 = LINE('',#4881,#4882);
#4881 = CARTESIAN_POINT('',(-90.,-107.5,315.2));
#4882 = VECTOR('',#4883,1.);
#4883 = DIRECTION('',(0.,0.640184399664,-0.768221279597));
#4884 = PCURVE('',#4656,#4885);
#4885 = DEFINITIONAL_REPRESENTATION('',(#4886),#4890);
#4886 = LINE('',#4887,#4888);
#4887 = CARTESIAN_POINT('',(19.8,-41.5));
#4888 = VECTOR('',#4889,1.);
#4889 = DIRECTION('',(0.768221279597,0.640184399664));
#4890 = ( GEOMETRIC_REPRESENTATION_CONTEXT(2) 
PARAMETRIC_REPRESENTATION_CONTEXT() REPRESENTATION_CONTEXT('2D SPACE',''
  ) );
#4891 = PCURVE('',#4892,#4897);
#4892 = PLANE('',#4893);
#4893 = AXIS2_PLACEMENT_3D('',#4894,#4895,#4896);
#4894 = CARTESIAN_POINT('',(-90.,-107.5,315.2));
#4895 = DIRECTION('',(-0.,-0.768221279597,-0.640184399664));
#4896 = DIRECTION('',(-0.,-0.640184399664,0.768221279597));
#4897 = DEFINITIONAL_REPRESENTATION('',(#4898),#4902);
#4898 = LINE('',#4899,#4900);
#4899 = CARTESIAN_POINT('',(-0.,-0.));
#4900 = VECTOR('',#4901,1.);
#4901 = DIRECTION('',(-1.,0.));
#4902 = ( GEOMETRIC_REPRESENTATION_CONTEXT(2) 
PARAMETRIC_REPRESENTATION_CONTEXT() REPRESENTATION_CONTEXT('2D SPACE',''
  ) );
#4903 = ORIENTED_EDGE('',*,*,#4904,.F.);
#4904 = EDGE_CURVE('',#4905,#4877,#4907,.T.);
#4905 = VERTEX_POINT('',#4906);
#4906 = CARTESIAN_POINT('',(-90.,-109.5,315.2));
#4907 = SURFACE_CURVE('',#4908,(#4912,#4919),.PCURVE_S1.);
#4908 = LINE('',#4909,#4910);
#4909 = CARTESIAN_POINT('',(-90.,-109.5,315.2));
#4910 = VECTOR('',#4911,1.);
#4911 = DIRECTION('',(-0.,1.,-0.));
#4912 = PCURVE('',#4656,#4913);
#4913 = DEFINITIONAL_REPRESENTATION('',(#4914),#4918);
#4914 = LINE('',#4915,#4916);
#4915 = CARTESIAN_POINT('',(19.8,-43.5));
#4916 = VECTOR('',#4917,1.);
#4917 = DIRECTION('',(-0.,1.));
#4918 = ( GEOMETRIC_REPRESENTATION_CONTEXT(2) 
PARAMETRIC_REPRESENTATION_CONTEXT() REPRESENTATION_CONTEXT('2D SPACE',''
  ) );
#4919 = PCURVE('',#4920,#4925);
#4920 = PLANE('',#4921);
#4921 = AXIS2_PLACEMENT_3D('',#4922,#4923,#4924);
#4922 = CARTESIAN_POINT('',(-90.,-109.5,315.2));
#4923 = DIRECTION('',(-0.,-0.,-1.));
#4924 = DIRECTION('',(0.,-1.,0.));
#4925 = DEFINITIONAL_REPRESENTATION('',(#4926),#4930);
#4926 = LINE('',#4927,#4928);
#4927 = CARTESIAN_POINT('',(-0.,0.));
#4928 = VECTOR('',#4929,1.);
#4929 = DIRECTION('',(-1.,0.));
#4930 = ( GEOMETRIC_REPRESENTATION_CONTEXT(2) 
PARAMETRIC_REPRESENTATION_CONTEXT() REPRESENTATION_CONTEXT('2D SPACE',''
  ) );
#4931 = ORIENTED_EDGE('',*,*,#4932,.F.);
#4932 = EDGE_CURVE('',#4933,#4905,#4935,.T.);
#4933 = VERTEX_POINT('',#4934);
#4934 = CARTESIAN_POINT('',(-90.,-110.,315.5));
#4935 = SURFACE_CURVE('',#4936,(#4940,#4947),.PCURVE_S1.);
#4936 = LINE('',#4937,#4938);
#4937 = CARTESIAN_POINT('',(-90.,-110.,315.5));
#4938 = VECTOR('',#4939,1.);
#4939 = DIRECTION('',(0.,0.857492925713,-0.514495755428));
#4940 = PCURVE('',#4656,#4941);
#4941 = DEFINITIONAL_REPRESENTATION('',(#4942),#4946);
#4942 = LINE('',#4943,#4944);
#4943 = CARTESIAN_POINT('',(19.5,-44.));
#4944 = VECTOR('',#4945,1.);
#4945 = DIRECTION('',(0.514495755428,0.857492925713));
#4946 = ( GEOMETRIC_REPRESENTATION_CONTEXT(2) 
PARAMETRIC_REPRESENTATION_CONTEXT() REPRESENTATION_CONTEXT('2D SPACE',''
  ) );
#4947 = PCURVE('',#4948,#4953);
#4948 = PLANE('',#4949);
#4949 = AXIS2_PLACEMENT_3D('',#4950,#4951,#4952);
#4950 = CARTESIAN_POINT('',(-90.,-110.,315.5));
#4951 = DIRECTION('',(-0.,-0.514495755428,-0.857492925713));
#4952 = DIRECTION('',(-0.,-0.857492925713,0.514495755428));
#4953 = DEFINITIONAL_REPRESENTATION('',(#4954),#4958);
#4954 = LINE('',#4955,#4956);
#4955 = CARTESIAN_POINT('',(-0.,-0.));
#4956 = VECTOR('',#4957,1.);
#4957 = DIRECTION('',(-1.,0.));
#4958 = ( GEOMETRIC_REPRESENTATION_CONTEXT(2) 
PARAMETRIC_REPRESENTATION_CONTEXT() REPRESENTATION_CONTEXT('2D SPACE',''
  ) );
#4959 = ORIENTED_EDGE('',*,*,#4960,.F.);
#4960 = EDGE_CURVE('',#4961,#4933,#4963,.T.);
#4961 = VERTEX_POINT('',#4962);
#4962 = CARTESIAN_POINT('',(-90.,-114.5,320.9));
#4963 = SURFACE_CURVE('',#4964,(#4968,#4975),.PCURVE_S1.);
#4964 = LINE('',#4965,#4966);
#4965 = CARTESIAN_POINT('',(-90.,-114.5,320.9));
#4966 = VECTOR('',#4967,1.);
#4967 = DIRECTION('',(0.,0.640184399664,-0.768221279597));
#4968 = PCURVE('',#4656,#4969);
#4969 = DEFINITIONAL_REPRESENTATION('',(#4970),#4974);
#4970 = LINE('',#4971,#4972);
#4971 = CARTESIAN_POINT('',(14.1,-48.5));
#4972 = VECTOR('',#4973,1.);
#4973 = DIRECTION('',(0.768221279597,0.640184399664));
#4974 = ( GEOMETRIC_REPRESENTATION_CONTEXT(2) 
PARAMETRIC_REPRESENTATION_CONTEXT() REPRESENTATION_CONTEXT('2D SPACE',''
  ) );
#4975 = PCURVE('',#4976,#4981);
#4976 = PLANE('',#4977);
#4977 = AXIS2_PLACEMENT_3D('',#4978,#4979,#4980);
#4978 = CARTESIAN_POINT('',(-90.,-114.5,320.9));
#4979 = DIRECTION('',(-0.,-0.768221279597,-0.640184399664));
#4980 = DIRECTION('',(-0.,-0.640184399664,0.768221279597));
#4981 = DEFINITIONAL_REPRESENTATION('',(#4982),#4986);
#4982 = LINE('',#4983,#4984);
#4983 = CARTESIAN_POINT('',(-0.,-0.));
#4984 = VECTOR('',#4985,1.);
#4985 = DIRECTION('',(-1.,0.));
#4986 = ( GEOMETRIC_REPRESENTATION_CONTEXT(2) 
PARAMETRIC_REPRESENTATION_CONTEXT() REPRESENTATION_CONTEXT('2D SPACE',''
  ) );
#4987 = ORIENTED_EDGE('',*,*,#4988,.F.);
#4988 = EDGE_CURVE('',#4989,#4961,#4991,.T.);
#4989 = VERTEX_POINT('',#4990);
#4990 = CARTESIAN_POINT('',(-90.,-116.5,320.9));
#4991 = SURFACE_CURVE('',#4992,(#4996,#5003),.PCURVE_S1.);
#4992 = LINE('',#4993,#4994);
#4993 = CARTESIAN_POINT('',(-90.,-116.5,320.9));
#4994 = VECTOR('',#4995,1.);
#4995 = DIRECTION('',(-0.,1.,-0.));
#4996 = PCURVE('',#4656,#4997);
#4997 = DEFINITIONAL_REPRESENTATION('',(#4998),#5002);
#4998 = LINE('',#4999,#5000);
#4999 = CARTESIAN_POINT('',(14.1,-50.5));
#5000 = VECTOR('',#5001,1.);
#5001 = DIRECTION('',(-0.,1.));
#5002 = ( GEOMETRIC_REPRESENTATION_CONTEXT(2) 
PARAMETRIC_REPRESENTATION_CONTEXT() REPRESENTATION_CONTEXT('2D SPACE',''
  ) );
#5003 = PCURVE('',#5004,#5009);
#5004 = PLANE('',#5005);
#5005 = AXIS2_PLACEMENT_3D('',#5006,#5007,#5008);
#5006 = CARTESIAN_POINT('',(-90.,-116.5,320.9));
#5007 = DIRECTION('',(-0.,-0.,-1.));
#5008 = DIRECTION('',(0.,-1.,0.));
#5009 = DEFINITIONAL_REPRESENTATION('',(#5010),#5014);
#5010 = LINE('',#5011,#5012);
#5011 = CARTESIAN_POINT('',(-0.,0.));
#5012 = VECTOR('',#5013,1.);
#5013 = DIRECTION('',(-1.,0.));
#5014 = ( GEOMETRIC_REPRESENTATION_CONTEXT(2) 
PARAMETRIC_REPRESENTATION_CONTEXT() REPRESENTATION_CONTEXT('2D SPACE',''
  ) );
#5015 = ORIENTED_EDGE('',*,*,#5016,.F.);
#5016 = EDGE_CURVE('',#5017,#4989,#5019,.T.);
#5017 = VERTEX_POINT('',#5018);
#5018 = CARTESIAN_POINT('',(-90.,-117.,321.3));
#5019 = SURFACE_CURVE('',#5020,(#5024,#5031),.PCURVE_S1.);
#5020 = LINE('',#5021,#5022);
#5021 = CARTESIAN_POINT('',(-90.,-117.,321.3));
#5022 = VECTOR('',#5023,1.);
#5023 = DIRECTION('',(0.,0.780868809443,-0.624695047554));
#5024 = PCURVE('',#4656,#5025);
#5025 = DEFINITIONAL_REPRESENTATION('',(#5026),#5030);
#5026 = LINE('',#5027,#5028);
#5027 = CARTESIAN_POINT('',(13.7,-51.));
#5028 = VECTOR('',#5029,1.);
#5029 = DIRECTION('',(0.624695047554,0.780868809443));
#5030 = ( GEOMETRIC_REPRESENTATION_CONTEXT(2) 
PARAMETRIC_REPRESENTATION_CONTEXT() REPRESENTATION_CONTEXT('2D SPACE',''
  ) );
#5031 = PCURVE('',#5032,#5037);
#5032 = PLANE('',#5033);
#5033 = AXIS2_PLACEMENT_3D('',#5034,#5035,#5036);
#5034 = CARTESIAN_POINT('',(-90.,-117.,321.3));
#5035 = DIRECTION('',(-0.,-0.624695047554,-0.780868809443));
#5036 = DIRECTION('',(-0.,-0.780868809443,0.624695047554));
#5037 = DEFINITIONAL_REPRESENTATION('',(#5038),#5042);
#5038 = LINE('',#5039,#5040);
#5039 = CARTESIAN_POINT('',(-0.,-0.));
#5040 = VECTOR('',#5041,1.);
#5041 = DIRECTION('',(-1.,0.));
#5042 = ( GEOMETRIC_REPRESENTATION_CONTEXT(2) 
PARAMETRIC_REPRESENTATION_CONTEXT() REPRESENTATION_CONTEXT('2D SPACE',''
  ) );
#5043 = ORIENTED_EDGE('',*,*,#5044,.F.);
#5044 = EDGE_CURVE('',#5045,#5017,#5047,.T.);
#5045 = VERTEX_POINT('',#5046);
#5046 = CARTESIAN_POINT('',(-90.,-122.,327.3));
#5047 = SURFACE_CURVE('',#5048,(#5052,#5059),.PCURVE_S1.);
#5048 = LINE('',#5049,#5050);
#5049 = CARTESIAN_POINT('',(-90.,-122.,327.3));
#5050 = VECTOR('',#5051,1.);
#5051 = DIRECTION('',(0.,0.640184399664,-0.768221279597));
#5052 = PCURVE('',#4656,#5053);
#5053 = DEFINITIONAL_REPRESENTATION('',(#5054),#5058);
#5054 = LINE('',#5055,#5056);
#5055 = CARTESIAN_POINT('',(7.7,-56.));
#5056 = VECTOR('',#5057,1.);
#5057 = DIRECTION('',(0.768221279597,0.640184399664));
#5058 = ( GEOMETRIC_REPRESENTATION_CONTEXT(2) 
PARAMETRIC_REPRESENTATION_CONTEXT() REPRESENTATION_CONTEXT('2D SPACE',''
  ) );
#5059 = PCURVE('',#5060,#5065);
#5060 = PLANE('',#5061);
#5061 = AXIS2_PLACEMENT_3D('',#5062,#5063,#5064);
#5062 = CARTESIAN_POINT('',(-90.,-122.,327.3));
#5063 = DIRECTION('',(-0.,-0.768221279597,-0.640184399664));
#5064 = DIRECTION('',(-0.,-0.640184399664,0.768221279597));
#5065 = DEFINITIONAL_REPRESENTATION('',(#5066),#5070);
#5066 = LINE('',#5067,#5068);
#5067 = CARTESIAN_POINT('',(-0.,-0.));
#5068 = VECTOR('',#5069,1.);
#5069 = DIRECTION('',(-1.,0.));
#5070 = ( GEOMETRIC_REPRESENTATION_CONTEXT(2) 
PARAMETRIC_REPRESENTATION_CONTEXT() REPRESENTATION_CONTEXT('2D SPACE',''
  ) );
#5071 = ORIENTED_EDGE('',*,*,#5072,.F.);
#5072 = EDGE_CURVE('',#5073,#5045,#5075,.T.);
#5073 = VERTEX_POINT('',#5074);
#5074 = CARTESIAN_POINT('',(-90.,-124.,327.3));
#5075 = SURFACE_CURVE('',#5076,(#5080,#5087),.PCURVE_S1.);
#5076 = LINE('',#5077,#5078);
#5077 = CARTESIAN_POINT('',(-90.,-124.,327.3));
#5078 = VECTOR('',#5079,1.);
#5079 = DIRECTION('',(-0.,1.,-0.));
#5080 = PCURVE('',#4656,#5081);
#5081 = DEFINITIONAL_REPRESENTATION('',(#5082),#5086);
#5082 = LINE('',#5083,#5084);
#5083 = CARTESIAN_POINT('',(7.7,-58.));
#5084 = VECTOR('',#5085,1.);
#5085 = DIRECTION('',(-0.,1.));
#5086 = ( GEOMETRIC_REPRESENTATION_CONTEXT(2) 
PARAMETRIC_REPRESENTATION_CONTEXT() REPRESENTATION_CONTEXT('2D SPACE',''
  ) );
#5087 = PCURVE('',#5088,#5093);
#5088 = PLANE('',#5089);
#5089 = AXIS2_PLACEMENT_3D('',#5090,#5091,#5092);
#5090 = CARTESIAN_POINT('',(-90.,-124.,327.3));
#5091 = DIRECTION('',(-0.,-0.,-1.));
#5092 = DIRECTION('',(0.,-1.,0.));
#5093 = DEFINITIONAL_REPRESENTATION('',(#5094),#5098);
#5094 = LINE('',#5095,#5096);
#5095 = CARTESIAN_POINT('',(-0.,0.));
#5096 = VECTOR('',#5097,1.);
#5097 = DIRECTION('',(-1.,0.));
#5098 = ( GEOMETRIC_REPRESENTATION_CONTEXT(2) 
PARAMETRIC_REPRESENTATION_CONTEXT() REPRESENTATION_CONTEXT('2D SPACE',''
  ) );
#5099 = ORIENTED_EDGE('',*,*,#5100,.F.);
#5100 = EDGE_CURVE('',#5101,#5073,#5103,.T.);
#5101 = VERTEX_POINT('',#5102);
#5102 = CARTESIAN_POINT('',(-90.,-124.5,327.7));
#5103 = SURFACE_CURVE('',#5104,(#5108,#5115),.PCURVE_S1.);
#5104 = LINE('',#5105,#5106);
#5105 = CARTESIAN_POINT('',(-90.,-124.5,327.7));
#5106 = VECTOR('',#5107,1.);
#5107 = DIRECTION('',(0.,0.780868809443,-0.624695047554));
#5108 = PCURVE('',#4656,#5109);
#5109 = DEFINITIONAL_REPRESENTATION('',(#5110),#5114);
#5110 = LINE('',#5111,#5112);
#5111 = CARTESIAN_POINT('',(7.3,-58.5));
#5112 = VECTOR('',#5113,1.);
#5113 = DIRECTION('',(0.624695047554,0.780868809443));
#5114 = ( GEOMETRIC_REPRESENTATION_CONTEXT(2) 
PARAMETRIC_REPRESENTATION_CONTEXT() REPRESENTATION_CONTEXT('2D SPACE',''
  ) );
#5115 = PCURVE('',#5116,#5121);
#5116 = PLANE('',#5117);
#5117 = AXIS2_PLACEMENT_3D('',#5118,#5119,#5120);
#5118 = CARTESIAN_POINT('',(-90.,-124.5,327.7));
#5119 = DIRECTION('',(-0.,-0.624695047554,-0.780868809443));
#5120 = DIRECTION('',(-0.,-0.780868809443,0.624695047554));
#5121 = DEFINITIONAL_REPRESENTATION('',(#5122),#5126);
#5122 = LINE('',#5123,#5124);
#5123 = CARTESIAN_POINT('',(-0.,-0.));
#5124 = VECTOR('',#5125,1.);
#5125 = DIRECTION('',(-1.,0.));
#5126 = ( GEOMETRIC_REPRESENTATION_CONTEXT(2) 
PARAMETRIC_REPRESENTATION_CONTEXT() REPRESENTATION_CONTEXT('2D SPACE',''
  ) );
#5127 = ORIENTED_EDGE('',*,*,#5128,.F.);
#5128 = EDGE_CURVE('',#5129,#5101,#5131,.T.);
#5129 = VERTEX_POINT('',#5130);
#5130 = CARTESIAN_POINT('',(-90.,-125.,328.3));
#5131 = SURFACE_CURVE('',#5132,(#5136,#5143),.PCURVE_S1.);
#5132 = LINE('',#5133,#5134);
#5133 = CARTESIAN_POINT('',(-90.,-125.,328.3));
#5134 = VECTOR('',#5135,1.);
#5135 = DIRECTION('',(0.,0.640184399664,-0.768221279597));
#5136 = PCURVE('',#4656,#5137);
#5137 = DEFINITIONAL_REPRESENTATION('',(#5138),#5142);
#5138 = LINE('',#5139,#5140);
#5139 = CARTESIAN_POINT('',(6.7,-59.));
#5140 = VECTOR('',#5141,1.);
#5141 = DIRECTION('',(0.768221279597,0.640184399664));
#5142 = ( GEOMETRIC_REPRESENTATION_CONTEXT(2) 
PARAMETRIC_REPRESENTATION_CONTEXT() REPRESENTATION_CONTEXT('2D SPACE',''
  ) );
#5143 = PCURVE('',#5144,#5149);
#5144 = PLANE('',#5145);
#5145 = AXIS2_PLACEMENT_3D('',#5146,#5147,#5148);
#5146 = CARTESIAN_POINT('',(-90.,-125.,328.3));
#5147 = DIRECTION('',(-0.,-0.768221279597,-0.640184399664));
#5148 = DIRECTION('',(-0.,-0.640184399664,0.768221279597));
#5149 = DEFINITIONAL_REPRESENTATION('',(#5150),#5154);
#5150 = LINE('',#5151,#5152);
#5151 = CARTESIAN_POINT('',(-0.,-0.));
#5152 = VECTOR('',#5153,1.);
#5153 = DIRECTION('',(-1.,0.));
#5154 = ( GEOMETRIC_REPRESENTATION_CONTEXT(2) 
PARAMETRIC_REPRESENTATION_CONTEXT() REPRESENTATION_CONTEXT('2D SPACE',''
  ) );
#5155 = ORIENTED_EDGE('',*,*,#5156,.F.);
#5156 = EDGE_CURVE('',#5157,#5129,#5159,.T.);
#5157 = VERTEX_POINT('',#5158);
#5158 = CARTESIAN_POINT('',(-90.,-129.,328.3));
#5159 = SURFACE_CURVE('',#5160,(#5164,#5171),.PCURVE_S1.);
#5160 = LINE('',#5161,#5162);
#5161 = CARTESIAN_POINT('',(-90.,-129.,328.3));
#5162 = VECTOR('',#5163,1.);
#5163 = DIRECTION('',(-0.,1.,-0.));
#5164 = PCURVE('',#4656,#5165);
#5165 = DEFINITIONAL_REPRESENTATION('',(#5166),#5170);
#5166 = LINE('',#5167,#5168);
#5167 = CARTESIAN_POINT('',(6.7,-63.));
#5168 = VECTOR('',#5169,1.);
#5169 = DIRECTION('',(-0.,1.));
#5170 = ( GEOMETRIC_REPRESENTATION_CONTEXT(2) 
PARAMETRIC_REPRESENTATION_CONTEXT() REPRESENTATION_CONTEXT('2D SPACE',''
  ) );
#5171 = PCURVE('',#5172,#5177);
#5172 = PLANE('',#5173);
#5173 = AXIS2_PLACEMENT_3D('',#5174,#5175,#5176);
#5174 = CARTESIAN_POINT('',(-90.,-129.,328.3));
#5175 = DIRECTION('',(-0.,-0.,-1.));
#5176 = DIRECTION('',(0.,-1.,0.));
#5177 = DEFINITIONAL_REPRESENTATION('',(#5178),#5182);
#5178 = LINE('',#5179,#5180);
#5179 = CARTESIAN_POINT('',(-0.,0.));
#5180 = VECTOR('',#5181,1.);
#5181 = DIRECTION('',(-1.,0.));
#5182 = ( GEOMETRIC_REPRESENTATION_CONTEXT(2) 
PARAMETRIC_REPRESENTATION_CONTEXT() REPRESENTATION_CONTEXT('2D SPACE',''
  ) );
#5183 = ORIENTED_EDGE('',*,*,#5184,.F.);
#5184 = EDGE_CURVE('',#4648,#5157,#5185,.T.);
#5185 = SURFACE_CURVE('',#5186,(#5190,#5197),.PCURVE_S1.);
#5186 = LINE('',#5187,#5188);
#5187 = CARTESIAN_POINT('',(-90.,-129.,405.));
#5188 = VECTOR('',#5189,1.);
#5189 = DIRECTION('',(-0.,-0.,-1.));
#5190 = PCURVE('',#4656,#5191);
#5191 = DEFINITIONAL_REPRESENTATION('',(#5192),#5196);
#5192 = LINE('',#5193,#5194);
#5193 = CARTESIAN_POINT('',(-70.,-63.));
#5194 = VECTOR('',#5195,1.);
#5195 = DIRECTION('',(1.,-0.));
#5196 = ( GEOMETRIC_REPRESENTATION_CONTEXT(2) 
PARAMETRIC_REPRESENTATION_CONTEXT() REPRESENTATION_CONTEXT('2D SPACE',''
  ) );
#5197 = PCURVE('',#4668,#5198);
#5198 = DEFINITIONAL_REPRESENTATION('',(#5199),#5203);
#5199 = LINE('',#5200,#5201);
#5200 = CARTESIAN_POINT('',(-70.,0.));
#5201 = VECTOR('',#5202,1.);
#5202 = DIRECTION('',(1.,-0.));
#5203 = ( GEOMETRIC_REPRESENTATION_CONTEXT(2) 
PARAMETRIC_REPRESENTATION_CONTEXT() REPRESENTATION_CONTEXT('2D SPACE',''
  ) );
#5204 = FACE_BOUND('',#5205,.T.);
#5205 = EDGE_LOOP('',(#5206,#5241,#5269));
#5206 = ORIENTED_EDGE('',*,*,#5207,.F.);
#5207 = EDGE_CURVE('',#5208,#5210,#5212,.T.);
#5208 = VERTEX_POINT('',#5209);
#5209 = CARTESIAN_POINT('',(-90.,-85.66654762208,286.76654762208));
#5210 = VERTEX_POINT('',#5211);
#5211 = CARTESIAN_POINT('',(-90.,-85.66654762208,291.43345237791));
#5212 = SURFACE_CURVE('',#5213,(#5218,#5229),.PCURVE_S1.);
#5213 = CIRCLE('',#5214,3.3);
#5214 = AXIS2_PLACEMENT_3D('',#5215,#5216,#5217);
#5215 = CARTESIAN_POINT('',(-90.,-88.,289.1));
#5216 = DIRECTION('',(-1.,-0.,-0.));
#5217 = DIRECTION('',(-0.,-0.,1.));
#5218 = PCURVE('',#4656,#5219);
#5219 = DEFINITIONAL_REPRESENTATION('',(#5220),#5228);
#5220 = ( BOUNDED_CURVE() B_SPLINE_CURVE(2,(#5221,#5222,#5223,#5224,
#5225,#5226,#5227),.UNSPECIFIED.,.T.,.F.) B_SPLINE_CURVE_WITH_KNOTS((1,2
    ,2,2,2,1),(-2.094395102393,0.,2.094395102393,4.188790204786,
6.28318530718,8.377580409573),.UNSPECIFIED.) CURVE() 
GEOMETRIC_REPRESENTATION_ITEM() RATIONAL_B_SPLINE_CURVE((1.,0.5,1.,0.5,
1.,0.5,1.)) REPRESENTATION_ITEM('') );
#5221 = CARTESIAN_POINT('',(42.6,-22.));
#5222 = CARTESIAN_POINT('',(42.6,-16.28423233502));
#5223 = CARTESIAN_POINT('',(47.55,-19.14211616751));
#5224 = CARTESIAN_POINT('',(52.5,-22.));
#5225 = CARTESIAN_POINT('',(47.55,-24.85788383248));
#5226 = CARTESIAN_POINT('',(42.6,-27.71576766497));
#5227 = CARTESIAN_POINT('',(42.6,-22.));
#5228 = ( GEOMETRIC_REPRESENTATION_CONTEXT(2) 
PARAMETRIC_REPRESENTATION_CONTEXT() REPRESENTATION_CONTEXT('2D SPACE',''
  ) );
#5229 = PCURVE('',#5230,#5235);
#5230 = CYLINDRICAL_SURFACE('',#5231,3.3);
#5231 = AXIS2_PLACEMENT_3D('',#5232,#5233,#5234);
#5232 = CARTESIAN_POINT('',(-91.,-88.,289.1));
#5233 = DIRECTION('',(1.,-0.,-0.));
#5234 = DIRECTION('',(-0.,-0.,1.));
#5235 = DEFINITIONAL_REPRESENTATION('',(#5236),#5240);
#5236 = LINE('',#5237,#5238);
#5237 = CARTESIAN_POINT('',(-0.,1.));
#5238 = VECTOR('',#5239,1.);
#5239 = DIRECTION('',(-1.,0.));
#5240 = ( GEOMETRIC_REPRESENTATION_CONTEXT(2) 
PARAMETRIC_REPRESENTATION_CONTEXT() REPRESENTATION_CONTEXT('2D SPACE',''
  ) );
#5241 = ORIENTED_EDGE('',*,*,#5242,.F.);
#5242 = EDGE_CURVE('',#5243,#5208,#5245,.T.);
#5243 = VERTEX_POINT('',#5244);
#5244 = CARTESIAN_POINT('',(-90.,-83.33309524416,289.1));
#5245 = SURFACE_CURVE('',#5246,(#5250,#5257),.PCURVE_S1.);
#5246 = LINE('',#5247,#5248);
#5247 = CARTESIAN_POINT('',(-90.,-68.69154762208,303.74154762208));
#5248 = VECTOR('',#5249,1.);
#5249 = DIRECTION('',(-0.,-0.707106781187,-0.707106781187));
#5250 = PCURVE('',#4656,#5251);
#5251 = DEFINITIONAL_REPRESENTATION('',(#5252),#5256);
#5252 = LINE('',#5253,#5254);
#5253 = CARTESIAN_POINT('',(31.258452377916,-2.691547622084));
#5254 = VECTOR('',#5255,1.);
#5255 = DIRECTION('',(0.707106781187,-0.707106781187));
#5256 = ( GEOMETRIC_REPRESENTATION_CONTEXT(2) 
PARAMETRIC_REPRESENTATION_CONTEXT() REPRESENTATION_CONTEXT('2D SPACE',''
  ) );
#5257 = PCURVE('',#5258,#5263);
#5258 = PLANE('',#5259);
#5259 = AXIS2_PLACEMENT_3D('',#5260,#5261,#5262);
#5260 = CARTESIAN_POINT('',(-91.,-85.66654762208,286.76654762208));
#5261 = DIRECTION('',(0.,0.707106781187,-0.707106781187));
#5262 = DIRECTION('',(0.,-0.707106781187,-0.707106781187));
#5263 = DEFINITIONAL_REPRESENTATION('',(#5264),#5268);
#5264 = LINE('',#5265,#5266);
#5265 = CARTESIAN_POINT('',(-24.00627522128,-1.));
#5266 = VECTOR('',#5267,1.);
#5267 = DIRECTION('',(1.,-0.));
#5268 = ( GEOMETRIC_REPRESENTATION_CONTEXT(2) 
PARAMETRIC_REPRESENTATION_CONTEXT() REPRESENTATION_CONTEXT('2D SPACE',''
  ) );
#5269 = ORIENTED_EDGE('',*,*,#5270,.F.);
#5270 = EDGE_CURVE('',#5210,#5243,#5271,.T.);
#5271 = SURFACE_CURVE('',#5272,(#5276,#5283),.PCURVE_S1.);
#5272 = LINE('',#5273,#5274);
#5273 = CARTESIAN_POINT('',(-90.,-90.47482143312,296.24172618895));
#5274 = VECTOR('',#5275,1.);
#5275 = DIRECTION('',(0.,0.707106781187,-0.707106781187));
#5276 = PCURVE('',#4656,#5277);
#5277 = DEFINITIONAL_REPRESENTATION('',(#5278),#5282);
#5278 = LINE('',#5279,#5280);
#5279 = CARTESIAN_POINT('',(38.758273811042,-24.47482143312));
#5280 = VECTOR('',#5281,1.);
#5281 = DIRECTION('',(0.707106781187,0.707106781187));
#5282 = ( GEOMETRIC_REPRESENTATION_CONTEXT(2) 
PARAMETRIC_REPRESENTATION_CONTEXT() REPRESENTATION_CONTEXT('2D SPACE',''
  ) );
#5283 = PCURVE('',#5284,#5289);
#5284 = PLANE('',#5285);
#5285 = AXIS2_PLACEMENT_3D('',#5286,#5287,#5288);
#5286 = CARTESIAN_POINT('',(-91.,-83.33309524416,289.1));
#5287 = DIRECTION('',(-0.,0.707106781187,0.707106781187));
#5288 = DIRECTION('',(0.,0.707106781187,-0.707106781187));
#5289 = DEFINITIONAL_REPRESENTATION('',(#5290),#5294);
#5290 = LINE('',#5291,#5292);
#5291 = CARTESIAN_POINT('',(-10.09992603517,-1.));
#5292 = VECTOR('',#5293,1.);
#5293 = DIRECTION('',(1.,-0.));
#5294 = ( GEOMETRIC_REPRESENTATION_CONTEXT(2) 
PARAMETRIC_REPRESENTATION_CONTEXT() REPRESENTATION_CONTEXT('2D SPACE',''
  ) );
#5295 = FACE_BOUND('',#5296,.T.);
#5296 = EDGE_LOOP('',(#5297,#5332,#5360));
#5297 = ORIENTED_EDGE('',*,*,#5298,.F.);
#5298 = EDGE_CURVE('',#5299,#5301,#5303,.T.);
#5299 = VERTEX_POINT('',#5300);
#5300 = CARTESIAN_POINT('',(-90.,-72.66654762208,386.76654762208));
#5301 = VERTEX_POINT('',#5302);
#5302 = CARTESIAN_POINT('',(-90.,-72.66654762208,391.43345237791));
#5303 = SURFACE_CURVE('',#5304,(#5309,#5320),.PCURVE_S1.);
#5304 = CIRCLE('',#5305,3.3);
#5305 = AXIS2_PLACEMENT_3D('',#5306,#5307,#5308);
#5306 = CARTESIAN_POINT('',(-90.,-75.,389.1));
#5307 = DIRECTION('',(-1.,-0.,-0.));
#5308 = DIRECTION('',(-0.,-0.,1.));
#5309 = PCURVE('',#4656,#5310);
#5310 = DEFINITIONAL_REPRESENTATION('',(#5311),#5319);
#5311 = ( BOUNDED_CURVE() B_SPLINE_CURVE(2,(#5312,#5313,#5314,#5315,
#5316,#5317,#5318),.UNSPECIFIED.,.T.,.F.) B_SPLINE_CURVE_WITH_KNOTS((1,2
    ,2,2,2,1),(-2.094395102393,0.,2.094395102393,4.188790204786,
6.28318530718,8.377580409573),.UNSPECIFIED.) CURVE() 
GEOMETRIC_REPRESENTATION_ITEM() RATIONAL_B_SPLINE_CURVE((1.,0.5,1.,0.5,
1.,0.5,1.)) REPRESENTATION_ITEM('') );
#5312 = CARTESIAN_POINT('',(-57.4,-9.));
#5313 = CARTESIAN_POINT('',(-57.4,-3.284232335023));
#5314 = CARTESIAN_POINT('',(-52.45,-6.142116167511));
#5315 = CARTESIAN_POINT('',(-47.5,-9.));
#5316 = CARTESIAN_POINT('',(-52.45,-11.85788383248));
#5317 = CARTESIAN_POINT('',(-57.4,-14.71576766497));
#5318 = CARTESIAN_POINT('',(-57.4,-9.));
#5319 = ( GEOMETRIC_REPRESENTATION_CONTEXT(2) 
PARAMETRIC_REPRESENTATION_CONTEXT() REPRESENTATION_CONTEXT('2D SPACE',''
  ) );
#5320 = PCURVE('',#5321,#5326);
#5321 = CYLINDRICAL_SURFACE('',#5322,3.3);
#5322 = AXIS2_PLACEMENT_3D('',#5323,#5324,#5325);
#5323 = CARTESIAN_POINT('',(-91.,-75.,389.1));
#5324 = DIRECTION('',(1.,-0.,-0.));
#5325 = DIRECTION('',(-0.,-0.,1.));
#5326 = DEFINITIONAL_REPRESENTATION('',(#5327),#5331);
#5327 = LINE('',#5328,#5329);
#5328 = CARTESIAN_POINT('',(-0.,1.));
#5329 = VECTOR('',#5330,1.);
#5330 = DIRECTION('',(-1.,0.));
#5331 = ( GEOMETRIC_REPRESENTATION_CONTEXT(2) 
PARAMETRIC_REPRESENTATION_CONTEXT() REPRESENTATION_CONTEXT('2D SPACE',''
  ) );
#5332 = ORIENTED_EDGE('',*,*,#5333,.F.);
#5333 = EDGE_CURVE('',#5334,#5299,#5336,.T.);
#5334 = VERTEX_POINT('',#5335);
#5335 = CARTESIAN_POINT('',(-90.,-70.33309524416,389.1));
#5336 = SURFACE_CURVE('',#5337,(#5341,#5348),.PCURVE_S1.);
#5337 = LINE('',#5338,#5339);
#5338 = CARTESIAN_POINT('',(-90.,-83.94154762208,375.49154762208));
#5339 = VECTOR('',#5340,1.);
#5340 = DIRECTION('',(-0.,-0.707106781187,-0.707106781187));
#5341 = PCURVE('',#4656,#5342);
#5342 = DEFINITIONAL_REPRESENTATION('',(#5343),#5347);
#5343 = LINE('',#5344,#5345);
#5344 = CARTESIAN_POINT('',(-40.49154762208,-17.94154762208));
#5345 = VECTOR('',#5346,1.);
#5346 = DIRECTION('',(0.707106781187,-0.707106781187));
#5347 = ( GEOMETRIC_REPRESENTATION_CONTEXT(2) 
PARAMETRIC_REPRESENTATION_CONTEXT() REPRESENTATION_CONTEXT('2D SPACE',''
  ) );
#5348 = PCURVE('',#5349,#5354);
#5349 = PLANE('',#5350);
#5350 = AXIS2_PLACEMENT_3D('',#5351,#5352,#5353);
#5351 = CARTESIAN_POINT('',(-91.,-72.66654762208,386.76654762208));
#5352 = DIRECTION('',(0.,0.707106781187,-0.707106781187));
#5353 = DIRECTION('',(0.,-0.707106781187,-0.707106781187));
#5354 = DEFINITIONAL_REPRESENTATION('',(#5355),#5359);
#5355 = LINE('',#5356,#5357);
#5356 = CARTESIAN_POINT('',(15.945257915757,-1.));
#5357 = VECTOR('',#5358,1.);
#5358 = DIRECTION('',(1.,-0.));
#5359 = ( GEOMETRIC_REPRESENTATION_CONTEXT(2) 
PARAMETRIC_REPRESENTATION_CONTEXT() REPRESENTATION_CONTEXT('2D SPACE',''
  ) );
#5360 = ORIENTED_EDGE('',*,*,#5361,.F.);
#5361 = EDGE_CURVE('',#5301,#5334,#5362,.T.);
#5362 = SURFACE_CURVE('',#5363,(#5367,#5374),.PCURVE_S1.);
#5363 = LINE('',#5364,#5365);
#5364 = CARTESIAN_POINT('',(-90.,-55.72482143312,374.49172618895));
#5365 = VECTOR('',#5366,1.);
#5366 = DIRECTION('',(0.,0.707106781187,-0.707106781187));
#5367 = PCURVE('',#4656,#5368);
#5368 = DEFINITIONAL_REPRESENTATION('',(#5369),#5373);
#5369 = LINE('',#5370,#5371);
#5370 = CARTESIAN_POINT('',(-39.49172618895,10.275178566873));
#5371 = VECTOR('',#5372,1.);
#5372 = DIRECTION('',(0.707106781187,0.707106781187));
#5373 = ( GEOMETRIC_REPRESENTATION_CONTEXT(2) 
PARAMETRIC_REPRESENTATION_CONTEXT() REPRESENTATION_CONTEXT('2D SPACE',''
  ) );
#5374 = PCURVE('',#5375,#5380);
#5375 = PLANE('',#5376);
#5376 = AXIS2_PLACEMENT_3D('',#5377,#5378,#5379);
#5377 = CARTESIAN_POINT('',(-91.,-70.33309524416,389.1));
#5378 = DIRECTION('',(-0.,0.707106781187,0.707106781187));
#5379 = DIRECTION('',(0.,0.707106781187,-0.707106781187));
#5380 = DEFINITIONAL_REPRESENTATION('',(#5381),#5385);
#5381 = LINE('',#5382,#5383);
#5382 = CARTESIAN_POINT('',(20.659218946436,-1.));
#5383 = VECTOR('',#5384,1.);
#5384 = DIRECTION('',(1.,-0.));
#5385 = ( GEOMETRIC_REPRESENTATION_CONTEXT(2) 
PARAMETRIC_REPRESENTATION_CONTEXT() REPRESENTATION_CONTEXT('2D SPACE',''
  ) );
#5386 = ADVANCED_FACE('',(#5387,#5791,#5826),#4668,.T.);
#5387 = FACE_BOUND('',#5388,.F.);
#5388 = EDGE_LOOP('',(#5389,#5390,#5413,#5446,#5474,#5507,#5535,#5563,
    #5591,#5619,#5647,#5680,#5708,#5741,#5769,#5790));
#5389 = ORIENTED_EDGE('',*,*,#4645,.F.);
#5390 = ORIENTED_EDGE('',*,*,#5391,.T.);
#5391 = EDGE_CURVE('',#4646,#5392,#5394,.T.);
#5392 = VERTEX_POINT('',#5393);
#5393 = CARTESIAN_POINT('',(-89.86931771216,-129.,405.));
#5394 = SURFACE_CURVE('',#5395,(#5399,#5406),.PCURVE_S1.);
#5395 = LINE('',#5396,#5397);
#5396 = CARTESIAN_POINT('',(-90.,-129.,405.));
#5397 = VECTOR('',#5398,1.);
#5398 = DIRECTION('',(1.,-0.,-0.));
#5399 = PCURVE('',#4668,#5400);
#5400 = DEFINITIONAL_REPRESENTATION('',(#5401),#5405);
#5401 = LINE('',#5402,#5403);
#5402 = CARTESIAN_POINT('',(-70.,0.));
#5403 = VECTOR('',#5404,1.);
#5404 = DIRECTION('',(-0.,1.));
#5405 = ( GEOMETRIC_REPRESENTATION_CONTEXT(2) 
PARAMETRIC_REPRESENTATION_CONTEXT() REPRESENTATION_CONTEXT('2D SPACE',''
  ) );
#5406 = PCURVE('',#4696,#5407);
#5407 = DEFINITIONAL_REPRESENTATION('',(#5408),#5412);
#5408 = LINE('',#5409,#5410);
#5409 = CARTESIAN_POINT('',(-0.,63.));
#5410 = VECTOR('',#5411,1.);
#5411 = DIRECTION('',(-1.,0.));
#5412 = ( GEOMETRIC_REPRESENTATION_CONTEXT(2) 
PARAMETRIC_REPRESENTATION_CONTEXT() REPRESENTATION_CONTEXT('2D SPACE',''
  ) );
#5413 = ORIENTED_EDGE('',*,*,#5414,.T.);
#5414 = EDGE_CURVE('',#5392,#5415,#5417,.T.);
#5415 = VERTEX_POINT('',#5416);
#5416 = CARTESIAN_POINT('',(-55.5,-129.,436.5));
#5417 = SURFACE_CURVE('',#5418,(#5423,#5434),.PCURVE_S1.);
#5418 = CIRCLE('',#5419,34.5);
#5419 = AXIS2_PLACEMENT_3D('',#5420,#5421,#5422);
#5420 = CARTESIAN_POINT('',(-55.5,-129.,402.));
#5421 = DIRECTION('',(0.,1.,0.));
#5422 = DIRECTION('',(-0.,-0.,1.));
#5423 = PCURVE('',#4668,#5424);
#5424 = DEFINITIONAL_REPRESENTATION('',(#5425),#5433);
#5425 = ( BOUNDED_CURVE() B_SPLINE_CURVE(2,(#5426,#5427,#5428,#5429,
#5430,#5431,#5432),.UNSPECIFIED.,.T.,.F.) B_SPLINE_CURVE_WITH_KNOTS((1,2
    ,2,2,2,1),(-2.094395102393,0.,2.094395102393,4.188790204786,
6.28318530718,8.377580409573),.UNSPECIFIED.) CURVE() 
GEOMETRIC_REPRESENTATION_ITEM() RATIONAL_B_SPLINE_CURVE((1.,0.5,1.,0.5,
1.,0.5,1.)) REPRESENTATION_ITEM('') );
#5426 = CARTESIAN_POINT('',(-101.5,34.5));
#5427 = CARTESIAN_POINT('',(-101.5,94.255752861126));
#5428 = CARTESIAN_POINT('',(-49.75,64.377876430563));
#5429 = CARTESIAN_POINT('',(2.,34.5));
#5430 = CARTESIAN_POINT('',(-49.75,4.622123569437));
#5431 = CARTESIAN_POINT('',(-101.5,-25.25575286112));
#5432 = CARTESIAN_POINT('',(-101.5,34.5));
#5433 = ( GEOMETRIC_REPRESENTATION_CONTEXT(2) 
PARAMETRIC_REPRESENTATION_CONTEXT() REPRESENTATION_CONTEXT('2D SPACE',''
  ) );
#5434 = PCURVE('',#5435,#5440);
#5435 = CYLINDRICAL_SURFACE('',#5436,34.5);
#5436 = AXIS2_PLACEMENT_3D('',#5437,#5438,#5439);
#5437 = CARTESIAN_POINT('',(-55.5,-105.,402.));
#5438 = DIRECTION('',(-0.,-1.,-0.));
#5439 = DIRECTION('',(-0.,-0.,1.));
#5440 = DEFINITIONAL_REPRESENTATION('',(#5441),#5445);
#5441 = LINE('',#5442,#5443);
#5442 = CARTESIAN_POINT('',(-0.,24.));
#5443 = VECTOR('',#5444,1.);
#5444 = DIRECTION('',(-1.,0.));
#5445 = ( GEOMETRIC_REPRESENTATION_CONTEXT(2) 
PARAMETRIC_REPRESENTATION_CONTEXT() REPRESENTATION_CONTEXT('2D SPACE',''
  ) );
#5446 = ORIENTED_EDGE('',*,*,#5447,.T.);
#5447 = EDGE_CURVE('',#5415,#5448,#5450,.T.);
#5448 = VERTEX_POINT('',#5449);
#5449 = CARTESIAN_POINT('',(55.,-129.,436.5));
#5450 = SURFACE_CURVE('',#5451,(#5455,#5462),.PCURVE_S1.);
#5451 = LINE('',#5452,#5453);
#5452 = CARTESIAN_POINT('',(-55.5,-129.,436.5));
#5453 = VECTOR('',#5454,1.);
#5454 = DIRECTION('',(1.,-0.,-0.));
#5455 = PCURVE('',#4668,#5456);
#5456 = DEFINITIONAL_REPRESENTATION('',(#5457),#5461);
#5457 = LINE('',#5458,#5459);
#5458 = CARTESIAN_POINT('',(-101.5,34.5));
#5459 = VECTOR('',#5460,1.);
#5460 = DIRECTION('',(-0.,1.));
#5461 = ( GEOMETRIC_REPRESENTATION_CONTEXT(2) 
PARAMETRIC_REPRESENTATION_CONTEXT() REPRESENTATION_CONTEXT('2D SPACE',''
  ) );
#5462 = PCURVE('',#5463,#5468);
#5463 = PLANE('',#5464);
#5464 = AXIS2_PLACEMENT_3D('',#5465,#5466,#5467);
#5465 = CARTESIAN_POINT('',(-55.5,-105.,436.5));
#5466 = DIRECTION('',(-0.,-0.,1.));
#5467 = DIRECTION('',(-1.,0.,0.));
#5468 = DEFINITIONAL_REPRESENTATION('',(#5469),#5473);
#5469 = LINE('',#5470,#5471);
#5470 = CARTESIAN_POINT('',(-0.,24.));
#5471 = VECTOR('',#5472,1.);
#5472 = DIRECTION('',(-1.,0.));
#5473 = ( GEOMETRIC_REPRESENTATION_CONTEXT(2) 
PARAMETRIC_REPRESENTATION_CONTEXT() REPRESENTATION_CONTEXT('2D SPACE',''
  ) );
#5474 = ORIENTED_EDGE('',*,*,#5475,.T.);
#5475 = EDGE_CURVE('',#5448,#5476,#5478,.T.);
#5476 = VERTEX_POINT('',#5477);
#5477 = CARTESIAN_POINT('',(89.5,-129.,402.));
#5478 = SURFACE_CURVE('',#5479,(#5484,#5495),.PCURVE_S1.);
#5479 = CIRCLE('',#5480,34.5);
#5480 = AXIS2_PLACEMENT_3D('',#5481,#5482,#5483);
#5481 = CARTESIAN_POINT('',(55.,-129.,402.));
#5482 = DIRECTION('',(0.,1.,0.));
#5483 = DIRECTION('',(-0.,-0.,1.));
#5484 = PCURVE('',#4668,#5485);
#5485 = DEFINITIONAL_REPRESENTATION('',(#5486),#5494);
#5486 = ( BOUNDED_CURVE() B_SPLINE_CURVE(2,(#5487,#5488,#5489,#5490,
#5491,#5492,#5493),.UNSPECIFIED.,.T.,.F.) B_SPLINE_CURVE_WITH_KNOTS((1,2
    ,2,2,2,1),(-2.094395102393,0.,2.094395102393,4.188790204786,
6.28318530718,8.377580409573),.UNSPECIFIED.) CURVE() 
GEOMETRIC_REPRESENTATION_ITEM() RATIONAL_B_SPLINE_CURVE((1.,0.5,1.,0.5,
1.,0.5,1.)) REPRESENTATION_ITEM('') );
#5487 = CARTESIAN_POINT('',(-101.5,145.));
#5488 = CARTESIAN_POINT('',(-101.5,204.75575286112));
#5489 = CARTESIAN_POINT('',(-49.75,174.87787643056));
#5490 = CARTESIAN_POINT('',(2.,145.));
#5491 = CARTESIAN_POINT('',(-49.75,115.12212356943));
#5492 = CARTESIAN_POINT('',(-101.5,85.244247138874));
#5493 = CARTESIAN_POINT('',(-101.5,145.));
#5494 = ( GEOMETRIC_REPRESENTATION_CONTEXT(2) 
PARAMETRIC_REPRESENTATION_CONTEXT() REPRESENTATION_CONTEXT('2D SPACE',''
  ) );
#5495 = PCURVE('',#5496,#5501);
#5496 = CYLINDRICAL_SURFACE('',#5497,34.5);
#5497 = AXIS2_PLACEMENT_3D('',#5498,#5499,#5500);
#5498 = CARTESIAN_POINT('',(55.,-105.,402.));
#5499 = DIRECTION('',(-0.,-1.,-0.));
#5500 = DIRECTION('',(-0.,-0.,1.));
#5501 = DEFINITIONAL_REPRESENTATION('',(#5502),#5506);
#5502 = LINE('',#5503,#5504);
#5503 = CARTESIAN_POINT('',(-0.,24.));
#5504 = VECTOR('',#5505,1.);
#5505 = DIRECTION('',(-1.,0.));
#5506 = ( GEOMETRIC_REPRESENTATION_CONTEXT(2) 
PARAMETRIC_REPRESENTATION_CONTEXT() REPRESENTATION_CONTEXT('2D SPACE',''
  ) );
#5507 = ORIENTED_EDGE('',*,*,#5508,.F.);
#5508 = EDGE_CURVE('',#5509,#5476,#5511,.T.);
#5509 = VERTEX_POINT('',#5510);
#5510 = CARTESIAN_POINT('',(89.5,-129.,362.));
#5511 = SURFACE_CURVE('',#5512,(#5516,#5523),.PCURVE_S1.);
#5512 = LINE('',#5513,#5514);
#5513 = CARTESIAN_POINT('',(89.5,-129.,338.));
#5514 = VECTOR('',#5515,1.);
#5515 = DIRECTION('',(-0.,-0.,1.));
#5516 = PCURVE('',#4668,#5517);
#5517 = DEFINITIONAL_REPRESENTATION('',(#5518),#5522);
#5518 = LINE('',#5519,#5520);
#5519 = CARTESIAN_POINT('',(-3.,179.5));
#5520 = VECTOR('',#5521,1.);
#5521 = DIRECTION('',(-1.,0.));
#5522 = ( GEOMETRIC_REPRESENTATION_CONTEXT(2) 
PARAMETRIC_REPRESENTATION_CONTEXT() REPRESENTATION_CONTEXT('2D SPACE',''
  ) );
#5523 = PCURVE('',#5524,#5529);
#5524 = PLANE('',#5525);
#5525 = AXIS2_PLACEMENT_3D('',#5526,#5527,#5528);
#5526 = CARTESIAN_POINT('',(89.5,-105.,338.));
#5527 = DIRECTION('',(1.,-0.,-0.));
#5528 = DIRECTION('',(0.,0.,-1.));
#5529 = DEFINITIONAL_REPRESENTATION('',(#5530),#5534);
#5530 = LINE('',#5531,#5532);
#5531 = CARTESIAN_POINT('',(-0.,-24.));
#5532 = VECTOR('',#5533,1.);
#5533 = DIRECTION('',(-1.,0.));
#5534 = ( GEOMETRIC_REPRESENTATION_CONTEXT(2) 
PARAMETRIC_REPRESENTATION_CONTEXT() REPRESENTATION_CONTEXT('2D SPACE',''
  ) );
#5535 = ORIENTED_EDGE('',*,*,#5536,.T.);
#5536 = EDGE_CURVE('',#5509,#5537,#5539,.T.);
#5537 = VERTEX_POINT('',#5538);
#5538 = CARTESIAN_POINT('',(121.,-129.,362.));
#5539 = SURFACE_CURVE('',#5540,(#5544,#5551),.PCURVE_S1.);
#5540 = LINE('',#5541,#5542);
#5541 = CARTESIAN_POINT('',(80.5,-129.,362.));
#5542 = VECTOR('',#5543,1.);
#5543 = DIRECTION('',(1.,-0.,-0.));
#5544 = PCURVE('',#4668,#5545);
#5545 = DEFINITIONAL_REPRESENTATION('',(#5546),#5550);
#5546 = LINE('',#5547,#5548);
#5547 = CARTESIAN_POINT('',(-27.,170.5));
#5548 = VECTOR('',#5549,1.);
#5549 = DIRECTION('',(-0.,1.));
#5550 = ( GEOMETRIC_REPRESENTATION_CONTEXT(2) 
PARAMETRIC_REPRESENTATION_CONTEXT() REPRESENTATION_CONTEXT('2D SPACE',''
  ) );
#5551 = PCURVE('',#5552,#5557);
#5552 = PLANE('',#5553);
#5553 = AXIS2_PLACEMENT_3D('',#5554,#5555,#5556);
#5554 = CARTESIAN_POINT('',(80.5,-105.,362.));
#5555 = DIRECTION('',(-0.,-0.,1.));
#5556 = DIRECTION('',(-1.,0.,0.));
#5557 = DEFINITIONAL_REPRESENTATION('',(#5558),#5562);
#5558 = LINE('',#5559,#5560);
#5559 = CARTESIAN_POINT('',(-0.,24.));
#5560 = VECTOR('',#5561,1.);
#5561 = DIRECTION('',(-1.,0.));
#5562 = ( GEOMETRIC_REPRESENTATION_CONTEXT(2) 
PARAMETRIC_REPRESENTATION_CONTEXT() REPRESENTATION_CONTEXT('2D SPACE',''
  ) );
#5563 = ORIENTED_EDGE('',*,*,#5564,.F.);
#5564 = EDGE_CURVE('',#5565,#5537,#5567,.T.);
#5565 = VERTEX_POINT('',#5566);
#5566 = CARTESIAN_POINT('',(121.,-129.,338.));
#5567 = SURFACE_CURVE('',#5568,(#5572,#5579),.PCURVE_S1.);
#5568 = LINE('',#5569,#5570);
#5569 = CARTESIAN_POINT('',(121.,-129.,338.));
#5570 = VECTOR('',#5571,1.);
#5571 = DIRECTION('',(-0.,-0.,1.));
#5572 = PCURVE('',#4668,#5573);
#5573 = DEFINITIONAL_REPRESENTATION('',(#5574),#5578);
#5574 = LINE('',#5575,#5576);
#5575 = CARTESIAN_POINT('',(-3.,211.));
#5576 = VECTOR('',#5577,1.);
#5577 = DIRECTION('',(-1.,0.));
#5578 = ( GEOMETRIC_REPRESENTATION_CONTEXT(2) 
PARAMETRIC_REPRESENTATION_CONTEXT() REPRESENTATION_CONTEXT('2D SPACE',''
  ) );
#5579 = PCURVE('',#5580,#5585);
#5580 = PLANE('',#5581);
#5581 = AXIS2_PLACEMENT_3D('',#5582,#5583,#5584);
#5582 = CARTESIAN_POINT('',(121.,-105.,338.));
#5583 = DIRECTION('',(1.,-0.,-0.));
#5584 = DIRECTION('',(0.,0.,-1.));
#5585 = DEFINITIONAL_REPRESENTATION('',(#5586),#5590);
#5586 = LINE('',#5587,#5588);
#5587 = CARTESIAN_POINT('',(-0.,-24.));
#5588 = VECTOR('',#5589,1.);
#5589 = DIRECTION('',(-1.,0.));
#5590 = ( GEOMETRIC_REPRESENTATION_CONTEXT(2) 
PARAMETRIC_REPRESENTATION_CONTEXT() REPRESENTATION_CONTEXT('2D SPACE',''
  ) );
#5591 = ORIENTED_EDGE('',*,*,#5592,.T.);
#5592 = EDGE_CURVE('',#5565,#5593,#5595,.T.);
#5593 = VERTEX_POINT('',#5594);
#5594 = CARTESIAN_POINT('',(80.5,-129.,338.));
#5595 = SURFACE_CURVE('',#5596,(#5600,#5607),.PCURVE_S1.);
#5596 = LINE('',#5597,#5598);
#5597 = CARTESIAN_POINT('',(121.,-129.,338.));
#5598 = VECTOR('',#5599,1.);
#5599 = DIRECTION('',(-1.,-0.,-0.));
#5600 = PCURVE('',#4668,#5601);
#5601 = DEFINITIONAL_REPRESENTATION('',(#5602),#5606);
#5602 = LINE('',#5603,#5604);
#5603 = CARTESIAN_POINT('',(-3.,211.));
#5604 = VECTOR('',#5605,1.);
#5605 = DIRECTION('',(-0.,-1.));
#5606 = ( GEOMETRIC_REPRESENTATION_CONTEXT(2) 
PARAMETRIC_REPRESENTATION_CONTEXT() REPRESENTATION_CONTEXT('2D SPACE',''
  ) );
#5607 = PCURVE('',#5608,#5613);
#5608 = PLANE('',#5609);
#5609 = AXIS2_PLACEMENT_3D('',#5610,#5611,#5612);
#5610 = CARTESIAN_POINT('',(80.5,-105.,338.));
#5611 = DIRECTION('',(-0.,-0.,1.));
#5612 = DIRECTION('',(-1.,0.,0.));
#5613 = DEFINITIONAL_REPRESENTATION('',(#5614),#5618);
#5614 = LINE('',#5615,#5616);
#5615 = CARTESIAN_POINT('',(-40.5,24.));
#5616 = VECTOR('',#5617,1.);
#5617 = DIRECTION('',(1.,-0.));
#5618 = ( GEOMETRIC_REPRESENTATION_CONTEXT(2) 
PARAMETRIC_REPRESENTATION_CONTEXT() REPRESENTATION_CONTEXT('2D SPACE',''
  ) );
#5619 = ORIENTED_EDGE('',*,*,#5620,.T.);
#5620 = EDGE_CURVE('',#5593,#5621,#5623,.T.);
#5621 = VERTEX_POINT('',#5622);
#5622 = CARTESIAN_POINT('',(80.5,-129.,402.));
#5623 = SURFACE_CURVE('',#5624,(#5628,#5635),.PCURVE_S1.);
#5624 = LINE('',#5625,#5626);
#5625 = CARTESIAN_POINT('',(80.5,-129.,338.));
#5626 = VECTOR('',#5627,1.);
#5627 = DIRECTION('',(-0.,-0.,1.));
#5628 = PCURVE('',#4668,#5629);
#5629 = DEFINITIONAL_REPRESENTATION('',(#5630),#5634);
#5630 = LINE('',#5631,#5632);
#5631 = CARTESIAN_POINT('',(-3.,170.5));
#5632 = VECTOR('',#5633,1.);
#5633 = DIRECTION('',(-1.,0.));
#5634 = ( GEOMETRIC_REPRESENTATION_CONTEXT(2) 
PARAMETRIC_REPRESENTATION_CONTEXT() REPRESENTATION_CONTEXT('2D SPACE',''
  ) );
#5635 = PCURVE('',#5636,#5641);
#5636 = PLANE('',#5637);
#5637 = AXIS2_PLACEMENT_3D('',#5638,#5639,#5640);
#5638 = CARTESIAN_POINT('',(80.5,-105.,338.));
#5639 = DIRECTION('',(1.,-0.,-0.));
#5640 = DIRECTION('',(0.,0.,-1.));
#5641 = DEFINITIONAL_REPRESENTATION('',(#5642),#5646);
#5642 = LINE('',#5643,#5644);
#5643 = CARTESIAN_POINT('',(-0.,-24.));
#5644 = VECTOR('',#5645,1.);
#5645 = DIRECTION('',(-1.,0.));
#5646 = ( GEOMETRIC_REPRESENTATION_CONTEXT(2) 
PARAMETRIC_REPRESENTATION_CONTEXT() REPRESENTATION_CONTEXT('2D SPACE',''
  ) );
#5647 = ORIENTED_EDGE('',*,*,#5648,.F.);
#5648 = EDGE_CURVE('',#5649,#5621,#5651,.T.);
#5649 = VERTEX_POINT('',#5650);
#5650 = CARTESIAN_POINT('',(55.,-129.,427.5));
#5651 = SURFACE_CURVE('',#5652,(#5657,#5668),.PCURVE_S1.);
#5652 = CIRCLE('',#5653,25.5);
#5653 = AXIS2_PLACEMENT_3D('',#5654,#5655,#5656);
#5654 = CARTESIAN_POINT('',(55.,-129.,402.));
#5655 = DIRECTION('',(0.,1.,0.));
#5656 = DIRECTION('',(-0.,-0.,1.));
#5657 = PCURVE('',#4668,#5658);
#5658 = DEFINITIONAL_REPRESENTATION('',(#5659),#5667);
#5659 = ( BOUNDED_CURVE() B_SPLINE_CURVE(2,(#5660,#5661,#5662,#5663,
#5664,#5665,#5666),.UNSPECIFIED.,.T.,.F.) B_SPLINE_CURVE_WITH_KNOTS((1,2
    ,2,2,2,1),(-2.094395102393,0.,2.094395102393,4.188790204786,
6.28318530718,8.377580409573),.UNSPECIFIED.) CURVE() 
GEOMETRIC_REPRESENTATION_ITEM() RATIONAL_B_SPLINE_CURVE((1.,0.5,1.,0.5,
1.,0.5,1.)) REPRESENTATION_ITEM('') );
#5660 = CARTESIAN_POINT('',(-92.5,145.));
#5661 = CARTESIAN_POINT('',(-92.5,189.167295593));
#5662 = CARTESIAN_POINT('',(-54.25,167.0836477965));
#5663 = CARTESIAN_POINT('',(-16.,145.));
#5664 = CARTESIAN_POINT('',(-54.25,122.91635220349));
#5665 = CARTESIAN_POINT('',(-92.5,100.83270440699));
#5666 = CARTESIAN_POINT('',(-92.5,145.));
#5667 = ( GEOMETRIC_REPRESENTATION_CONTEXT(2) 
PARAMETRIC_REPRESENTATION_CONTEXT() REPRESENTATION_CONTEXT('2D SPACE',''
  ) );
#5668 = PCURVE('',#5669,#5674);
#5669 = CYLINDRICAL_SURFACE('',#5670,25.5);
#5670 = AXIS2_PLACEMENT_3D('',#5671,#5672,#5673);
#5671 = CARTESIAN_POINT('',(55.,-104.,402.));
#5672 = DIRECTION('',(-0.,-1.,-0.));
#5673 = DIRECTION('',(-0.,-0.,1.));
#5674 = DEFINITIONAL_REPRESENTATION('',(#5675),#5679);
#5675 = LINE('',#5676,#5677);
#5676 = CARTESIAN_POINT('',(-0.,25.));
#5677 = VECTOR('',#5678,1.);
#5678 = DIRECTION('',(-1.,0.));
#5679 = ( GEOMETRIC_REPRESENTATION_CONTEXT(2) 
PARAMETRIC_REPRESENTATION_CONTEXT() REPRESENTATION_CONTEXT('2D SPACE',''
  ) );
#5680 = ORIENTED_EDGE('',*,*,#5681,.F.);
#5681 = EDGE_CURVE('',#5682,#5649,#5684,.T.);
#5682 = VERTEX_POINT('',#5683);
#5683 = CARTESIAN_POINT('',(-55.5,-129.,427.5));
#5684 = SURFACE_CURVE('',#5685,(#5689,#5696),.PCURVE_S1.);
#5685 = LINE('',#5686,#5687);
#5686 = CARTESIAN_POINT('',(-55.5,-129.,427.5));
#5687 = VECTOR('',#5688,1.);
#5688 = DIRECTION('',(1.,-0.,-0.));
#5689 = PCURVE('',#4668,#5690);
#5690 = DEFINITIONAL_REPRESENTATION('',(#5691),#5695);
#5691 = LINE('',#5692,#5693);
#5692 = CARTESIAN_POINT('',(-92.5,34.5));
#5693 = VECTOR('',#5694,1.);
#5694 = DIRECTION('',(-0.,1.));
#5695 = ( GEOMETRIC_REPRESENTATION_CONTEXT(2) 
PARAMETRIC_REPRESENTATION_CONTEXT() REPRESENTATION_CONTEXT('2D SPACE',''
  ) );
#5696 = PCURVE('',#5697,#5702);
#5697 = PLANE('',#5698);
#5698 = AXIS2_PLACEMENT_3D('',#5699,#5700,#5701);
#5699 = CARTESIAN_POINT('',(-55.5,-105.,427.5));
#5700 = DIRECTION('',(-0.,-0.,1.));
#5701 = DIRECTION('',(-1.,0.,0.));
#5702 = DEFINITIONAL_REPRESENTATION('',(#5703),#5707);
#5703 = LINE('',#5704,#5705);
#5704 = CARTESIAN_POINT('',(-0.,24.));
#5705 = VECTOR('',#5706,1.);
#5706 = DIRECTION('',(-1.,0.));
#5707 = ( GEOMETRIC_REPRESENTATION_CONTEXT(2) 
PARAMETRIC_REPRESENTATION_CONTEXT() REPRESENTATION_CONTEXT('2D SPACE',''
  ) );
#5708 = ORIENTED_EDGE('',*,*,#5709,.F.);
#5709 = EDGE_CURVE('',#5710,#5682,#5712,.T.);
#5710 = VERTEX_POINT('',#5711);
#5711 = CARTESIAN_POINT('',(-81.,-129.,402.));
#5712 = SURFACE_CURVE('',#5713,(#5718,#5729),.PCURVE_S1.);
#5713 = CIRCLE('',#5714,25.5);
#5714 = AXIS2_PLACEMENT_3D('',#5715,#5716,#5717);
#5715 = CARTESIAN_POINT('',(-55.5,-129.,402.));
#5716 = DIRECTION('',(0.,1.,0.));
#5717 = DIRECTION('',(-0.,-0.,1.));
#5718 = PCURVE('',#4668,#5719);
#5719 = DEFINITIONAL_REPRESENTATION('',(#5720),#5728);
#5720 = ( BOUNDED_CURVE() B_SPLINE_CURVE(2,(#5721,#5722,#5723,#5724,
#5725,#5726,#5727),.UNSPECIFIED.,.T.,.F.) B_SPLINE_CURVE_WITH_KNOTS((1,2
    ,2,2,2,1),(-2.094395102393,0.,2.094395102393,4.188790204786,
6.28318530718,8.377580409573),.UNSPECIFIED.) CURVE() 
GEOMETRIC_REPRESENTATION_ITEM() RATIONAL_B_SPLINE_CURVE((1.,0.5,1.,0.5,
1.,0.5,1.)) REPRESENTATION_ITEM('') );
#5721 = CARTESIAN_POINT('',(-92.5,34.5));
#5722 = CARTESIAN_POINT('',(-92.5,78.667295593006));
#5723 = CARTESIAN_POINT('',(-54.25,56.583647796503));
#5724 = CARTESIAN_POINT('',(-16.,34.5));
#5725 = CARTESIAN_POINT('',(-54.25,12.416352203497));
#5726 = CARTESIAN_POINT('',(-92.5,-9.667295593006));
#5727 = CARTESIAN_POINT('',(-92.5,34.5));
#5728 = ( GEOMETRIC_REPRESENTATION_CONTEXT(2) 
PARAMETRIC_REPRESENTATION_CONTEXT() REPRESENTATION_CONTEXT('2D SPACE',''
  ) );
#5729 = PCURVE('',#5730,#5735);
#5730 = CYLINDRICAL_SURFACE('',#5731,25.5);
#5731 = AXIS2_PLACEMENT_3D('',#5732,#5733,#5734);
#5732 = CARTESIAN_POINT('',(-55.5,-104.,402.));
#5733 = DIRECTION('',(-0.,-1.,-0.));
#5734 = DIRECTION('',(-0.,-0.,1.));
#5735 = DEFINITIONAL_REPRESENTATION('',(#5736),#5740);
#5736 = LINE('',#5737,#5738);
#5737 = CARTESIAN_POINT('',(-0.,25.));
#5738 = VECTOR('',#5739,1.);
#5739 = DIRECTION('',(-1.,0.));
#5740 = ( GEOMETRIC_REPRESENTATION_CONTEXT(2) 
PARAMETRIC_REPRESENTATION_CONTEXT() REPRESENTATION_CONTEXT('2D SPACE',''
  ) );
#5741 = ORIENTED_EDGE('',*,*,#5742,.T.);
#5742 = EDGE_CURVE('',#5710,#5743,#5745,.T.);
#5743 = VERTEX_POINT('',#5744);
#5744 = CARTESIAN_POINT('',(-81.,-129.,328.3));
#5745 = SURFACE_CURVE('',#5746,(#5750,#5757),.PCURVE_S1.);
#5746 = LINE('',#5747,#5748);
#5747 = CARTESIAN_POINT('',(-81.,-129.,405.));
#5748 = VECTOR('',#5749,1.);
#5749 = DIRECTION('',(-0.,-0.,-1.));
#5750 = PCURVE('',#4668,#5751);
#5751 = DEFINITIONAL_REPRESENTATION('',(#5752),#5756);
#5752 = LINE('',#5753,#5754);
#5753 = CARTESIAN_POINT('',(-70.,9.));
#5754 = VECTOR('',#5755,1.);
#5755 = DIRECTION('',(1.,-0.));
#5756 = ( GEOMETRIC_REPRESENTATION_CONTEXT(2) 
PARAMETRIC_REPRESENTATION_CONTEXT() REPRESENTATION_CONTEXT('2D SPACE',''
  ) );
#5757 = PCURVE('',#5758,#5763);
#5758 = PLANE('',#5759);
#5759 = AXIS2_PLACEMENT_3D('',#5760,#5761,#5762);
#5760 = CARTESIAN_POINT('',(-81.,-66.,335.));
#5761 = DIRECTION('',(1.,-0.,-0.));
#5762 = DIRECTION('',(0.,0.,-1.));
#5763 = DEFINITIONAL_REPRESENTATION('',(#5764),#5768);
#5764 = LINE('',#5765,#5766);
#5765 = CARTESIAN_POINT('',(-70.,-63.));
#5766 = VECTOR('',#5767,1.);
#5767 = DIRECTION('',(1.,-0.));
#5768 = ( GEOMETRIC_REPRESENTATION_CONTEXT(2) 
PARAMETRIC_REPRESENTATION_CONTEXT() REPRESENTATION_CONTEXT('2D SPACE',''
  ) );
#5769 = ORIENTED_EDGE('',*,*,#5770,.F.);
#5770 = EDGE_CURVE('',#5157,#5743,#5771,.T.);
#5771 = SURFACE_CURVE('',#5772,(#5776,#5783),.PCURVE_S1.);
#5772 = LINE('',#5773,#5774);
#5773 = CARTESIAN_POINT('',(-90.,-129.,328.3));
#5774 = VECTOR('',#5775,1.);
#5775 = DIRECTION('',(1.,-0.,-0.));
#5776 = PCURVE('',#4668,#5777);
#5777 = DEFINITIONAL_REPRESENTATION('',(#5778),#5782);
#5778 = LINE('',#5779,#5780);
#5779 = CARTESIAN_POINT('',(6.7,-0.));
#5780 = VECTOR('',#5781,1.);
#5781 = DIRECTION('',(-0.,1.));
#5782 = ( GEOMETRIC_REPRESENTATION_CONTEXT(2) 
PARAMETRIC_REPRESENTATION_CONTEXT() REPRESENTATION_CONTEXT('2D SPACE',''
  ) );
#5783 = PCURVE('',#5172,#5784);
#5784 = DEFINITIONAL_REPRESENTATION('',(#5785),#5789);
#5785 = LINE('',#5786,#5787);
#5786 = CARTESIAN_POINT('',(-0.,0.));
#5787 = VECTOR('',#5788,1.);
#5788 = DIRECTION('',(-0.,-1.));
#5789 = ( GEOMETRIC_REPRESENTATION_CONTEXT(2) 
PARAMETRIC_REPRESENTATION_CONTEXT() REPRESENTATION_CONTEXT('2D SPACE',''
  ) );
#5790 = ORIENTED_EDGE('',*,*,#5184,.F.);
#5791 = FACE_BOUND('',#5792,.F.);
#5792 = EDGE_LOOP('',(#5793));
#5793 = ORIENTED_EDGE('',*,*,#5794,.F.);
#5794 = EDGE_CURVE('',#5795,#5795,#5797,.T.);
#5795 = VERTEX_POINT('',#5796);
#5796 = CARTESIAN_POINT('',(104.,-129.,354.));
#5797 = SURFACE_CURVE('',#5798,(#5803,#5814),.PCURVE_S1.);
#5798 = CIRCLE('',#5799,4.);
#5799 = AXIS2_PLACEMENT_3D('',#5800,#5801,#5802);
#5800 = CARTESIAN_POINT('',(104.,-129.,350.));
#5801 = DIRECTION('',(0.,1.,0.));
#5802 = DIRECTION('',(-0.,-0.,1.));
#5803 = PCURVE('',#4668,#5804);
#5804 = DEFINITIONAL_REPRESENTATION('',(#5805),#5813);
#5805 = ( BOUNDED_CURVE() B_SPLINE_CURVE(2,(#5806,#5807,#5808,#5809,
#5810,#5811,#5812),.UNSPECIFIED.,.T.,.F.) B_SPLINE_CURVE_WITH_KNOTS((1,2
    ,2,2,2,1),(-2.094395102393,0.,2.094395102393,4.188790204786,
6.28318530718,8.377580409573),.UNSPECIFIED.) CURVE() 
GEOMETRIC_REPRESENTATION_ITEM() RATIONAL_B_SPLINE_CURVE((1.,0.5,1.,0.5,
1.,0.5,1.)) REPRESENTATION_ITEM('') );
#5806 = CARTESIAN_POINT('',(-19.,194.));
#5807 = CARTESIAN_POINT('',(-19.,200.92820323027));
#5808 = CARTESIAN_POINT('',(-13.,197.46410161513));
#5809 = CARTESIAN_POINT('',(-7.,194.));
#5810 = CARTESIAN_POINT('',(-13.,190.53589838486));
#5811 = CARTESIAN_POINT('',(-19.,187.07179676972));
#5812 = CARTESIAN_POINT('',(-19.,194.));
#5813 = ( GEOMETRIC_REPRESENTATION_CONTEXT(2) 
PARAMETRIC_REPRESENTATION_CONTEXT() REPRESENTATION_CONTEXT('2D SPACE',''
  ) );
#5814 = PCURVE('',#5815,#5820);
#5815 = CYLINDRICAL_SURFACE('',#5816,4.);
#5816 = AXIS2_PLACEMENT_3D('',#5817,#5818,#5819);
#5817 = CARTESIAN_POINT('',(104.,-124.5,350.));
#5818 = DIRECTION('',(-0.,-1.,-0.));
#5819 = DIRECTION('',(-0.,-0.,1.));
#5820 = DEFINITIONAL_REPRESENTATION('',(#5821),#5825);
#5821 = LINE('',#5822,#5823);
#5822 = CARTESIAN_POINT('',(-0.,4.5));
#5823 = VECTOR('',#5824,1.);
#5824 = DIRECTION('',(-1.,0.));
#5825 = ( GEOMETRIC_REPRESENTATION_CONTEXT(2) 
PARAMETRIC_REPRESENTATION_CONTEXT() REPRESENTATION_CONTEXT('2D SPACE',''
  ) );
#5826 = FACE_BOUND('',#5827,.F.);
#5827 = EDGE_LOOP('',(#5828));
#5828 = ORIENTED_EDGE('',*,*,#5829,.F.);
#5829 = EDGE_CURVE('',#5830,#5830,#5832,.T.);
#5830 = VERTEX_POINT('',#5831);
#5831 = CARTESIAN_POINT('',(115.,-129.,354.));
#5832 = SURFACE_CURVE('',#5833,(#5838,#5849),.PCURVE_S1.);
#5833 = CIRCLE('',#5834,4.);
#5834 = AXIS2_PLACEMENT_3D('',#5835,#5836,#5837);
#5835 = CARTESIAN_POINT('',(115.,-129.,350.));
#5836 = DIRECTION('',(0.,1.,0.));
#5837 = DIRECTION('',(-0.,-0.,1.));
#5838 = PCURVE('',#4668,#5839);
#5839 = DEFINITIONAL_REPRESENTATION('',(#5840),#5848);
#5840 = ( BOUNDED_CURVE() B_SPLINE_CURVE(2,(#5841,#5842,#5843,#5844,
#5845,#5846,#5847),.UNSPECIFIED.,.T.,.F.) B_SPLINE_CURVE_WITH_KNOTS((1,2
    ,2,2,2,1),(-2.094395102393,0.,2.094395102393,4.188790204786,
6.28318530718,8.377580409573),.UNSPECIFIED.) CURVE() 
GEOMETRIC_REPRESENTATION_ITEM() RATIONAL_B_SPLINE_CURVE((1.,0.5,1.,0.5,
1.,0.5,1.)) REPRESENTATION_ITEM('') );
#5841 = CARTESIAN_POINT('',(-19.,205.));
#5842 = CARTESIAN_POINT('',(-19.,211.92820323027));
#5843 = CARTESIAN_POINT('',(-13.,208.46410161513));
#5844 = CARTESIAN_POINT('',(-7.,205.));
#5845 = CARTESIAN_POINT('',(-13.,201.53589838486));
#5846 = CARTESIAN_POINT('',(-19.,198.07179676972));
#5847 = CARTESIAN_POINT('',(-19.,205.));
#5848 = ( GEOMETRIC_REPRESENTATION_CONTEXT(2) 
PARAMETRIC_REPRESENTATION_CONTEXT() REPRESENTATION_CONTEXT('2D SPACE',''
  ) );
#5849 = PCURVE('',#5850,#5855);
#5850 = CYLINDRICAL_SURFACE('',#5851,4.);
#5851 = AXIS2_PLACEMENT_3D('',#5852,#5853,#5854);
#5852 = CARTESIAN_POINT('',(115.,-124.5,350.));
#5853 = DIRECTION('',(-0.,-1.,-0.));
#5854 = DIRECTION('',(-0.,-0.,1.));
#5855 = DEFINITIONAL_REPRESENTATION('',(#5856),#5860);
#5856 = LINE('',#5857,#5858);
#5857 = CARTESIAN_POINT('',(-0.,4.5));
#5858 = VECTOR('',#5859,1.);
#5859 = DIRECTION('',(-1.,0.));
#5860 = ( GEOMETRIC_REPRESENTATION_CONTEXT(2) 
PARAMETRIC_REPRESENTATION_CONTEXT() REPRESENTATION_CONTEXT('2D SPACE',''
  ) );
#5861 = ADVANCED_FACE('',(#5862),#4696,.T.);
#5862 = FACE_BOUND('',#5863,.F.);
#5863 = EDGE_LOOP('',(#5864,#5865,#5866,#5889,#5912,#5940));
#5864 = ORIENTED_EDGE('',*,*,#5391,.F.);
#5865 = ORIENTED_EDGE('',*,*,#4680,.F.);
#5866 = ORIENTED_EDGE('',*,*,#5867,.T.);
#5867 = EDGE_CURVE('',#4681,#5868,#5870,.T.);
#5868 = VERTEX_POINT('',#5869);
#5869 = CARTESIAN_POINT('',(-81.,-66.,405.));
#5870 = SURFACE_CURVE('',#5871,(#5875,#5882),.PCURVE_S1.);
#5871 = LINE('',#5872,#5873);
#5872 = CARTESIAN_POINT('',(-90.,-66.,405.));
#5873 = VECTOR('',#5874,1.);
#5874 = DIRECTION('',(1.,-0.,-0.));
#5875 = PCURVE('',#4696,#5876);
#5876 = DEFINITIONAL_REPRESENTATION('',(#5877),#5881);
#5877 = LINE('',#5878,#5879);
#5878 = CARTESIAN_POINT('',(-0.,-0.));
#5879 = VECTOR('',#5880,1.);
#5880 = DIRECTION('',(-1.,0.));
#5881 = ( GEOMETRIC_REPRESENTATION_CONTEXT(2) 
PARAMETRIC_REPRESENTATION_CONTEXT() REPRESENTATION_CONTEXT('2D SPACE',''
  ) );
#5882 = PCURVE('',#4724,#5883);
#5883 = DEFINITIONAL_REPRESENTATION('',(#5884),#5888);
#5884 = LINE('',#5885,#5886);
#5885 = CARTESIAN_POINT('',(-70.,0.));
#5886 = VECTOR('',#5887,1.);
#5887 = DIRECTION('',(-0.,1.));
#5888 = ( GEOMETRIC_REPRESENTATION_CONTEXT(2) 
PARAMETRIC_REPRESENTATION_CONTEXT() REPRESENTATION_CONTEXT('2D SPACE',''
  ) );
#5889 = ORIENTED_EDGE('',*,*,#5890,.T.);
#5890 = EDGE_CURVE('',#5868,#5891,#5893,.T.);
#5891 = VERTEX_POINT('',#5892);
#5892 = CARTESIAN_POINT('',(-81.,-105.,405.));
#5893 = SURFACE_CURVE('',#5894,(#5898,#5905),.PCURVE_S1.);
#5894 = LINE('',#5895,#5896);
#5895 = CARTESIAN_POINT('',(-81.,-66.,405.));
#5896 = VECTOR('',#5897,1.);
#5897 = DIRECTION('',(-0.,-1.,-0.));
#5898 = PCURVE('',#4696,#5899);
#5899 = DEFINITIONAL_REPRESENTATION('',(#5900),#5904);
#5900 = LINE('',#5901,#5902);
#5901 = CARTESIAN_POINT('',(-9.,-0.));
#5902 = VECTOR('',#5903,1.);
#5903 = DIRECTION('',(-0.,1.));
#5904 = ( GEOMETRIC_REPRESENTATION_CONTEXT(2) 
PARAMETRIC_REPRESENTATION_CONTEXT() REPRESENTATION_CONTEXT('2D SPACE',''
  ) );
#5905 = PCURVE('',#5758,#5906);
#5906 = DEFINITIONAL_REPRESENTATION('',(#5907),#5911);
#5907 = LINE('',#5908,#5909);
#5908 = CARTESIAN_POINT('',(-70.,0.));
#5909 = VECTOR('',#5910,1.);
#5910 = DIRECTION('',(-0.,-1.));
#5911 = ( GEOMETRIC_REPRESENTATION_CONTEXT(2) 
PARAMETRIC_REPRESENTATION_CONTEXT() REPRESENTATION_CONTEXT('2D SPACE',''
  ) );
#5912 = ORIENTED_EDGE('',*,*,#5913,.T.);
#5913 = EDGE_CURVE('',#5891,#5914,#5916,.T.);
#5914 = VERTEX_POINT('',#5915);
#5915 = CARTESIAN_POINT('',(-89.86931771216,-105.,405.));
#5916 = SURFACE_CURVE('',#5917,(#5921,#5928),.PCURVE_S1.);
#5917 = LINE('',#5918,#5919);
#5918 = CARTESIAN_POINT('',(-72.75,-105.,405.));
#5919 = VECTOR('',#5920,1.);
#5920 = DIRECTION('',(-1.,-0.,-0.));
#5921 = PCURVE('',#4696,#5922);
#5922 = DEFINITIONAL_REPRESENTATION('',(#5923),#5927);
#5923 = LINE('',#5924,#5925);
#5924 = CARTESIAN_POINT('',(-17.25,39.));
#5925 = VECTOR('',#5926,1.);
#5926 = DIRECTION('',(1.,-0.));
#5927 = ( GEOMETRIC_REPRESENTATION_CONTEXT(2) 
PARAMETRIC_REPRESENTATION_CONTEXT() REPRESENTATION_CONTEXT('2D SPACE',''
  ) );
#5928 = PCURVE('',#5929,#5934);
#5929 = PLANE('',#5930);
#5930 = AXIS2_PLACEMENT_3D('',#5931,#5932,#5933);
#5931 = CARTESIAN_POINT('',(-55.5,-105.,402.));
#5932 = DIRECTION('',(-0.,-1.,-0.));
#5933 = DIRECTION('',(0.,0.,-1.));
#5934 = DEFINITIONAL_REPRESENTATION('',(#5935),#5939);
#5935 = LINE('',#5936,#5937);
#5936 = CARTESIAN_POINT('',(-3.,-17.25));
#5937 = VECTOR('',#5938,1.);
#5938 = DIRECTION('',(-0.,-1.));
#5939 = ( GEOMETRIC_REPRESENTATION_CONTEXT(2) 
PARAMETRIC_REPRESENTATION_CONTEXT() REPRESENTATION_CONTEXT('2D SPACE',''
  ) );
#5940 = ORIENTED_EDGE('',*,*,#5941,.T.);
#5941 = EDGE_CURVE('',#5914,#5392,#5942,.T.);
#5942 = SURFACE_CURVE('',#5943,(#5947,#5954),.PCURVE_S1.);
#5943 = LINE('',#5944,#5945);
#5944 = CARTESIAN_POINT('',(-89.86931771216,-105.,405.));
#5945 = VECTOR('',#5946,1.);
#5946 = DIRECTION('',(-0.,-1.,-0.));
#5947 = PCURVE('',#4696,#5948);
#5948 = DEFINITIONAL_REPRESENTATION('',(#5949),#5953);
#5949 = LINE('',#5950,#5951);
#5950 = CARTESIAN_POINT('',(-0.130682287831,39.));
#5951 = VECTOR('',#5952,1.);
#5952 = DIRECTION('',(-0.,1.));
#5953 = ( GEOMETRIC_REPRESENTATION_CONTEXT(2) 
PARAMETRIC_REPRESENTATION_CONTEXT() REPRESENTATION_CONTEXT('2D SPACE',''
  ) );
#5954 = PCURVE('',#5435,#5955);
#5955 = DEFINITIONAL_REPRESENTATION('',(#5956),#5960);
#5956 = LINE('',#5957,#5958);
#5957 = CARTESIAN_POINT('',(-4.799455462732,0.));
#5958 = VECTOR('',#5959,1.);
#5959 = DIRECTION('',(-0.,1.));
#5960 = ( GEOMETRIC_REPRESENTATION_CONTEXT(2) 
PARAMETRIC_REPRESENTATION_CONTEXT() REPRESENTATION_CONTEXT('2D SPACE',''
  ) );
#5961 = ADVANCED_FACE('',(#5962),#4724,.F.);
#5962 = FACE_BOUND('',#5963,.T.);
#5963 = EDGE_LOOP('',(#5964,#5987,#5988,#5989));
#5964 = ORIENTED_EDGE('',*,*,#5965,.F.);
#5965 = EDGE_CURVE('',#4709,#5966,#5968,.T.);
#5966 = VERTEX_POINT('',#5967);
#5967 = CARTESIAN_POINT('',(-81.,-66.,335.));
#5968 = SURFACE_CURVE('',#5969,(#5973,#5980),.PCURVE_S1.);
#5969 = LINE('',#5970,#5971);
#5970 = CARTESIAN_POINT('',(-90.,-66.,335.));
#5971 = VECTOR('',#5972,1.);
#5972 = DIRECTION('',(1.,-0.,-0.));
#5973 = PCURVE('',#4724,#5974);
#5974 = DEFINITIONAL_REPRESENTATION('',(#5975),#5979);
#5975 = LINE('',#5976,#5977);
#5976 = CARTESIAN_POINT('',(-0.,0.));
#5977 = VECTOR('',#5978,1.);
#5978 = DIRECTION('',(-0.,1.));
#5979 = ( GEOMETRIC_REPRESENTATION_CONTEXT(2) 
PARAMETRIC_REPRESENTATION_CONTEXT() REPRESENTATION_CONTEXT('2D SPACE',''
  ) );
#5980 = PCURVE('',#4752,#5981);
#5981 = DEFINITIONAL_REPRESENTATION('',(#5982),#5986);
#5982 = LINE('',#5983,#5984);
#5983 = CARTESIAN_POINT('',(-0.,-0.));
#5984 = VECTOR('',#5985,1.);
#5985 = DIRECTION('',(-1.,0.));
#5986 = ( GEOMETRIC_REPRESENTATION_CONTEXT(2) 
PARAMETRIC_REPRESENTATION_CONTEXT() REPRESENTATION_CONTEXT('2D SPACE',''
  ) );
#5987 = ORIENTED_EDGE('',*,*,#4708,.T.);
#5988 = ORIENTED_EDGE('',*,*,#5867,.T.);
#5989 = ORIENTED_EDGE('',*,*,#5990,.F.);
#5990 = EDGE_CURVE('',#5966,#5868,#5991,.T.);
#5991 = SURFACE_CURVE('',#5992,(#5996,#6003),.PCURVE_S1.);
#5992 = LINE('',#5993,#5994);
#5993 = CARTESIAN_POINT('',(-81.,-66.,335.));
#5994 = VECTOR('',#5995,1.);
#5995 = DIRECTION('',(-0.,-0.,1.));
#5996 = PCURVE('',#4724,#5997);
#5997 = DEFINITIONAL_REPRESENTATION('',(#5998),#6002);
#5998 = LINE('',#5999,#6000);
#5999 = CARTESIAN_POINT('',(-0.,9.));
#6000 = VECTOR('',#6001,1.);
#6001 = DIRECTION('',(-1.,0.));
#6002 = ( GEOMETRIC_REPRESENTATION_CONTEXT(2) 
PARAMETRIC_REPRESENTATION_CONTEXT() REPRESENTATION_CONTEXT('2D SPACE',''
  ) );
#6003 = PCURVE('',#5758,#6004);
#6004 = DEFINITIONAL_REPRESENTATION('',(#6005),#6009);
#6005 = LINE('',#6006,#6007);
#6006 = CARTESIAN_POINT('',(-0.,0.));
#6007 = VECTOR('',#6008,1.);
#6008 = DIRECTION('',(-1.,0.));
#6009 = ( GEOMETRIC_REPRESENTATION_CONTEXT(2) 
PARAMETRIC_REPRESENTATION_CONTEXT() REPRESENTATION_CONTEXT('2D SPACE',''
  ) );
#6010 = ADVANCED_FACE('',(#6011),#5172,.T.);
#6011 = FACE_BOUND('',#6012,.F.);
#6012 = EDGE_LOOP('',(#6013,#6014,#6037,#6058));
#6013 = ORIENTED_EDGE('',*,*,#5770,.T.);
#6014 = ORIENTED_EDGE('',*,*,#6015,.T.);
#6015 = EDGE_CURVE('',#5743,#6016,#6018,.T.);
#6016 = VERTEX_POINT('',#6017);
#6017 = CARTESIAN_POINT('',(-81.,-125.,328.3));
#6018 = SURFACE_CURVE('',#6019,(#6023,#6030),.PCURVE_S1.);
#6019 = LINE('',#6020,#6021);
#6020 = CARTESIAN_POINT('',(-81.,-129.,328.3));
#6021 = VECTOR('',#6022,1.);
#6022 = DIRECTION('',(-0.,1.,-0.));
#6023 = PCURVE('',#5172,#6024);
#6024 = DEFINITIONAL_REPRESENTATION('',(#6025),#6029);
#6025 = LINE('',#6026,#6027);
#6026 = CARTESIAN_POINT('',(-0.,-9.));
#6027 = VECTOR('',#6028,1.);
#6028 = DIRECTION('',(-1.,0.));
#6029 = ( GEOMETRIC_REPRESENTATION_CONTEXT(2) 
PARAMETRIC_REPRESENTATION_CONTEXT() REPRESENTATION_CONTEXT('2D SPACE',''
  ) );
#6030 = PCURVE('',#5758,#6031);
#6031 = DEFINITIONAL_REPRESENTATION('',(#6032),#6036);
#6032 = LINE('',#6033,#6034);
#6033 = CARTESIAN_POINT('',(6.7,-63.));
#6034 = VECTOR('',#6035,1.);
#6035 = DIRECTION('',(-0.,1.));
#6036 = ( GEOMETRIC_REPRESENTATION_CONTEXT(2) 
PARAMETRIC_REPRESENTATION_CONTEXT() REPRESENTATION_CONTEXT('2D SPACE',''
  ) );
#6037 = ORIENTED_EDGE('',*,*,#6038,.F.);
#6038 = EDGE_CURVE('',#5129,#6016,#6039,.T.);
#6039 = SURFACE_CURVE('',#6040,(#6044,#6051),.PCURVE_S1.);
#6040 = LINE('',#6041,#6042);
#6041 = CARTESIAN_POINT('',(-90.,-125.,328.3));
#6042 = VECTOR('',#6043,1.);
#6043 = DIRECTION('',(1.,-0.,-0.));
#6044 = PCURVE('',#5172,#6045);
#6045 = DEFINITIONAL_REPRESENTATION('',(#6046),#6050);
#6046 = LINE('',#6047,#6048);
#6047 = CARTESIAN_POINT('',(-4.,0.));
#6048 = VECTOR('',#6049,1.);
#6049 = DIRECTION('',(-0.,-1.));
#6050 = ( GEOMETRIC_REPRESENTATION_CONTEXT(2) 
PARAMETRIC_REPRESENTATION_CONTEXT() REPRESENTATION_CONTEXT('2D SPACE',''
  ) );
#6051 = PCURVE('',#5144,#6052);
#6052 = DEFINITIONAL_REPRESENTATION('',(#6053),#6057);
#6053 = LINE('',#6054,#6055);
#6054 = CARTESIAN_POINT('',(-0.,-0.));
#6055 = VECTOR('',#6056,1.);
#6056 = DIRECTION('',(-0.,-1.));
#6057 = ( GEOMETRIC_REPRESENTATION_CONTEXT(2) 
PARAMETRIC_REPRESENTATION_CONTEXT() REPRESENTATION_CONTEXT('2D SPACE',''
  ) );
#6058 = ORIENTED_EDGE('',*,*,#5156,.F.);
#6059 = ADVANCED_FACE('',(#6060),#4752,.F.);
#6060 = FACE_BOUND('',#6061,.T.);
#6061 = EDGE_LOOP('',(#6062,#6063,#6064,#6087));
#6062 = ORIENTED_EDGE('',*,*,#4736,.F.);
#6063 = ORIENTED_EDGE('',*,*,#5965,.T.);
#6064 = ORIENTED_EDGE('',*,*,#6065,.T.);
#6065 = EDGE_CURVE('',#5966,#6066,#6068,.T.);
#6066 = VERTEX_POINT('',#6067);
#6067 = CARTESIAN_POINT('',(-81.,-71.5,335.));
#6068 = SURFACE_CURVE('',#6069,(#6073,#6080),.PCURVE_S1.);
#6069 = LINE('',#6070,#6071);
#6070 = CARTESIAN_POINT('',(-81.,-66.,335.));
#6071 = VECTOR('',#6072,1.);
#6072 = DIRECTION('',(-0.,-1.,-0.));
#6073 = PCURVE('',#4752,#6074);
#6074 = DEFINITIONAL_REPRESENTATION('',(#6075),#6079);
#6075 = LINE('',#6076,#6077);
#6076 = CARTESIAN_POINT('',(-9.,-0.));
#6077 = VECTOR('',#6078,1.);
#6078 = DIRECTION('',(-0.,1.));
#6079 = ( GEOMETRIC_REPRESENTATION_CONTEXT(2) 
PARAMETRIC_REPRESENTATION_CONTEXT() REPRESENTATION_CONTEXT('2D SPACE',''
  ) );
#6080 = PCURVE('',#5758,#6081);
#6081 = DEFINITIONAL_REPRESENTATION('',(#6082),#6086);
#6082 = LINE('',#6083,#6084);
#6083 = CARTESIAN_POINT('',(-0.,0.));
#6084 = VECTOR('',#6085,1.);
#6085 = DIRECTION('',(-0.,-1.));
#6086 = ( GEOMETRIC_REPRESENTATION_CONTEXT(2) 
PARAMETRIC_REPRESENTATION_CONTEXT() REPRESENTATION_CONTEXT('2D SPACE',''
  ) );
#6087 = ORIENTED_EDGE('',*,*,#6088,.T.);
#6088 = EDGE_CURVE('',#6066,#4737,#6089,.T.);
#6089 = SURFACE_CURVE('',#6090,(#6094,#6101),.PCURVE_S1.);
#6090 = LINE('',#6091,#6092);
#6091 = CARTESIAN_POINT('',(-90.,-71.5,335.));
#6092 = VECTOR('',#6093,1.);
#6093 = DIRECTION('',(-1.,-0.,0.));
#6094 = PCURVE('',#4752,#6095);
#6095 = DEFINITIONAL_REPRESENTATION('',(#6096),#6100);
#6096 = LINE('',#6097,#6098);
#6097 = CARTESIAN_POINT('',(-0.,5.5));
#6098 = VECTOR('',#6099,1.);
#6099 = DIRECTION('',(1.,-0.));
#6100 = ( GEOMETRIC_REPRESENTATION_CONTEXT(2) 
PARAMETRIC_REPRESENTATION_CONTEXT() REPRESENTATION_CONTEXT('2D SPACE',''
  ) );
#6101 = PCURVE('',#4780,#6102);
#6102 = DEFINITIONAL_REPRESENTATION('',(#6103),#6107);
#6103 = LINE('',#6104,#6105);
#6104 = CARTESIAN_POINT('',(-53.5,0.));
#6105 = VECTOR('',#6106,1.);
#6106 = DIRECTION('',(-0.,-1.));
#6107 = ( GEOMETRIC_REPRESENTATION_CONTEXT(2) 
PARAMETRIC_REPRESENTATION_CONTEXT() REPRESENTATION_CONTEXT('2D SPACE',''
  ) );
#6108 = ADVANCED_FACE('',(#6109),#5144,.T.);
#6109 = FACE_BOUND('',#6110,.F.);
#6110 = EDGE_LOOP('',(#6111,#6112,#6135,#6156));
#6111 = ORIENTED_EDGE('',*,*,#6038,.T.);
#6112 = ORIENTED_EDGE('',*,*,#6113,.T.);
#6113 = EDGE_CURVE('',#6016,#6114,#6116,.T.);
#6114 = VERTEX_POINT('',#6115);
#6115 = CARTESIAN_POINT('',(-81.,-124.5,327.7));
#6116 = SURFACE_CURVE('',#6117,(#6121,#6128),.PCURVE_S1.);
#6117 = LINE('',#6118,#6119);
#6118 = CARTESIAN_POINT('',(-81.,-125.,328.3));
#6119 = VECTOR('',#6120,1.);
#6120 = DIRECTION('',(0.,0.640184399664,-0.768221279597));
#6121 = PCURVE('',#5144,#6122);
#6122 = DEFINITIONAL_REPRESENTATION('',(#6123),#6127);
#6123 = LINE('',#6124,#6125);
#6124 = CARTESIAN_POINT('',(-0.,-9.));
#6125 = VECTOR('',#6126,1.);
#6126 = DIRECTION('',(-1.,0.));
#6127 = ( GEOMETRIC_REPRESENTATION_CONTEXT(2) 
PARAMETRIC_REPRESENTATION_CONTEXT() REPRESENTATION_CONTEXT('2D SPACE',''
  ) );
#6128 = PCURVE('',#5758,#6129);
#6129 = DEFINITIONAL_REPRESENTATION('',(#6130),#6134);
#6130 = LINE('',#6131,#6132);
#6131 = CARTESIAN_POINT('',(6.7,-59.));
#6132 = VECTOR('',#6133,1.);
#6133 = DIRECTION('',(0.768221279597,0.640184399664));
#6134 = ( GEOMETRIC_REPRESENTATION_CONTEXT(2) 
PARAMETRIC_REPRESENTATION_CONTEXT() REPRESENTATION_CONTEXT('2D SPACE',''
  ) );
#6135 = ORIENTED_EDGE('',*,*,#6136,.F.);
#6136 = EDGE_CURVE('',#5101,#6114,#6137,.T.);
#6137 = SURFACE_CURVE('',#6138,(#6142,#6149),.PCURVE_S1.);
#6138 = LINE('',#6139,#6140);
#6139 = CARTESIAN_POINT('',(-90.,-124.5,327.7));
#6140 = VECTOR('',#6141,1.);
#6141 = DIRECTION('',(1.,-0.,-0.));
#6142 = PCURVE('',#5144,#6143);
#6143 = DEFINITIONAL_REPRESENTATION('',(#6144),#6148);
#6144 = LINE('',#6145,#6146);
#6145 = CARTESIAN_POINT('',(-0.781024967591,0.));
#6146 = VECTOR('',#6147,1.);
#6147 = DIRECTION('',(-0.,-1.));
#6148 = ( GEOMETRIC_REPRESENTATION_CONTEXT(2) 
PARAMETRIC_REPRESENTATION_CONTEXT() REPRESENTATION_CONTEXT('2D SPACE',''
  ) );
#6149 = PCURVE('',#5116,#6150);
#6150 = DEFINITIONAL_REPRESENTATION('',(#6151),#6155);
#6151 = LINE('',#6152,#6153);
#6152 = CARTESIAN_POINT('',(-0.,-0.));
#6153 = VECTOR('',#6154,1.);
#6154 = DIRECTION('',(-0.,-1.));
#6155 = ( GEOMETRIC_REPRESENTATION_CONTEXT(2) 
PARAMETRIC_REPRESENTATION_CONTEXT() REPRESENTATION_CONTEXT('2D SPACE',''
  ) );
#6156 = ORIENTED_EDGE('',*,*,#5128,.F.);
#6157 = ADVANCED_FACE('',(#6158),#4780,.F.);
#6158 = FACE_BOUND('',#6159,.T.);
#6159 = EDGE_LOOP('',(#6160,#6183,#6204,#6205));
#6160 = ORIENTED_EDGE('',*,*,#6161,.F.);
#6161 = EDGE_CURVE('',#6162,#6066,#6164,.T.);
#6162 = VERTEX_POINT('',#6163);
#6163 = CARTESIAN_POINT('',(-81.,-71.5,281.5));
#6164 = SURFACE_CURVE('',#6165,(#6169,#6176),.PCURVE_S1.);
#6165 = LINE('',#6166,#6167);
#6166 = CARTESIAN_POINT('',(-81.,-71.5,281.5));
#6167 = VECTOR('',#6168,1.);
#6168 = DIRECTION('',(-0.,-0.,1.));
#6169 = PCURVE('',#4780,#6170);
#6170 = DEFINITIONAL_REPRESENTATION('',(#6171),#6175);
#6171 = LINE('',#6172,#6173);
#6172 = CARTESIAN_POINT('',(-0.,9.));
#6173 = VECTOR('',#6174,1.);
#6174 = DIRECTION('',(-1.,0.));
#6175 = ( GEOMETRIC_REPRESENTATION_CONTEXT(2) 
PARAMETRIC_REPRESENTATION_CONTEXT() REPRESENTATION_CONTEXT('2D SPACE',''
  ) );
#6176 = PCURVE('',#5758,#6177);
#6177 = DEFINITIONAL_REPRESENTATION('',(#6178),#6182);
#6178 = LINE('',#6179,#6180);
#6179 = CARTESIAN_POINT('',(53.5,-5.5));
#6180 = VECTOR('',#6181,1.);
#6181 = DIRECTION('',(-1.,0.));
#6182 = ( GEOMETRIC_REPRESENTATION_CONTEXT(2) 
PARAMETRIC_REPRESENTATION_CONTEXT() REPRESENTATION_CONTEXT('2D SPACE',''
  ) );
#6183 = ORIENTED_EDGE('',*,*,#6184,.F.);
#6184 = EDGE_CURVE('',#4765,#6162,#6185,.T.);
#6185 = SURFACE_CURVE('',#6186,(#6190,#6197),.PCURVE_S1.);
#6186 = LINE('',#6187,#6188);
#6187 = CARTESIAN_POINT('',(-90.,-71.5,281.5));
#6188 = VECTOR('',#6189,1.);
#6189 = DIRECTION('',(1.,-0.,-0.));
#6190 = PCURVE('',#4780,#6191);
#6191 = DEFINITIONAL_REPRESENTATION('',(#6192),#6196);
#6192 = LINE('',#6193,#6194);
#6193 = CARTESIAN_POINT('',(-0.,0.));
#6194 = VECTOR('',#6195,1.);
#6195 = DIRECTION('',(-0.,1.));
#6196 = ( GEOMETRIC_REPRESENTATION_CONTEXT(2) 
PARAMETRIC_REPRESENTATION_CONTEXT() REPRESENTATION_CONTEXT('2D SPACE',''
  ) );
#6197 = PCURVE('',#4808,#6198);
#6198 = DEFINITIONAL_REPRESENTATION('',(#6199),#6203);
#6199 = LINE('',#6200,#6201);
#6200 = CARTESIAN_POINT('',(-0.,-0.));
#6201 = VECTOR('',#6202,1.);
#6202 = DIRECTION('',(-1.,0.));
#6203 = ( GEOMETRIC_REPRESENTATION_CONTEXT(2) 
PARAMETRIC_REPRESENTATION_CONTEXT() REPRESENTATION_CONTEXT('2D SPACE',''
  ) );
#6204 = ORIENTED_EDGE('',*,*,#4764,.T.);
#6205 = ORIENTED_EDGE('',*,*,#6088,.F.);
#6206 = ADVANCED_FACE('',(#6207),#5116,.T.);
#6207 = FACE_BOUND('',#6208,.F.);
#6208 = EDGE_LOOP('',(#6209,#6210,#6233,#6254));
#6209 = ORIENTED_EDGE('',*,*,#6136,.T.);
#6210 = ORIENTED_EDGE('',*,*,#6211,.T.);
#6211 = EDGE_CURVE('',#6114,#6212,#6214,.T.);
#6212 = VERTEX_POINT('',#6213);
#6213 = CARTESIAN_POINT('',(-81.,-124.,327.3));
#6214 = SURFACE_CURVE('',#6215,(#6219,#6226),.PCURVE_S1.);
#6215 = LINE('',#6216,#6217);
#6216 = CARTESIAN_POINT('',(-81.,-124.5,327.7));
#6217 = VECTOR('',#6218,1.);
#6218 = DIRECTION('',(0.,0.780868809443,-0.624695047554));
#6219 = PCURVE('',#5116,#6220);
#6220 = DEFINITIONAL_REPRESENTATION('',(#6221),#6225);
#6221 = LINE('',#6222,#6223);
#6222 = CARTESIAN_POINT('',(-0.,-9.));
#6223 = VECTOR('',#6224,1.);
#6224 = DIRECTION('',(-1.,0.));
#6225 = ( GEOMETRIC_REPRESENTATION_CONTEXT(2) 
PARAMETRIC_REPRESENTATION_CONTEXT() REPRESENTATION_CONTEXT('2D SPACE',''
  ) );
#6226 = PCURVE('',#5758,#6227);
#6227 = DEFINITIONAL_REPRESENTATION('',(#6228),#6232);
#6228 = LINE('',#6229,#6230);
#6229 = CARTESIAN_POINT('',(7.3,-58.5));
#6230 = VECTOR('',#6231,1.);
#6231 = DIRECTION('',(0.624695047554,0.780868809443));
#6232 = ( GEOMETRIC_REPRESENTATION_CONTEXT(2) 
PARAMETRIC_REPRESENTATION_CONTEXT() REPRESENTATION_CONTEXT('2D SPACE',''
  ) );
#6233 = ORIENTED_EDGE('',*,*,#6234,.F.);
#6234 = EDGE_CURVE('',#5073,#6212,#6235,.T.);
#6235 = SURFACE_CURVE('',#6236,(#6240,#6247),.PCURVE_S1.);
#6236 = LINE('',#6237,#6238);
#6237 = CARTESIAN_POINT('',(-90.,-124.,327.3));
#6238 = VECTOR('',#6239,1.);
#6239 = DIRECTION('',(1.,-0.,-0.));
#6240 = PCURVE('',#5116,#6241);
#6241 = DEFINITIONAL_REPRESENTATION('',(#6242),#6246);
#6242 = LINE('',#6243,#6244);
#6243 = CARTESIAN_POINT('',(-0.640312423743,0.));
#6244 = VECTOR('',#6245,1.);
#6245 = DIRECTION('',(-0.,-1.));
#6246 = ( GEOMETRIC_REPRESENTATION_CONTEXT(2) 
PARAMETRIC_REPRESENTATION_CONTEXT() REPRESENTATION_CONTEXT('2D SPACE',''
  ) );
#6247 = PCURVE('',#5088,#6248);
#6248 = DEFINITIONAL_REPRESENTATION('',(#6249),#6253);
#6249 = LINE('',#6250,#6251);
#6250 = CARTESIAN_POINT('',(-0.,0.));
#6251 = VECTOR('',#6252,1.);
#6252 = DIRECTION('',(-0.,-1.));
#6253 = ( GEOMETRIC_REPRESENTATION_CONTEXT(2) 
PARAMETRIC_REPRESENTATION_CONTEXT() REPRESENTATION_CONTEXT('2D SPACE',''
  ) );
#6254 = ORIENTED_EDGE('',*,*,#5100,.F.);
#6255 = ADVANCED_FACE('',(#6256),#4808,.F.);
#6256 = FACE_BOUND('',#6257,.T.);
#6257 = EDGE_LOOP('',(#6258,#6259,#6260,#6283));
#6258 = ORIENTED_EDGE('',*,*,#4792,.F.);
#6259 = ORIENTED_EDGE('',*,*,#6184,.T.);
#6260 = ORIENTED_EDGE('',*,*,#6261,.T.);
#6261 = EDGE_CURVE('',#6162,#6262,#6264,.T.);
#6262 = VERTEX_POINT('',#6263);
#6263 = CARTESIAN_POINT('',(-81.,-90.51,281.5));
#6264 = SURFACE_CURVE('',#6265,(#6269,#6276),.PCURVE_S1.);
#6265 = LINE('',#6266,#6267);
#6266 = CARTESIAN_POINT('',(-81.,-71.5,281.5));
#6267 = VECTOR('',#6268,1.);
#6268 = DIRECTION('',(-0.,-1.,-0.));
#6269 = PCURVE('',#4808,#6270);
#6270 = DEFINITIONAL_REPRESENTATION('',(#6271),#6275);
#6271 = LINE('',#6272,#6273);
#6272 = CARTESIAN_POINT('',(-9.,-0.));
#6273 = VECTOR('',#6274,1.);
#6274 = DIRECTION('',(-0.,1.));
#6275 = ( GEOMETRIC_REPRESENTATION_CONTEXT(2) 
PARAMETRIC_REPRESENTATION_CONTEXT() REPRESENTATION_CONTEXT('2D SPACE',''
  ) );
#6276 = PCURVE('',#5758,#6277);
#6277 = DEFINITIONAL_REPRESENTATION('',(#6278),#6282);
#6278 = LINE('',#6279,#6280);
#6279 = CARTESIAN_POINT('',(53.5,-5.5));
#6280 = VECTOR('',#6281,1.);
#6281 = DIRECTION('',(-0.,-1.));
#6282 = ( GEOMETRIC_REPRESENTATION_CONTEXT(2) 
PARAMETRIC_REPRESENTATION_CONTEXT() REPRESENTATION_CONTEXT('2D SPACE',''
  ) );
#6283 = ORIENTED_EDGE('',*,*,#6284,.T.);
#6284 = EDGE_CURVE('',#6262,#4793,#6285,.T.);
#6285 = SURFACE_CURVE('',#6286,(#6290,#6297),.PCURVE_S1.);
#6286 = LINE('',#6287,#6288);
#6287 = CARTESIAN_POINT('',(-90.5,-90.51,281.5));
#6288 = VECTOR('',#6289,1.);
#6289 = DIRECTION('',(-1.,-0.,-0.));
#6290 = PCURVE('',#4808,#6291);
#6291 = DEFINITIONAL_REPRESENTATION('',(#6292),#6296);
#6292 = LINE('',#6293,#6294);
#6293 = CARTESIAN_POINT('',(0.5,19.01));
#6294 = VECTOR('',#6295,1.);
#6295 = DIRECTION('',(1.,-0.));
#6296 = ( GEOMETRIC_REPRESENTATION_CONTEXT(2) 
PARAMETRIC_REPRESENTATION_CONTEXT() REPRESENTATION_CONTEXT('2D SPACE',''
  ) );
#6297 = PCURVE('',#4836,#6298);
#6298 = DEFINITIONAL_REPRESENTATION('',(#6299),#6303);
#6299 = LINE('',#6300,#6301);
#6300 = CARTESIAN_POINT('',(-5.656854249492,-0.5));
#6301 = VECTOR('',#6302,1.);
#6302 = DIRECTION('',(-0.,1.));
#6303 = ( GEOMETRIC_REPRESENTATION_CONTEXT(2) 
PARAMETRIC_REPRESENTATION_CONTEXT() REPRESENTATION_CONTEXT('2D SPACE',''
  ) );
#6304 = ADVANCED_FACE('',(#6305),#5088,.T.);
#6305 = FACE_BOUND('',#6306,.F.);
#6306 = EDGE_LOOP('',(#6307,#6308,#6331,#6352));
#6307 = ORIENTED_EDGE('',*,*,#6234,.T.);
#6308 = ORIENTED_EDGE('',*,*,#6309,.T.);
#6309 = EDGE_CURVE('',#6212,#6310,#6312,.T.);
#6310 = VERTEX_POINT('',#6311);
#6311 = CARTESIAN_POINT('',(-81.,-122.,327.3));
#6312 = SURFACE_CURVE('',#6313,(#6317,#6324),.PCURVE_S1.);
#6313 = LINE('',#6314,#6315);
#6314 = CARTESIAN_POINT('',(-81.,-124.,327.3));
#6315 = VECTOR('',#6316,1.);
#6316 = DIRECTION('',(-0.,1.,-0.));
#6317 = PCURVE('',#5088,#6318);
#6318 = DEFINITIONAL_REPRESENTATION('',(#6319),#6323);
#6319 = LINE('',#6320,#6321);
#6320 = CARTESIAN_POINT('',(-0.,-9.));
#6321 = VECTOR('',#6322,1.);
#6322 = DIRECTION('',(-1.,0.));
#6323 = ( GEOMETRIC_REPRESENTATION_CONTEXT(2) 
PARAMETRIC_REPRESENTATION_CONTEXT() REPRESENTATION_CONTEXT('2D SPACE',''
  ) );
#6324 = PCURVE('',#5758,#6325);
#6325 = DEFINITIONAL_REPRESENTATION('',(#6326),#6330);
#6326 = LINE('',#6327,#6328);
#6327 = CARTESIAN_POINT('',(7.7,-58.));
#6328 = VECTOR('',#6329,1.);
#6329 = DIRECTION('',(-0.,1.));
#6330 = ( GEOMETRIC_REPRESENTATION_CONTEXT(2) 
PARAMETRIC_REPRESENTATION_CONTEXT() REPRESENTATION_CONTEXT('2D SPACE',''
  ) );
#6331 = ORIENTED_EDGE('',*,*,#6332,.F.);
#6332 = EDGE_CURVE('',#5045,#6310,#6333,.T.);
#6333 = SURFACE_CURVE('',#6334,(#6338,#6345),.PCURVE_S1.);
#6334 = LINE('',#6335,#6336);
#6335 = CARTESIAN_POINT('',(-90.,-122.,327.3));
#6336 = VECTOR('',#6337,1.);
#6337 = DIRECTION('',(1.,-0.,-0.));
#6338 = PCURVE('',#5088,#6339);
#6339 = DEFINITIONAL_REPRESENTATION('',(#6340),#6344);
#6340 = LINE('',#6341,#6342);
#6341 = CARTESIAN_POINT('',(-2.,0.));
#6342 = VECTOR('',#6343,1.);
#6343 = DIRECTION('',(-0.,-1.));
#6344 = ( GEOMETRIC_REPRESENTATION_CONTEXT(2) 
PARAMETRIC_REPRESENTATION_CONTEXT() REPRESENTATION_CONTEXT('2D SPACE',''
  ) );
#6345 = PCURVE('',#5060,#6346);
#6346 = DEFINITIONAL_REPRESENTATION('',(#6347),#6351);
#6347 = LINE('',#6348,#6349);
#6348 = CARTESIAN_POINT('',(-0.,-0.));
#6349 = VECTOR('',#6350,1.);
#6350 = DIRECTION('',(-0.,-1.));
#6351 = ( GEOMETRIC_REPRESENTATION_CONTEXT(2) 
PARAMETRIC_REPRESENTATION_CONTEXT() REPRESENTATION_CONTEXT('2D SPACE',''
  ) );
#6352 = ORIENTED_EDGE('',*,*,#5072,.F.);
#6353 = ADVANCED_FACE('',(#6354),#4836,.T.);
#6354 = FACE_BOUND('',#6355,.F.);
#6355 = EDGE_LOOP('',(#6356,#6357,#6358,#6381));
#6356 = ORIENTED_EDGE('',*,*,#6284,.T.);
#6357 = ORIENTED_EDGE('',*,*,#4820,.T.);
#6358 = ORIENTED_EDGE('',*,*,#6359,.F.);
#6359 = EDGE_CURVE('',#6360,#4821,#6362,.T.);
#6360 = VERTEX_POINT('',#6361);
#6361 = CARTESIAN_POINT('',(-81.,-94.5,285.49));
#6362 = SURFACE_CURVE('',#6363,(#6367,#6374),.PCURVE_S1.);
#6363 = LINE('',#6364,#6365);
#6364 = CARTESIAN_POINT('',(-90.5,-94.5,285.49));
#6365 = VECTOR('',#6366,1.);
#6366 = DIRECTION('',(-1.,-0.,-0.));
#6367 = PCURVE('',#4836,#6368);
#6368 = DEFINITIONAL_REPRESENTATION('',(#6369),#6373);
#6369 = LINE('',#6370,#6371);
#6370 = CARTESIAN_POINT('',(-1.414213562373E-02,-0.5));
#6371 = VECTOR('',#6372,1.);
#6372 = DIRECTION('',(-0.,1.));
#6373 = ( GEOMETRIC_REPRESENTATION_CONTEXT(2) 
PARAMETRIC_REPRESENTATION_CONTEXT() REPRESENTATION_CONTEXT('2D SPACE',''
  ) );
#6374 = PCURVE('',#4864,#6375);
#6375 = DEFINITIONAL_REPRESENTATION('',(#6376),#6380);
#6376 = LINE('',#6377,#6378);
#6377 = CARTESIAN_POINT('',(-3.99,-0.5));
#6378 = VECTOR('',#6379,1.);
#6379 = DIRECTION('',(-0.,-1.));
#6380 = ( GEOMETRIC_REPRESENTATION_CONTEXT(2) 
PARAMETRIC_REPRESENTATION_CONTEXT() REPRESENTATION_CONTEXT('2D SPACE',''
  ) );
#6381 = ORIENTED_EDGE('',*,*,#6382,.F.);
#6382 = EDGE_CURVE('',#6262,#6360,#6383,.T.);
#6383 = SURFACE_CURVE('',#6384,(#6388,#6395),.PCURVE_S1.);
#6384 = LINE('',#6385,#6386);
#6385 = CARTESIAN_POINT('',(-81.,-99.7575,290.7475));
#6386 = VECTOR('',#6387,1.);
#6387 = DIRECTION('',(-0.,-0.707106781187,0.707106781187));
#6388 = PCURVE('',#4836,#6389);
#6389 = DEFINITIONAL_REPRESENTATION('',(#6390),#6394);
#6390 = LINE('',#6391,#6392);
#6391 = CARTESIAN_POINT('',(7.421085668553,-10.));
#6392 = VECTOR('',#6393,1.);
#6393 = DIRECTION('',(1.,-0.));
#6394 = ( GEOMETRIC_REPRESENTATION_CONTEXT(2) 
PARAMETRIC_REPRESENTATION_CONTEXT() REPRESENTATION_CONTEXT('2D SPACE',''
  ) );
#6395 = PCURVE('',#5758,#6396);
#6396 = DEFINITIONAL_REPRESENTATION('',(#6397),#6401);
#6397 = LINE('',#6398,#6399);
#6398 = CARTESIAN_POINT('',(44.2525,-33.7575));
#6399 = VECTOR('',#6400,1.);
#6400 = DIRECTION('',(-0.707106781187,-0.707106781187));
#6401 = ( GEOMETRIC_REPRESENTATION_CONTEXT(2) 
PARAMETRIC_REPRESENTATION_CONTEXT() REPRESENTATION_CONTEXT('2D SPACE',''
  ) );
#6402 = ADVANCED_FACE('',(#6403),#5060,.T.);
#6403 = FACE_BOUND('',#6404,.F.);
#6404 = EDGE_LOOP('',(#6405,#6406,#6429,#6450));
#6405 = ORIENTED_EDGE('',*,*,#6332,.T.);
#6406 = ORIENTED_EDGE('',*,*,#6407,.T.);
#6407 = EDGE_CURVE('',#6310,#6408,#6410,.T.);
#6408 = VERTEX_POINT('',#6409);
#6409 = CARTESIAN_POINT('',(-81.,-117.,321.3));
#6410 = SURFACE_CURVE('',#6411,(#6415,#6422),.PCURVE_S1.);
#6411 = LINE('',#6412,#6413);
#6412 = CARTESIAN_POINT('',(-81.,-122.,327.3));
#6413 = VECTOR('',#6414,1.);
#6414 = DIRECTION('',(0.,0.640184399664,-0.768221279597));
#6415 = PCURVE('',#5060,#6416);
#6416 = DEFINITIONAL_REPRESENTATION('',(#6417),#6421);
#6417 = LINE('',#6418,#6419);
#6418 = CARTESIAN_POINT('',(-0.,-9.));
#6419 = VECTOR('',#6420,1.);
#6420 = DIRECTION('',(-1.,0.));
#6421 = ( GEOMETRIC_REPRESENTATION_CONTEXT(2) 
PARAMETRIC_REPRESENTATION_CONTEXT() REPRESENTATION_CONTEXT('2D SPACE',''
  ) );
#6422 = PCURVE('',#5758,#6423);
#6423 = DEFINITIONAL_REPRESENTATION('',(#6424),#6428);
#6424 = LINE('',#6425,#6426);
#6425 = CARTESIAN_POINT('',(7.7,-56.));
#6426 = VECTOR('',#6427,1.);
#6427 = DIRECTION('',(0.768221279597,0.640184399664));
#6428 = ( GEOMETRIC_REPRESENTATION_CONTEXT(2) 
PARAMETRIC_REPRESENTATION_CONTEXT() REPRESENTATION_CONTEXT('2D SPACE',''
  ) );
#6429 = ORIENTED_EDGE('',*,*,#6430,.F.);
#6430 = EDGE_CURVE('',#5017,#6408,#6431,.T.);
#6431 = SURFACE_CURVE('',#6432,(#6436,#6443),.PCURVE_S1.);
#6432 = LINE('',#6433,#6434);
#6433 = CARTESIAN_POINT('',(-90.,-117.,321.3));
#6434 = VECTOR('',#6435,1.);
#6435 = DIRECTION('',(1.,-0.,-0.));
#6436 = PCURVE('',#5060,#6437);
#6437 = DEFINITIONAL_REPRESENTATION('',(#6438),#6442);
#6438 = LINE('',#6439,#6440);
#6439 = CARTESIAN_POINT('',(-7.810249675907,0.));
#6440 = VECTOR('',#6441,1.);
#6441 = DIRECTION('',(-0.,-1.));
#6442 = ( GEOMETRIC_REPRESENTATION_CONTEXT(2) 
PARAMETRIC_REPRESENTATION_CONTEXT() REPRESENTATION_CONTEXT('2D SPACE',''
  ) );
#6443 = PCURVE('',#5032,#6444);
#6444 = DEFINITIONAL_REPRESENTATION('',(#6445),#6449);
#6445 = LINE('',#6446,#6447);
#6446 = CARTESIAN_POINT('',(-0.,-0.));
#6447 = VECTOR('',#6448,1.);
#6448 = DIRECTION('',(-0.,-1.));
#6449 = ( GEOMETRIC_REPRESENTATION_CONTEXT(2) 
PARAMETRIC_REPRESENTATION_CONTEXT() REPRESENTATION_CONTEXT('2D SPACE',''
  ) );
#6450 = ORIENTED_EDGE('',*,*,#5044,.F.);
#6451 = ADVANCED_FACE('',(#6452),#4864,.T.);
#6452 = FACE_BOUND('',#6453,.F.);
#6453 = EDGE_LOOP('',(#6454,#6477,#6478,#6479));
#6454 = ORIENTED_EDGE('',*,*,#6455,.F.);
#6455 = EDGE_CURVE('',#6360,#6456,#6458,.T.);
#6456 = VERTEX_POINT('',#6457);
#6457 = CARTESIAN_POINT('',(-81.,-94.5,299.6));
#6458 = SURFACE_CURVE('',#6459,(#6463,#6470),.PCURVE_S1.);
#6459 = LINE('',#6460,#6461);
#6460 = CARTESIAN_POINT('',(-81.,-94.5,281.5));
#6461 = VECTOR('',#6462,1.);
#6462 = DIRECTION('',(-0.,-0.,1.));
#6463 = PCURVE('',#4864,#6464);
#6464 = DEFINITIONAL_REPRESENTATION('',(#6465),#6469);
#6465 = LINE('',#6466,#6467);
#6466 = CARTESIAN_POINT('',(-0.,9.));
#6467 = VECTOR('',#6468,1.);
#6468 = DIRECTION('',(-1.,0.));
#6469 = ( GEOMETRIC_REPRESENTATION_CONTEXT(2) 
PARAMETRIC_REPRESENTATION_CONTEXT() REPRESENTATION_CONTEXT('2D SPACE',''
  ) );
#6470 = PCURVE('',#5758,#6471);
#6471 = DEFINITIONAL_REPRESENTATION('',(#6472),#6476);
#6472 = LINE('',#6473,#6474);
#6473 = CARTESIAN_POINT('',(53.5,-28.5));
#6474 = VECTOR('',#6475,1.);
#6475 = DIRECTION('',(-1.,0.));
#6476 = ( GEOMETRIC_REPRESENTATION_CONTEXT(2) 
PARAMETRIC_REPRESENTATION_CONTEXT() REPRESENTATION_CONTEXT('2D SPACE',''
  ) );
#6477 = ORIENTED_EDGE('',*,*,#6359,.T.);
#6478 = ORIENTED_EDGE('',*,*,#4848,.T.);
#6479 = ORIENTED_EDGE('',*,*,#6480,.F.);
#6480 = EDGE_CURVE('',#6456,#4849,#6481,.T.);
#6481 = SURFACE_CURVE('',#6482,(#6486,#6493),.PCURVE_S1.);
#6482 = LINE('',#6483,#6484);
#6483 = CARTESIAN_POINT('',(-90.,-94.5,299.6));
#6484 = VECTOR('',#6485,1.);
#6485 = DIRECTION('',(-1.,-0.,-0.));
#6486 = PCURVE('',#4864,#6487);
#6487 = DEFINITIONAL_REPRESENTATION('',(#6488),#6492);
#6488 = LINE('',#6489,#6490);
#6489 = CARTESIAN_POINT('',(-18.1,0.));
#6490 = VECTOR('',#6491,1.);
#6491 = DIRECTION('',(-0.,-1.));
#6492 = ( GEOMETRIC_REPRESENTATION_CONTEXT(2) 
PARAMETRIC_REPRESENTATION_CONTEXT() REPRESENTATION_CONTEXT('2D SPACE',''
  ) );
#6493 = PCURVE('',#4892,#6494);
#6494 = DEFINITIONAL_REPRESENTATION('',(#6495),#6499);
#6495 = LINE('',#6496,#6497);
#6496 = CARTESIAN_POINT('',(-20.30664915735,0.));
#6497 = VECTOR('',#6498,1.);
#6498 = DIRECTION('',(-0.,1.));
#6499 = ( GEOMETRIC_REPRESENTATION_CONTEXT(2) 
PARAMETRIC_REPRESENTATION_CONTEXT() REPRESENTATION_CONTEXT('2D SPACE',''
  ) );
#6500 = ADVANCED_FACE('',(#6501),#5032,.T.);
#6501 = FACE_BOUND('',#6502,.F.);
#6502 = EDGE_LOOP('',(#6503,#6504,#6527,#6548));
#6503 = ORIENTED_EDGE('',*,*,#6430,.T.);
#6504 = ORIENTED_EDGE('',*,*,#6505,.T.);
#6505 = EDGE_CURVE('',#6408,#6506,#6508,.T.);
#6506 = VERTEX_POINT('',#6507);
#6507 = CARTESIAN_POINT('',(-81.,-116.5,320.9));
#6508 = SURFACE_CURVE('',#6509,(#6513,#6520),.PCURVE_S1.);
#6509 = LINE('',#6510,#6511);
#6510 = CARTESIAN_POINT('',(-81.,-117.,321.3));
#6511 = VECTOR('',#6512,1.);
#6512 = DIRECTION('',(0.,0.780868809443,-0.624695047554));
#6513 = PCURVE('',#5032,#6514);
#6514 = DEFINITIONAL_REPRESENTATION('',(#6515),#6519);
#6515 = LINE('',#6516,#6517);
#6516 = CARTESIAN_POINT('',(-0.,-9.));
#6517 = VECTOR('',#6518,1.);
#6518 = DIRECTION('',(-1.,0.));
#6519 = ( GEOMETRIC_REPRESENTATION_CONTEXT(2) 
PARAMETRIC_REPRESENTATION_CONTEXT() REPRESENTATION_CONTEXT('2D SPACE',''
  ) );
#6520 = PCURVE('',#5758,#6521);
#6521 = DEFINITIONAL_REPRESENTATION('',(#6522),#6526);
#6522 = LINE('',#6523,#6524);
#6523 = CARTESIAN_POINT('',(13.7,-51.));
#6524 = VECTOR('',#6525,1.);
#6525 = DIRECTION('',(0.624695047554,0.780868809443));
#6526 = ( GEOMETRIC_REPRESENTATION_CONTEXT(2) 
PARAMETRIC_REPRESENTATION_CONTEXT() REPRESENTATION_CONTEXT('2D SPACE',''
  ) );
#6527 = ORIENTED_EDGE('',*,*,#6528,.F.);
#6528 = EDGE_CURVE('',#4989,#6506,#6529,.T.);
#6529 = SURFACE_CURVE('',#6530,(#6534,#6541),.PCURVE_S1.);
#6530 = LINE('',#6531,#6532);
#6531 = CARTESIAN_POINT('',(-90.,-116.5,320.9));
#6532 = VECTOR('',#6533,1.);
#6533 = DIRECTION('',(1.,-0.,-0.));
#6534 = PCURVE('',#5032,#6535);
#6535 = DEFINITIONAL_REPRESENTATION('',(#6536),#6540);
#6536 = LINE('',#6537,#6538);
#6537 = CARTESIAN_POINT('',(-0.640312423743,0.));
#6538 = VECTOR('',#6539,1.);
#6539 = DIRECTION('',(-0.,-1.));
#6540 = ( GEOMETRIC_REPRESENTATION_CONTEXT(2) 
PARAMETRIC_REPRESENTATION_CONTEXT() REPRESENTATION_CONTEXT('2D SPACE',''
  ) );
#6541 = PCURVE('',#5004,#6542);
#6542 = DEFINITIONAL_REPRESENTATION('',(#6543),#6547);
#6543 = LINE('',#6544,#6545);
#6544 = CARTESIAN_POINT('',(-0.,0.));
#6545 = VECTOR('',#6546,1.);
#6546 = DIRECTION('',(-0.,-1.));
#6547 = ( GEOMETRIC_REPRESENTATION_CONTEXT(2) 
PARAMETRIC_REPRESENTATION_CONTEXT() REPRESENTATION_CONTEXT('2D SPACE',''
  ) );
#6548 = ORIENTED_EDGE('',*,*,#5016,.F.);
#6549 = ADVANCED_FACE('',(#6550),#4892,.T.);
#6550 = FACE_BOUND('',#6551,.F.);
#6551 = EDGE_LOOP('',(#6552,#6553,#6576,#6597));
#6552 = ORIENTED_EDGE('',*,*,#4876,.F.);
#6553 = ORIENTED_EDGE('',*,*,#6554,.T.);
#6554 = EDGE_CURVE('',#4877,#6555,#6557,.T.);
#6555 = VERTEX_POINT('',#6556);
#6556 = CARTESIAN_POINT('',(-81.,-107.5,315.2));
#6557 = SURFACE_CURVE('',#6558,(#6562,#6569),.PCURVE_S1.);
#6558 = LINE('',#6559,#6560);
#6559 = CARTESIAN_POINT('',(-90.,-107.5,315.2));
#6560 = VECTOR('',#6561,1.);
#6561 = DIRECTION('',(1.,-0.,-0.));
#6562 = PCURVE('',#4892,#6563);
#6563 = DEFINITIONAL_REPRESENTATION('',(#6564),#6568);
#6564 = LINE('',#6565,#6566);
#6565 = CARTESIAN_POINT('',(-0.,-0.));
#6566 = VECTOR('',#6567,1.);
#6567 = DIRECTION('',(-0.,-1.));
#6568 = ( GEOMETRIC_REPRESENTATION_CONTEXT(2) 
PARAMETRIC_REPRESENTATION_CONTEXT() REPRESENTATION_CONTEXT('2D SPACE',''
  ) );
#6569 = PCURVE('',#4920,#6570);
#6570 = DEFINITIONAL_REPRESENTATION('',(#6571),#6575);
#6571 = LINE('',#6572,#6573);
#6572 = CARTESIAN_POINT('',(-2.,0.));
#6573 = VECTOR('',#6574,1.);
#6574 = DIRECTION('',(-0.,-1.));
#6575 = ( GEOMETRIC_REPRESENTATION_CONTEXT(2) 
PARAMETRIC_REPRESENTATION_CONTEXT() REPRESENTATION_CONTEXT('2D SPACE',''
  ) );
#6576 = ORIENTED_EDGE('',*,*,#6577,.T.);
#6577 = EDGE_CURVE('',#6555,#6456,#6578,.T.);
#6578 = SURFACE_CURVE('',#6579,(#6583,#6590),.PCURVE_S1.);
#6579 = LINE('',#6580,#6581);
#6580 = CARTESIAN_POINT('',(-81.,-107.5,315.2));
#6581 = VECTOR('',#6582,1.);
#6582 = DIRECTION('',(0.,0.640184399664,-0.768221279597));
#6583 = PCURVE('',#4892,#6584);
#6584 = DEFINITIONAL_REPRESENTATION('',(#6585),#6589);
#6585 = LINE('',#6586,#6587);
#6586 = CARTESIAN_POINT('',(-0.,-9.));
#6587 = VECTOR('',#6588,1.);
#6588 = DIRECTION('',(-1.,0.));
#6589 = ( GEOMETRIC_REPRESENTATION_CONTEXT(2) 
PARAMETRIC_REPRESENTATION_CONTEXT() REPRESENTATION_CONTEXT('2D SPACE',''
  ) );
#6590 = PCURVE('',#5758,#6591);
#6591 = DEFINITIONAL_REPRESENTATION('',(#6592),#6596);
#6592 = LINE('',#6593,#6594);
#6593 = CARTESIAN_POINT('',(19.8,-41.5));
#6594 = VECTOR('',#6595,1.);
#6595 = DIRECTION('',(0.768221279597,0.640184399664));
#6596 = ( GEOMETRIC_REPRESENTATION_CONTEXT(2) 
PARAMETRIC_REPRESENTATION_CONTEXT() REPRESENTATION_CONTEXT('2D SPACE',''
  ) );
#6597 = ORIENTED_EDGE('',*,*,#6480,.T.);
#6598 = ADVANCED_FACE('',(#6599),#5004,.T.);
#6599 = FACE_BOUND('',#6600,.F.);
#6600 = EDGE_LOOP('',(#6601,#6602,#6625,#6646));
#6601 = ORIENTED_EDGE('',*,*,#6528,.T.);
#6602 = ORIENTED_EDGE('',*,*,#6603,.T.);
#6603 = EDGE_CURVE('',#6506,#6604,#6606,.T.);
#6604 = VERTEX_POINT('',#6605);
#6605 = CARTESIAN_POINT('',(-81.,-114.5,320.9));
#6606 = SURFACE_CURVE('',#6607,(#6611,#6618),.PCURVE_S1.);
#6607 = LINE('',#6608,#6609);
#6608 = CARTESIAN_POINT('',(-81.,-116.5,320.9));
#6609 = VECTOR('',#6610,1.);
#6610 = DIRECTION('',(-0.,1.,-0.));
#6611 = PCURVE('',#5004,#6612);
#6612 = DEFINITIONAL_REPRESENTATION('',(#6613),#6617);
#6613 = LINE('',#6614,#6615);
#6614 = CARTESIAN_POINT('',(-0.,-9.));
#6615 = VECTOR('',#6616,1.);
#6616 = DIRECTION('',(-1.,0.));
#6617 = ( GEOMETRIC_REPRESENTATION_CONTEXT(2) 
PARAMETRIC_REPRESENTATION_CONTEXT() REPRESENTATION_CONTEXT('2D SPACE',''
  ) );
#6618 = PCURVE('',#5758,#6619);
#6619 = DEFINITIONAL_REPRESENTATION('',(#6620),#6624);
#6620 = LINE('',#6621,#6622);
#6621 = CARTESIAN_POINT('',(14.1,-50.5));
#6622 = VECTOR('',#6623,1.);
#6623 = DIRECTION('',(-0.,1.));
#6624 = ( GEOMETRIC_REPRESENTATION_CONTEXT(2) 
PARAMETRIC_REPRESENTATION_CONTEXT() REPRESENTATION_CONTEXT('2D SPACE',''
  ) );
#6625 = ORIENTED_EDGE('',*,*,#6626,.F.);
#6626 = EDGE_CURVE('',#4961,#6604,#6627,.T.);
#6627 = SURFACE_CURVE('',#6628,(#6632,#6639),.PCURVE_S1.);
#6628 = LINE('',#6629,#6630);
#6629 = CARTESIAN_POINT('',(-90.,-114.5,320.9));
#6630 = VECTOR('',#6631,1.);
#6631 = DIRECTION('',(1.,-0.,-0.));
#6632 = PCURVE('',#5004,#6633);
#6633 = DEFINITIONAL_REPRESENTATION('',(#6634),#6638);
#6634 = LINE('',#6635,#6636);
#6635 = CARTESIAN_POINT('',(-2.,0.));
#6636 = VECTOR('',#6637,1.);
#6637 = DIRECTION('',(-0.,-1.));
#6638 = ( GEOMETRIC_REPRESENTATION_CONTEXT(2) 
PARAMETRIC_REPRESENTATION_CONTEXT() REPRESENTATION_CONTEXT('2D SPACE',''
  ) );
#6639 = PCURVE('',#4976,#6640);
#6640 = DEFINITIONAL_REPRESENTATION('',(#6641),#6645);
#6641 = LINE('',#6642,#6643);
#6642 = CARTESIAN_POINT('',(-0.,-0.));
#6643 = VECTOR('',#6644,1.);
#6644 = DIRECTION('',(-0.,-1.));
#6645 = ( GEOMETRIC_REPRESENTATION_CONTEXT(2) 
PARAMETRIC_REPRESENTATION_CONTEXT() REPRESENTATION_CONTEXT('2D SPACE',''
  ) );
#6646 = ORIENTED_EDGE('',*,*,#4988,.F.);
#6647 = ADVANCED_FACE('',(#6648),#4920,.T.);
#6648 = FACE_BOUND('',#6649,.F.);
#6649 = EDGE_LOOP('',(#6650,#6673,#6694,#6695));
#6650 = ORIENTED_EDGE('',*,*,#6651,.T.);
#6651 = EDGE_CURVE('',#4905,#6652,#6654,.T.);
#6652 = VERTEX_POINT('',#6653);
#6653 = CARTESIAN_POINT('',(-81.,-109.5,315.2));
#6654 = SURFACE_CURVE('',#6655,(#6659,#6666),.PCURVE_S1.);
#6655 = LINE('',#6656,#6657);
#6656 = CARTESIAN_POINT('',(-90.,-109.5,315.2));
#6657 = VECTOR('',#6658,1.);
#6658 = DIRECTION('',(1.,-0.,-0.));
#6659 = PCURVE('',#4920,#6660);
#6660 = DEFINITIONAL_REPRESENTATION('',(#6661),#6665);
#6661 = LINE('',#6662,#6663);
#6662 = CARTESIAN_POINT('',(-0.,0.));
#6663 = VECTOR('',#6664,1.);
#6664 = DIRECTION('',(-0.,-1.));
#6665 = ( GEOMETRIC_REPRESENTATION_CONTEXT(2) 
PARAMETRIC_REPRESENTATION_CONTEXT() REPRESENTATION_CONTEXT('2D SPACE',''
  ) );
#6666 = PCURVE('',#4948,#6667);
#6667 = DEFINITIONAL_REPRESENTATION('',(#6668),#6672);
#6668 = LINE('',#6669,#6670);
#6669 = CARTESIAN_POINT('',(-0.583095189485,0.));
#6670 = VECTOR('',#6671,1.);
#6671 = DIRECTION('',(-0.,-1.));
#6672 = ( GEOMETRIC_REPRESENTATION_CONTEXT(2) 
PARAMETRIC_REPRESENTATION_CONTEXT() REPRESENTATION_CONTEXT('2D SPACE',''
  ) );
#6673 = ORIENTED_EDGE('',*,*,#6674,.T.);
#6674 = EDGE_CURVE('',#6652,#6555,#6675,.T.);
#6675 = SURFACE_CURVE('',#6676,(#6680,#6687),.PCURVE_S1.);
#6676 = LINE('',#6677,#6678);
#6677 = CARTESIAN_POINT('',(-81.,-109.5,315.2));
#6678 = VECTOR('',#6679,1.);
#6679 = DIRECTION('',(-0.,1.,-0.));
#6680 = PCURVE('',#4920,#6681);
#6681 = DEFINITIONAL_REPRESENTATION('',(#6682),#6686);
#6682 = LINE('',#6683,#6684);
#6683 = CARTESIAN_POINT('',(-0.,-9.));
#6684 = VECTOR('',#6685,1.);
#6685 = DIRECTION('',(-1.,0.));
#6686 = ( GEOMETRIC_REPRESENTATION_CONTEXT(2) 
PARAMETRIC_REPRESENTATION_CONTEXT() REPRESENTATION_CONTEXT('2D SPACE',''
  ) );
#6687 = PCURVE('',#5758,#6688);
#6688 = DEFINITIONAL_REPRESENTATION('',(#6689),#6693);
#6689 = LINE('',#6690,#6691);
#6690 = CARTESIAN_POINT('',(19.8,-43.5));
#6691 = VECTOR('',#6692,1.);
#6692 = DIRECTION('',(-0.,1.));
#6693 = ( GEOMETRIC_REPRESENTATION_CONTEXT(2) 
PARAMETRIC_REPRESENTATION_CONTEXT() REPRESENTATION_CONTEXT('2D SPACE',''
  ) );
#6694 = ORIENTED_EDGE('',*,*,#6554,.F.);
#6695 = ORIENTED_EDGE('',*,*,#4904,.F.);
#6696 = ADVANCED_FACE('',(#6697),#4976,.T.);
#6697 = FACE_BOUND('',#6698,.F.);
#6698 = EDGE_LOOP('',(#6699,#6700,#6723,#6744));
#6699 = ORIENTED_EDGE('',*,*,#6626,.T.);
#6700 = ORIENTED_EDGE('',*,*,#6701,.T.);
#6701 = EDGE_CURVE('',#6604,#6702,#6704,.T.);
#6702 = VERTEX_POINT('',#6703);
#6703 = CARTESIAN_POINT('',(-81.,-110.,315.5));
#6704 = SURFACE_CURVE('',#6705,(#6709,#6716),.PCURVE_S1.);
#6705 = LINE('',#6706,#6707);
#6706 = CARTESIAN_POINT('',(-81.,-114.5,320.9));
#6707 = VECTOR('',#6708,1.);
#6708 = DIRECTION('',(0.,0.640184399664,-0.768221279597));
#6709 = PCURVE('',#4976,#6710);
#6710 = DEFINITIONAL_REPRESENTATION('',(#6711),#6715);
#6711 = LINE('',#6712,#6713);
#6712 = CARTESIAN_POINT('',(-0.,-9.));
#6713 = VECTOR('',#6714,1.);
#6714 = DIRECTION('',(-1.,0.));
#6715 = ( GEOMETRIC_REPRESENTATION_CONTEXT(2) 
PARAMETRIC_REPRESENTATION_CONTEXT() REPRESENTATION_CONTEXT('2D SPACE',''
  ) );
#6716 = PCURVE('',#5758,#6717);
#6717 = DEFINITIONAL_REPRESENTATION('',(#6718),#6722);
#6718 = LINE('',#6719,#6720);
#6719 = CARTESIAN_POINT('',(14.1,-48.5));
#6720 = VECTOR('',#6721,1.);
#6721 = DIRECTION('',(0.768221279597,0.640184399664));
#6722 = ( GEOMETRIC_REPRESENTATION_CONTEXT(2) 
PARAMETRIC_REPRESENTATION_CONTEXT() REPRESENTATION_CONTEXT('2D SPACE',''
  ) );
#6723 = ORIENTED_EDGE('',*,*,#6724,.F.);
#6724 = EDGE_CURVE('',#4933,#6702,#6725,.T.);
#6725 = SURFACE_CURVE('',#6726,(#6730,#6737),.PCURVE_S1.);
#6726 = LINE('',#6727,#6728);
#6727 = CARTESIAN_POINT('',(-90.,-110.,315.5));
#6728 = VECTOR('',#6729,1.);
#6729 = DIRECTION('',(1.,-0.,-0.));
#6730 = PCURVE('',#4976,#6731);
#6731 = DEFINITIONAL_REPRESENTATION('',(#6732),#6736);
#6732 = LINE('',#6733,#6734);
#6733 = CARTESIAN_POINT('',(-7.029224708316,0.));
#6734 = VECTOR('',#6735,1.);
#6735 = DIRECTION('',(-0.,-1.));
#6736 = ( GEOMETRIC_REPRESENTATION_CONTEXT(2) 
PARAMETRIC_REPRESENTATION_CONTEXT() REPRESENTATION_CONTEXT('2D SPACE',''
  ) );
#6737 = PCURVE('',#4948,#6738);
#6738 = DEFINITIONAL_REPRESENTATION('',(#6739),#6743);
#6739 = LINE('',#6740,#6741);
#6740 = CARTESIAN_POINT('',(-0.,-0.));
#6741 = VECTOR('',#6742,1.);
#6742 = DIRECTION('',(-0.,-1.));
#6743 = ( GEOMETRIC_REPRESENTATION_CONTEXT(2) 
PARAMETRIC_REPRESENTATION_CONTEXT() REPRESENTATION_CONTEXT('2D SPACE',''
  ) );
#6744 = ORIENTED_EDGE('',*,*,#4960,.F.);
#6745 = ADVANCED_FACE('',(#6746),#4948,.T.);
#6746 = FACE_BOUND('',#6747,.F.);
#6747 = EDGE_LOOP('',(#6748,#6749,#6770,#6771));
#6748 = ORIENTED_EDGE('',*,*,#6724,.T.);
#6749 = ORIENTED_EDGE('',*,*,#6750,.T.);
#6750 = EDGE_CURVE('',#6702,#6652,#6751,.T.);
#6751 = SURFACE_CURVE('',#6752,(#6756,#6763),.PCURVE_S1.);
#6752 = LINE('',#6753,#6754);
#6753 = CARTESIAN_POINT('',(-81.,-110.,315.5));
#6754 = VECTOR('',#6755,1.);
#6755 = DIRECTION('',(0.,0.857492925713,-0.514495755428));
#6756 = PCURVE('',#4948,#6757);
#6757 = DEFINITIONAL_REPRESENTATION('',(#6758),#6762);
#6758 = LINE('',#6759,#6760);
#6759 = CARTESIAN_POINT('',(-0.,-9.));
#6760 = VECTOR('',#6761,1.);
#6761 = DIRECTION('',(-1.,0.));
#6762 = ( GEOMETRIC_REPRESENTATION_CONTEXT(2) 
PARAMETRIC_REPRESENTATION_CONTEXT() REPRESENTATION_CONTEXT('2D SPACE',''
  ) );
#6763 = PCURVE('',#5758,#6764);
#6764 = DEFINITIONAL_REPRESENTATION('',(#6765),#6769);
#6765 = LINE('',#6766,#6767);
#6766 = CARTESIAN_POINT('',(19.5,-44.));
#6767 = VECTOR('',#6768,1.);
#6768 = DIRECTION('',(0.514495755428,0.857492925713));
#6769 = ( GEOMETRIC_REPRESENTATION_CONTEXT(2) 
PARAMETRIC_REPRESENTATION_CONTEXT() REPRESENTATION_CONTEXT('2D SPACE',''
  ) );
#6770 = ORIENTED_EDGE('',*,*,#6651,.F.);
#6771 = ORIENTED_EDGE('',*,*,#4932,.F.);
#6772 = ADVANCED_FACE('',(#6773),#5230,.F.);
#6773 = FACE_BOUND('',#6774,.T.);
#6774 = EDGE_LOOP('',(#6775,#6798,#6799,#6822,#6846,#6869,#6900,#6901,
    #6902));
#6775 = ORIENTED_EDGE('',*,*,#6776,.F.);
#6776 = EDGE_CURVE('',#5208,#6777,#6779,.T.);
#6777 = VERTEX_POINT('',#6778);
#6778 = CARTESIAN_POINT('',(-77.2,-85.66654762208,286.76654762208));
#6779 = SURFACE_CURVE('',#6780,(#6784,#6791),.PCURVE_S1.);
#6780 = LINE('',#6781,#6782);
#6781 = CARTESIAN_POINT('',(-90.,-85.66654762208,286.76654762208));
#6782 = VECTOR('',#6783,1.);
#6783 = DIRECTION('',(1.,-0.,-0.));
#6784 = PCURVE('',#5230,#6785);
#6785 = DEFINITIONAL_REPRESENTATION('',(#6786),#6790);
#6786 = LINE('',#6787,#6788);
#6787 = CARTESIAN_POINT('',(-2.356194490192,1.));
#6788 = VECTOR('',#6789,1.);
#6789 = DIRECTION('',(-0.,1.));
#6790 = ( GEOMETRIC_REPRESENTATION_CONTEXT(2) 
PARAMETRIC_REPRESENTATION_CONTEXT() REPRESENTATION_CONTEXT('2D SPACE',''
  ) );
#6791 = PCURVE('',#5258,#6792);
#6792 = DEFINITIONAL_REPRESENTATION('',(#6793),#6797);
#6793 = LINE('',#6794,#6795);
#6794 = CARTESIAN_POINT('',(-0.,-1.));
#6795 = VECTOR('',#6796,1.);
#6796 = DIRECTION('',(-0.,-1.));
#6797 = ( GEOMETRIC_REPRESENTATION_CONTEXT(2) 
PARAMETRIC_REPRESENTATION_CONTEXT() REPRESENTATION_CONTEXT('2D SPACE',''
  ) );
#6798 = ORIENTED_EDGE('',*,*,#5207,.T.);
#6799 = ORIENTED_EDGE('',*,*,#6800,.F.);
#6800 = EDGE_CURVE('',#6801,#5210,#6803,.T.);
#6801 = VERTEX_POINT('',#6802);
#6802 = CARTESIAN_POINT('',(-77.2,-85.66654762208,291.43345237791));
#6803 = SURFACE_CURVE('',#6804,(#6808,#6815),.PCURVE_S1.);
#6804 = LINE('',#6805,#6806);
#6805 = CARTESIAN_POINT('',(-77.2,-85.66654762208,291.43345237791));
#6806 = VECTOR('',#6807,1.);
#6807 = DIRECTION('',(-1.,-0.,-0.));
#6808 = PCURVE('',#5230,#6809);
#6809 = DEFINITIONAL_REPRESENTATION('',(#6810),#6814);
#6810 = LINE('',#6811,#6812);
#6811 = CARTESIAN_POINT('',(-7.068583470577,13.8));
#6812 = VECTOR('',#6813,1.);
#6813 = DIRECTION('',(-0.,-1.));
#6814 = ( GEOMETRIC_REPRESENTATION_CONTEXT(2) 
PARAMETRIC_REPRESENTATION_CONTEXT() REPRESENTATION_CONTEXT('2D SPACE',''
  ) );
#6815 = PCURVE('',#5284,#6816);
#6816 = DEFINITIONAL_REPRESENTATION('',(#6817),#6821);
#6817 = LINE('',#6818,#6819);
#6818 = CARTESIAN_POINT('',(-3.3,-13.8));
#6819 = VECTOR('',#6820,1.);
#6820 = DIRECTION('',(-0.,1.));
#6821 = ( GEOMETRIC_REPRESENTATION_CONTEXT(2) 
PARAMETRIC_REPRESENTATION_CONTEXT() REPRESENTATION_CONTEXT('2D SPACE',''
  ) );
#6822 = ORIENTED_EDGE('',*,*,#6823,.T.);
#6823 = EDGE_CURVE('',#6801,#6824,#6826,.T.);
#6824 = VERTEX_POINT('',#6825);
#6825 = CARTESIAN_POINT('',(-77.2,-88.,292.4));
#6826 = SEAM_CURVE('',#6827,(#6832,#6839),.PCURVE_S1.);
#6827 = CIRCLE('',#6828,3.3);
#6828 = AXIS2_PLACEMENT_3D('',#6829,#6830,#6831);
#6829 = CARTESIAN_POINT('',(-77.2,-88.,289.1));
#6830 = DIRECTION('',(1.,0.,0.));
#6831 = DIRECTION('',(-0.,0.707106781187,0.707106781187));
#6832 = PCURVE('',#5230,#6833);
#6833 = DEFINITIONAL_REPRESENTATION('',(#6834),#6838);
#6834 = LINE('',#6835,#6836);
#6835 = CARTESIAN_POINT('',(-7.068583470577,13.8));
#6836 = VECTOR('',#6837,1.);
#6837 = DIRECTION('',(1.,-0.));
#6838 = ( GEOMETRIC_REPRESENTATION_CONTEXT(2) 
PARAMETRIC_REPRESENTATION_CONTEXT() REPRESENTATION_CONTEXT('2D SPACE',''
  ) );
#6839 = PCURVE('',#5230,#6840);
#6840 = DEFINITIONAL_REPRESENTATION('',(#6841),#6845);
#6841 = LINE('',#6842,#6843);
#6842 = CARTESIAN_POINT('',(-0.785398163397,13.8));
#6843 = VECTOR('',#6844,1.);
#6844 = DIRECTION('',(1.,-0.));
#6845 = ( GEOMETRIC_REPRESENTATION_CONTEXT(2) 
PARAMETRIC_REPRESENTATION_CONTEXT() REPRESENTATION_CONTEXT('2D SPACE',''
  ) );
#6846 = ORIENTED_EDGE('',*,*,#6847,.T.);
#6847 = EDGE_CURVE('',#6824,#6848,#6850,.T.);
#6848 = VERTEX_POINT('',#6849);
#6849 = CARTESIAN_POINT('',(-63.3,-88.,292.4));
#6850 = SEAM_CURVE('',#6851,(#6855,#6862),.PCURVE_S1.);
#6851 = LINE('',#6852,#6853);
#6852 = CARTESIAN_POINT('',(-78.2,-88.,292.4));
#6853 = VECTOR('',#6854,1.);
#6854 = DIRECTION('',(1.,-0.,-0.));
#6855 = PCURVE('',#5230,#6856);
#6856 = DEFINITIONAL_REPRESENTATION('',(#6857),#6861);
#6857 = LINE('',#6858,#6859);
#6858 = CARTESIAN_POINT('',(-6.28318530718,12.8));
#6859 = VECTOR('',#6860,1.);
#6860 = DIRECTION('',(-0.,1.));
#6861 = ( GEOMETRIC_REPRESENTATION_CONTEXT(2) 
PARAMETRIC_REPRESENTATION_CONTEXT() REPRESENTATION_CONTEXT('2D SPACE',''
  ) );
#6862 = PCURVE('',#5230,#6863);
#6863 = DEFINITIONAL_REPRESENTATION('',(#6864),#6868);
#6864 = LINE('',#6865,#6866);
#6865 = CARTESIAN_POINT('',(-0.,12.8));
#6866 = VECTOR('',#6867,1.);
#6867 = DIRECTION('',(-0.,1.));
#6868 = ( GEOMETRIC_REPRESENTATION_CONTEXT(2) 
PARAMETRIC_REPRESENTATION_CONTEXT() REPRESENTATION_CONTEXT('2D SPACE',''
  ) );
#6869 = ORIENTED_EDGE('',*,*,#6870,.F.);
#6870 = EDGE_CURVE('',#6848,#6848,#6871,.T.);
#6871 = SURFACE_CURVE('',#6872,(#6877,#6884),.PCURVE_S1.);
#6872 = CIRCLE('',#6873,3.3);
#6873 = AXIS2_PLACEMENT_3D('',#6874,#6875,#6876);
#6874 = CARTESIAN_POINT('',(-63.3,-88.,289.1));
#6875 = DIRECTION('',(-1.,-0.,-0.));
#6876 = DIRECTION('',(-0.,-0.,1.));
#6877 = PCURVE('',#5230,#6878);
#6878 = DEFINITIONAL_REPRESENTATION('',(#6879),#6883);
#6879 = LINE('',#6880,#6881);
#6880 = CARTESIAN_POINT('',(-0.,27.7));
#6881 = VECTOR('',#6882,1.);
#6882 = DIRECTION('',(-1.,0.));
#6883 = ( GEOMETRIC_REPRESENTATION_CONTEXT(2) 
PARAMETRIC_REPRESENTATION_CONTEXT() REPRESENTATION_CONTEXT('2D SPACE',''
  ) );
#6884 = PCURVE('',#6885,#6890);
#6885 = PLANE('',#6886);
#6886 = AXIS2_PLACEMENT_3D('',#6887,#6888,#6889);
#6887 = CARTESIAN_POINT('',(-63.3,-88.,289.1));
#6888 = DIRECTION('',(1.,-0.,-0.));
#6889 = DIRECTION('',(0.,0.,-1.));
#6890 = DEFINITIONAL_REPRESENTATION('',(#6891),#6899);
#6891 = ( BOUNDED_CURVE() B_SPLINE_CURVE(2,(#6892,#6893,#6894,#6895,
#6896,#6897,#6898),.UNSPECIFIED.,.T.,.F.) B_SPLINE_CURVE_WITH_KNOTS((1,2
    ,2,2,2,1),(-2.094395102393,0.,2.094395102393,4.188790204786,
6.28318530718,8.377580409573),.UNSPECIFIED.) CURVE() 
GEOMETRIC_REPRESENTATION_ITEM() RATIONAL_B_SPLINE_CURVE((1.,0.5,1.,0.5,
1.,0.5,1.)) REPRESENTATION_ITEM('') );
#6892 = CARTESIAN_POINT('',(-3.3,0.));
#6893 = CARTESIAN_POINT('',(-3.3,5.715767664977));
#6894 = CARTESIAN_POINT('',(1.65,2.857883832489));
#6895 = CARTESIAN_POINT('',(6.6,8.082668874373E-16));
#6896 = CARTESIAN_POINT('',(1.65,-2.857883832489));
#6897 = CARTESIAN_POINT('',(-3.3,-5.715767664977));
#6898 = CARTESIAN_POINT('',(-3.3,0.));
#6899 = ( GEOMETRIC_REPRESENTATION_CONTEXT(2) 
PARAMETRIC_REPRESENTATION_CONTEXT() REPRESENTATION_CONTEXT('2D SPACE',''
  ) );
#6900 = ORIENTED_EDGE('',*,*,#6847,.F.);
#6901 = ORIENTED_EDGE('',*,*,#6823,.F.);
#6902 = ORIENTED_EDGE('',*,*,#6903,.T.);
#6903 = EDGE_CURVE('',#6801,#6777,#6904,.T.);
#6904 = SURFACE_CURVE('',#6905,(#6910,#6917),.PCURVE_S1.);
#6905 = CIRCLE('',#6906,3.3);
#6906 = AXIS2_PLACEMENT_3D('',#6907,#6908,#6909);
#6907 = CARTESIAN_POINT('',(-77.2,-88.,289.1));
#6908 = DIRECTION('',(-1.,-0.,-0.));
#6909 = DIRECTION('',(-0.,-0.,1.));
#6910 = PCURVE('',#5230,#6911);
#6911 = DEFINITIONAL_REPRESENTATION('',(#6912),#6916);
#6912 = LINE('',#6913,#6914);
#6913 = CARTESIAN_POINT('',(-0.,13.8));
#6914 = VECTOR('',#6915,1.);
#6915 = DIRECTION('',(-1.,0.));
#6916 = ( GEOMETRIC_REPRESENTATION_CONTEXT(2) 
PARAMETRIC_REPRESENTATION_CONTEXT() REPRESENTATION_CONTEXT('2D SPACE',''
  ) );
#6917 = PCURVE('',#6918,#6923);
#6918 = PLANE('',#6919);
#6919 = AXIS2_PLACEMENT_3D('',#6920,#6921,#6922);
#6920 = CARTESIAN_POINT('',(-77.2,-88.,289.1));
#6921 = DIRECTION('',(1.,-0.,-0.));
#6922 = DIRECTION('',(0.,0.,-1.));
#6923 = DEFINITIONAL_REPRESENTATION('',(#6924),#6932);
#6924 = ( BOUNDED_CURVE() B_SPLINE_CURVE(2,(#6925,#6926,#6927,#6928,
#6929,#6930,#6931),.UNSPECIFIED.,.T.,.F.) B_SPLINE_CURVE_WITH_KNOTS((1,2
    ,2,2,2,1),(-2.094395102393,0.,2.094395102393,4.188790204786,
6.28318530718,8.377580409573),.UNSPECIFIED.) CURVE() 
GEOMETRIC_REPRESENTATION_ITEM() RATIONAL_B_SPLINE_CURVE((1.,0.5,1.,0.5,
1.,0.5,1.)) REPRESENTATION_ITEM('') );
#6925 = CARTESIAN_POINT('',(-3.3,0.));
#6926 = CARTESIAN_POINT('',(-3.3,5.715767664977));
#6927 = CARTESIAN_POINT('',(1.65,2.857883832489));
#6928 = CARTESIAN_POINT('',(6.6,8.082668874373E-16));
#6929 = CARTESIAN_POINT('',(1.65,-2.857883832489));
#6930 = CARTESIAN_POINT('',(-3.3,-5.715767664977));
#6931 = CARTESIAN_POINT('',(-3.3,0.));
#6932 = ( GEOMETRIC_REPRESENTATION_CONTEXT(2) 
PARAMETRIC_REPRESENTATION_CONTEXT() REPRESENTATION_CONTEXT('2D SPACE',''
  ) );
#6933 = ADVANCED_FACE('',(#6934),#5284,.F.);
#6934 = FACE_BOUND('',#6935,.T.);
#6935 = EDGE_LOOP('',(#6936,#6937,#6960,#6988,#7009));
#6936 = ORIENTED_EDGE('',*,*,#5270,.T.);
#6937 = ORIENTED_EDGE('',*,*,#6938,.T.);
#6938 = EDGE_CURVE('',#5243,#6939,#6941,.T.);
#6939 = VERTEX_POINT('',#6940);
#6940 = CARTESIAN_POINT('',(-77.2,-83.33309524416,289.1));
#6941 = SURFACE_CURVE('',#6942,(#6946,#6953),.PCURVE_S1.);
#6942 = LINE('',#6943,#6944);
#6943 = CARTESIAN_POINT('',(-91.,-83.33309524416,289.1));
#6944 = VECTOR('',#6945,1.);
#6945 = DIRECTION('',(1.,-0.,-0.));
#6946 = PCURVE('',#5284,#6947);
#6947 = DEFINITIONAL_REPRESENTATION('',(#6948),#6952);
#6948 = LINE('',#6949,#6950);
#6949 = CARTESIAN_POINT('',(-0.,-0.));
#6950 = VECTOR('',#6951,1.);
#6951 = DIRECTION('',(-0.,-1.));
#6952 = ( GEOMETRIC_REPRESENTATION_CONTEXT(2) 
PARAMETRIC_REPRESENTATION_CONTEXT() REPRESENTATION_CONTEXT('2D SPACE',''
  ) );
#6953 = PCURVE('',#5258,#6954);
#6954 = DEFINITIONAL_REPRESENTATION('',(#6955),#6959);
#6955 = LINE('',#6956,#6957);
#6956 = CARTESIAN_POINT('',(-3.3,0.));
#6957 = VECTOR('',#6958,1.);
#6958 = DIRECTION('',(-0.,-1.));
#6959 = ( GEOMETRIC_REPRESENTATION_CONTEXT(2) 
PARAMETRIC_REPRESENTATION_CONTEXT() REPRESENTATION_CONTEXT('2D SPACE',''
  ) );
#6960 = ORIENTED_EDGE('',*,*,#6961,.T.);
#6961 = EDGE_CURVE('',#6939,#6962,#6964,.T.);
#6962 = VERTEX_POINT('',#6963);
#6963 = CARTESIAN_POINT('',(-77.2,-83.35003084036,289.11693559619));
#6964 = SURFACE_CURVE('',#6965,(#6969,#6976),.PCURVE_S1.);
#6965 = LINE('',#6966,#6967);
#6966 = CARTESIAN_POINT('',(-77.2,-83.33309524416,289.1));
#6967 = VECTOR('',#6968,1.);
#6968 = DIRECTION('',(-0.,-0.707106781187,0.707106781187));
#6969 = PCURVE('',#5284,#6970);
#6970 = DEFINITIONAL_REPRESENTATION('',(#6971),#6975);
#6971 = LINE('',#6972,#6973);
#6972 = CARTESIAN_POINT('',(-0.,-13.8));
#6973 = VECTOR('',#6974,1.);
#6974 = DIRECTION('',(-1.,0.));
#6975 = ( GEOMETRIC_REPRESENTATION_CONTEXT(2) 
PARAMETRIC_REPRESENTATION_CONTEXT() REPRESENTATION_CONTEXT('2D SPACE',''
  ) );
#6976 = PCURVE('',#6977,#6982);
#6977 = PLANE('',#6978);
#6978 = AXIS2_PLACEMENT_3D('',#6979,#6980,#6981);
#6979 = CARTESIAN_POINT('',(-77.2,-88.,289.1));
#6980 = DIRECTION('',(1.,-0.,-0.));
#6981 = DIRECTION('',(0.,0.,-1.));
#6982 = DEFINITIONAL_REPRESENTATION('',(#6983),#6987);
#6983 = LINE('',#6984,#6985);
#6984 = CARTESIAN_POINT('',(-0.,4.666904755831));
#6985 = VECTOR('',#6986,1.);
#6986 = DIRECTION('',(-0.707106781187,-0.707106781187));
#6987 = ( GEOMETRIC_REPRESENTATION_CONTEXT(2) 
PARAMETRIC_REPRESENTATION_CONTEXT() REPRESENTATION_CONTEXT('2D SPACE',''
  ) );
#6988 = ORIENTED_EDGE('',*,*,#6989,.T.);
#6989 = EDGE_CURVE('',#6962,#6801,#6990,.T.);
#6990 = SURFACE_CURVE('',#6991,(#6995,#7002),.PCURVE_S1.);
#6991 = LINE('',#6992,#6993);
#6992 = CARTESIAN_POINT('',(-77.2,-83.33309524416,289.1));
#6993 = VECTOR('',#6994,1.);
#6994 = DIRECTION('',(-0.,-0.707106781187,0.707106781187));
#6995 = PCURVE('',#5284,#6996);
#6996 = DEFINITIONAL_REPRESENTATION('',(#6997),#7001);
#6997 = LINE('',#6998,#6999);
#6998 = CARTESIAN_POINT('',(-0.,-13.8));
#6999 = VECTOR('',#7000,1.);
#7000 = DIRECTION('',(-1.,0.));
#7001 = ( GEOMETRIC_REPRESENTATION_CONTEXT(2) 
PARAMETRIC_REPRESENTATION_CONTEXT() REPRESENTATION_CONTEXT('2D SPACE',''
  ) );
#7002 = PCURVE('',#6918,#7003);
#7003 = DEFINITIONAL_REPRESENTATION('',(#7004),#7008);
#7004 = LINE('',#7005,#7006);
#7005 = CARTESIAN_POINT('',(-0.,4.666904755831));
#7006 = VECTOR('',#7007,1.);
#7007 = DIRECTION('',(-0.707106781187,-0.707106781187));
#7008 = ( GEOMETRIC_REPRESENTATION_CONTEXT(2) 
PARAMETRIC_REPRESENTATION_CONTEXT() REPRESENTATION_CONTEXT('2D SPACE',''
  ) );
#7009 = ORIENTED_EDGE('',*,*,#6800,.T.);
#7010 = ADVANCED_FACE('',(#7011),#5258,.F.);
#7011 = FACE_BOUND('',#7012,.T.);
#7012 = EDGE_LOOP('',(#7013,#7014,#7015,#7038,#7059));
#7013 = ORIENTED_EDGE('',*,*,#5242,.T.);
#7014 = ORIENTED_EDGE('',*,*,#6776,.T.);
#7015 = ORIENTED_EDGE('',*,*,#7016,.T.);
#7016 = EDGE_CURVE('',#6777,#7017,#7019,.T.);
#7017 = VERTEX_POINT('',#7018);
#7018 = CARTESIAN_POINT('',(-77.2,-83.35003084036,289.0830644038));
#7019 = SURFACE_CURVE('',#7020,(#7024,#7031),.PCURVE_S1.);
#7020 = LINE('',#7021,#7022);
#7021 = CARTESIAN_POINT('',(-77.2,-85.66654762208,286.76654762208));
#7022 = VECTOR('',#7023,1.);
#7023 = DIRECTION('',(-0.,0.707106781187,0.707106781187));
#7024 = PCURVE('',#5258,#7025);
#7025 = DEFINITIONAL_REPRESENTATION('',(#7026),#7030);
#7026 = LINE('',#7027,#7028);
#7027 = CARTESIAN_POINT('',(-0.,-13.8));
#7028 = VECTOR('',#7029,1.);
#7029 = DIRECTION('',(-1.,0.));
#7030 = ( GEOMETRIC_REPRESENTATION_CONTEXT(2) 
PARAMETRIC_REPRESENTATION_CONTEXT() REPRESENTATION_CONTEXT('2D SPACE',''
  ) );
#7031 = PCURVE('',#6918,#7032);
#7032 = DEFINITIONAL_REPRESENTATION('',(#7033),#7037);
#7033 = LINE('',#7034,#7035);
#7034 = CARTESIAN_POINT('',(2.333452377916,2.333452377916));
#7035 = VECTOR('',#7036,1.);
#7036 = DIRECTION('',(-0.707106781187,0.707106781187));
#7037 = ( GEOMETRIC_REPRESENTATION_CONTEXT(2) 
PARAMETRIC_REPRESENTATION_CONTEXT() REPRESENTATION_CONTEXT('2D SPACE',''
  ) );
#7038 = ORIENTED_EDGE('',*,*,#7039,.T.);
#7039 = EDGE_CURVE('',#7017,#6939,#7040,.T.);
#7040 = SURFACE_CURVE('',#7041,(#7045,#7052),.PCURVE_S1.);
#7041 = LINE('',#7042,#7043);
#7042 = CARTESIAN_POINT('',(-77.2,-85.66654762208,286.76654762208));
#7043 = VECTOR('',#7044,1.);
#7044 = DIRECTION('',(-0.,0.707106781187,0.707106781187));
#7045 = PCURVE('',#5258,#7046);
#7046 = DEFINITIONAL_REPRESENTATION('',(#7047),#7051);
#7047 = LINE('',#7048,#7049);
#7048 = CARTESIAN_POINT('',(-0.,-13.8));
#7049 = VECTOR('',#7050,1.);
#7050 = DIRECTION('',(-1.,0.));
#7051 = ( GEOMETRIC_REPRESENTATION_CONTEXT(2) 
PARAMETRIC_REPRESENTATION_CONTEXT() REPRESENTATION_CONTEXT('2D SPACE',''
  ) );
#7052 = PCURVE('',#6977,#7053);
#7053 = DEFINITIONAL_REPRESENTATION('',(#7054),#7058);
#7054 = LINE('',#7055,#7056);
#7055 = CARTESIAN_POINT('',(2.333452377916,2.333452377916));
#7056 = VECTOR('',#7057,1.);
#7057 = DIRECTION('',(-0.707106781187,0.707106781187));
#7058 = ( GEOMETRIC_REPRESENTATION_CONTEXT(2) 
PARAMETRIC_REPRESENTATION_CONTEXT() REPRESENTATION_CONTEXT('2D SPACE',''
  ) );
#7059 = ORIENTED_EDGE('',*,*,#6938,.F.);
#7060 = ADVANCED_FACE('',(#7061),#5321,.F.);
#7061 = FACE_BOUND('',#7062,.T.);
#7062 = EDGE_LOOP('',(#7063,#7086,#7087,#7110,#7134,#7157,#7188,#7189,
    #7190));
#7063 = ORIENTED_EDGE('',*,*,#7064,.F.);
#7064 = EDGE_CURVE('',#5299,#7065,#7067,.T.);
#7065 = VERTEX_POINT('',#7066);
#7066 = CARTESIAN_POINT('',(-70.7,-72.66654762208,386.76654762208));
#7067 = SURFACE_CURVE('',#7068,(#7072,#7079),.PCURVE_S1.);
#7068 = LINE('',#7069,#7070);
#7069 = CARTESIAN_POINT('',(-90.,-72.66654762208,386.76654762208));
#7070 = VECTOR('',#7071,1.);
#7071 = DIRECTION('',(1.,-0.,-0.));
#7072 = PCURVE('',#5321,#7073);
#7073 = DEFINITIONAL_REPRESENTATION('',(#7074),#7078);
#7074 = LINE('',#7075,#7076);
#7075 = CARTESIAN_POINT('',(-2.356194490192,1.));
#7076 = VECTOR('',#7077,1.);
#7077 = DIRECTION('',(-0.,1.));
#7078 = ( GEOMETRIC_REPRESENTATION_CONTEXT(2) 
PARAMETRIC_REPRESENTATION_CONTEXT() REPRESENTATION_CONTEXT('2D SPACE',''
  ) );
#7079 = PCURVE('',#5349,#7080);
#7080 = DEFINITIONAL_REPRESENTATION('',(#7081),#7085);
#7081 = LINE('',#7082,#7083);
#7082 = CARTESIAN_POINT('',(-0.,-1.));
#7083 = VECTOR('',#7084,1.);
#7084 = DIRECTION('',(-0.,-1.));
#7085 = ( GEOMETRIC_REPRESENTATION_CONTEXT(2) 
PARAMETRIC_REPRESENTATION_CONTEXT() REPRESENTATION_CONTEXT('2D SPACE',''
  ) );
#7086 = ORIENTED_EDGE('',*,*,#5298,.T.);
#7087 = ORIENTED_EDGE('',*,*,#7088,.F.);
#7088 = EDGE_CURVE('',#7089,#5301,#7091,.T.);
#7089 = VERTEX_POINT('',#7090);
#7090 = CARTESIAN_POINT('',(-70.7,-72.66654762208,391.43345237791));
#7091 = SURFACE_CURVE('',#7092,(#7096,#7103),.PCURVE_S1.);
#7092 = LINE('',#7093,#7094);
#7093 = CARTESIAN_POINT('',(-70.7,-72.66654762208,391.43345237791));
#7094 = VECTOR('',#7095,1.);
#7095 = DIRECTION('',(-1.,-0.,-0.));
#7096 = PCURVE('',#5321,#7097);
#7097 = DEFINITIONAL_REPRESENTATION('',(#7098),#7102);
#7098 = LINE('',#7099,#7100);
#7099 = CARTESIAN_POINT('',(-7.068583470577,20.3));
#7100 = VECTOR('',#7101,1.);
#7101 = DIRECTION('',(-0.,-1.));
#7102 = ( GEOMETRIC_REPRESENTATION_CONTEXT(2) 
PARAMETRIC_REPRESENTATION_CONTEXT() REPRESENTATION_CONTEXT('2D SPACE',''
  ) );
#7103 = PCURVE('',#5375,#7104);
#7104 = DEFINITIONAL_REPRESENTATION('',(#7105),#7109);
#7105 = LINE('',#7106,#7107);
#7106 = CARTESIAN_POINT('',(-3.3,-20.3));
#7107 = VECTOR('',#7108,1.);
#7108 = DIRECTION('',(-0.,1.));
#7109 = ( GEOMETRIC_REPRESENTATION_CONTEXT(2) 
PARAMETRIC_REPRESENTATION_CONTEXT() REPRESENTATION_CONTEXT('2D SPACE',''
  ) );
#7110 = ORIENTED_EDGE('',*,*,#7111,.T.);
#7111 = EDGE_CURVE('',#7089,#7112,#7114,.T.);
#7112 = VERTEX_POINT('',#7113);
#7113 = CARTESIAN_POINT('',(-70.7,-75.,392.4));
#7114 = SEAM_CURVE('',#7115,(#7120,#7127),.PCURVE_S1.);
#7115 = CIRCLE('',#7116,3.3);
#7116 = AXIS2_PLACEMENT_3D('',#7117,#7118,#7119);
#7117 = CARTESIAN_POINT('',(-70.7,-75.,389.1));
#7118 = DIRECTION('',(1.,0.,0.));
#7119 = DIRECTION('',(-0.,0.707106781187,0.707106781187));
#7120 = PCURVE('',#5321,#7121);
#7121 = DEFINITIONAL_REPRESENTATION('',(#7122),#7126);
#7122 = LINE('',#7123,#7124);
#7123 = CARTESIAN_POINT('',(-7.068583470577,20.3));
#7124 = VECTOR('',#7125,1.);
#7125 = DIRECTION('',(1.,-0.));
#7126 = ( GEOMETRIC_REPRESENTATION_CONTEXT(2) 
PARAMETRIC_REPRESENTATION_CONTEXT() REPRESENTATION_CONTEXT('2D SPACE',''
  ) );
#7127 = PCURVE('',#5321,#7128);
#7128 = DEFINITIONAL_REPRESENTATION('',(#7129),#7133);
#7129 = LINE('',#7130,#7131);
#7130 = CARTESIAN_POINT('',(-0.785398163397,20.3));
#7131 = VECTOR('',#7132,1.);
#7132 = DIRECTION('',(1.,-0.));
#7133 = ( GEOMETRIC_REPRESENTATION_CONTEXT(2) 
PARAMETRIC_REPRESENTATION_CONTEXT() REPRESENTATION_CONTEXT('2D SPACE',''
  ) );
#7134 = ORIENTED_EDGE('',*,*,#7135,.T.);
#7135 = EDGE_CURVE('',#7112,#7136,#7138,.T.);
#7136 = VERTEX_POINT('',#7137);
#7137 = CARTESIAN_POINT('',(-55.3,-75.,392.4));
#7138 = SEAM_CURVE('',#7139,(#7143,#7150),.PCURVE_S1.);
#7139 = LINE('',#7140,#7141);
#7140 = CARTESIAN_POINT('',(-71.7,-75.,392.4));
#7141 = VECTOR('',#7142,1.);
#7142 = DIRECTION('',(1.,-0.,-0.));
#7143 = PCURVE('',#5321,#7144);
#7144 = DEFINITIONAL_REPRESENTATION('',(#7145),#7149);
#7145 = LINE('',#7146,#7147);
#7146 = CARTESIAN_POINT('',(-6.28318530718,19.3));
#7147 = VECTOR('',#7148,1.);
#7148 = DIRECTION('',(-0.,1.));
#7149 = ( GEOMETRIC_REPRESENTATION_CONTEXT(2) 
PARAMETRIC_REPRESENTATION_CONTEXT() REPRESENTATION_CONTEXT('2D SPACE',''
  ) );
#7150 = PCURVE('',#5321,#7151);
#7151 = DEFINITIONAL_REPRESENTATION('',(#7152),#7156);
#7152 = LINE('',#7153,#7154);
#7153 = CARTESIAN_POINT('',(-0.,19.3));
#7154 = VECTOR('',#7155,1.);
#7155 = DIRECTION('',(-0.,1.));
#7156 = ( GEOMETRIC_REPRESENTATION_CONTEXT(2) 
PARAMETRIC_REPRESENTATION_CONTEXT() REPRESENTATION_CONTEXT('2D SPACE',''
  ) );
#7157 = ORIENTED_EDGE('',*,*,#7158,.F.);
#7158 = EDGE_CURVE('',#7136,#7136,#7159,.T.);
#7159 = SURFACE_CURVE('',#7160,(#7165,#7172),.PCURVE_S1.);
#7160 = CIRCLE('',#7161,3.3);
#7161 = AXIS2_PLACEMENT_3D('',#7162,#7163,#7164);
#7162 = CARTESIAN_POINT('',(-55.3,-75.,389.1));
#7163 = DIRECTION('',(-1.,-0.,-0.));
#7164 = DIRECTION('',(-0.,-0.,1.));
#7165 = PCURVE('',#5321,#7166);
#7166 = DEFINITIONAL_REPRESENTATION('',(#7167),#7171);
#7167 = LINE('',#7168,#7169);
#7168 = CARTESIAN_POINT('',(-0.,35.7));
#7169 = VECTOR('',#7170,1.);
#7170 = DIRECTION('',(-1.,0.));
#7171 = ( GEOMETRIC_REPRESENTATION_CONTEXT(2) 
PARAMETRIC_REPRESENTATION_CONTEXT() REPRESENTATION_CONTEXT('2D SPACE',''
  ) );
#7172 = PCURVE('',#7173,#7178);
#7173 = PLANE('',#7174);
#7174 = AXIS2_PLACEMENT_3D('',#7175,#7176,#7177);
#7175 = CARTESIAN_POINT('',(-55.3,-75.,389.1));
#7176 = DIRECTION('',(1.,-0.,-0.));
#7177 = DIRECTION('',(0.,0.,-1.));
#7178 = DEFINITIONAL_REPRESENTATION('',(#7179),#7187);
#7179 = ( BOUNDED_CURVE() B_SPLINE_CURVE(2,(#7180,#7181,#7182,#7183,
#7184,#7185,#7186),.UNSPECIFIED.,.T.,.F.) B_SPLINE_CURVE_WITH_KNOTS((1,2
    ,2,2,2,1),(-2.094395102393,0.,2.094395102393,4.188790204786,
6.28318530718,8.377580409573),.UNSPECIFIED.) CURVE() 
GEOMETRIC_REPRESENTATION_ITEM() RATIONAL_B_SPLINE_CURVE((1.,0.5,1.,0.5,
1.,0.5,1.)) REPRESENTATION_ITEM('') );
#7180 = CARTESIAN_POINT('',(-3.3,0.));
#7181 = CARTESIAN_POINT('',(-3.3,5.715767664977));
#7182 = CARTESIAN_POINT('',(1.65,2.857883832489));
#7183 = CARTESIAN_POINT('',(6.6,8.082668874373E-16));
#7184 = CARTESIAN_POINT('',(1.65,-2.857883832489));
#7185 = CARTESIAN_POINT('',(-3.3,-5.715767664977));
#7186 = CARTESIAN_POINT('',(-3.3,0.));
#7187 = ( GEOMETRIC_REPRESENTATION_CONTEXT(2) 
PARAMETRIC_REPRESENTATION_CONTEXT() REPRESENTATION_CONTEXT('2D SPACE',''
  ) );
#7188 = ORIENTED_EDGE('',*,*,#7135,.F.);
#7189 = ORIENTED_EDGE('',*,*,#7111,.F.);
#7190 = ORIENTED_EDGE('',*,*,#7191,.T.);
#7191 = EDGE_CURVE('',#7089,#7065,#7192,.T.);
#7192 = SURFACE_CURVE('',#7193,(#7198,#7205),.PCURVE_S1.);
#7193 = CIRCLE('',#7194,3.3);
#7194 = AXIS2_PLACEMENT_3D('',#7195,#7196,#7197);
#7195 = CARTESIAN_POINT('',(-70.7,-75.,389.1));
#7196 = DIRECTION('',(-1.,-0.,-0.));
#7197 = DIRECTION('',(-0.,-0.,1.));
#7198 = PCURVE('',#5321,#7199);
#7199 = DEFINITIONAL_REPRESENTATION('',(#7200),#7204);
#7200 = LINE('',#7201,#7202);
#7201 = CARTESIAN_POINT('',(-0.,20.3));
#7202 = VECTOR('',#7203,1.);
#7203 = DIRECTION('',(-1.,0.));
#7204 = ( GEOMETRIC_REPRESENTATION_CONTEXT(2) 
PARAMETRIC_REPRESENTATION_CONTEXT() REPRESENTATION_CONTEXT('2D SPACE',''
  ) );
#7205 = PCURVE('',#7206,#7211);
#7206 = PLANE('',#7207);
#7207 = AXIS2_PLACEMENT_3D('',#7208,#7209,#7210);
#7208 = CARTESIAN_POINT('',(-70.7,-75.,389.1));
#7209 = DIRECTION('',(1.,-0.,-0.));
#7210 = DIRECTION('',(0.,0.,-1.));
#7211 = DEFINITIONAL_REPRESENTATION('',(#7212),#7220);
#7212 = ( BOUNDED_CURVE() B_SPLINE_CURVE(2,(#7213,#7214,#7215,#7216,
#7217,#7218,#7219),.UNSPECIFIED.,.T.,.F.) B_SPLINE_CURVE_WITH_KNOTS((1,2
    ,2,2,2,1),(-2.094395102393,0.,2.094395102393,4.188790204786,
6.28318530718,8.377580409573),.UNSPECIFIED.) CURVE() 
GEOMETRIC_REPRESENTATION_ITEM() RATIONAL_B_SPLINE_CURVE((1.,0.5,1.,0.5,
1.,0.5,1.)) REPRESENTATION_ITEM('') );
#7213 = CARTESIAN_POINT('',(-3.3,0.));
#7214 = CARTESIAN_POINT('',(-3.3,5.715767664977));
#7215 = CARTESIAN_POINT('',(1.65,2.857883832489));
#7216 = CARTESIAN_POINT('',(6.6,8.082668874373E-16));
#7217 = CARTESIAN_POINT('',(1.65,-2.857883832489));
#7218 = CARTESIAN_POINT('',(-3.3,-5.715767664977));
#7219 = CARTESIAN_POINT('',(-3.3,0.));
#7220 = ( GEOMETRIC_REPRESENTATION_CONTEXT(2) 
PARAMETRIC_REPRESENTATION_CONTEXT() REPRESENTATION_CONTEXT('2D SPACE',''
  ) );
#7221 = ADVANCED_FACE('',(#7222),#5349,.F.);
#7222 = FACE_BOUND('',#7223,.T.);
#7223 = EDGE_LOOP('',(#7224,#7225,#7226,#7249,#7277));
#7224 = ORIENTED_EDGE('',*,*,#5333,.T.);
#7225 = ORIENTED_EDGE('',*,*,#7064,.T.);
#7226 = ORIENTED_EDGE('',*,*,#7227,.T.);
#7227 = EDGE_CURVE('',#7065,#7228,#7230,.T.);
#7228 = VERTEX_POINT('',#7229);
#7229 = CARTESIAN_POINT('',(-70.7,-70.35003084036,389.0830644038));
#7230 = SURFACE_CURVE('',#7231,(#7235,#7242),.PCURVE_S1.);
#7231 = LINE('',#7232,#7233);
#7232 = CARTESIAN_POINT('',(-70.7,-72.66654762208,386.76654762208));
#7233 = VECTOR('',#7234,1.);
#7234 = DIRECTION('',(-0.,0.707106781187,0.707106781187));
#7235 = PCURVE('',#5349,#7236);
#7236 = DEFINITIONAL_REPRESENTATION('',(#7237),#7241);
#7237 = LINE('',#7238,#7239);
#7238 = CARTESIAN_POINT('',(-0.,-20.3));
#7239 = VECTOR('',#7240,1.);
#7240 = DIRECTION('',(-1.,0.));
#7241 = ( GEOMETRIC_REPRESENTATION_CONTEXT(2) 
PARAMETRIC_REPRESENTATION_CONTEXT() REPRESENTATION_CONTEXT('2D SPACE',''
  ) );
#7242 = PCURVE('',#7206,#7243);
#7243 = DEFINITIONAL_REPRESENTATION('',(#7244),#7248);
#7244 = LINE('',#7245,#7246);
#7245 = CARTESIAN_POINT('',(2.333452377916,2.333452377916));
#7246 = VECTOR('',#7247,1.);
#7247 = DIRECTION('',(-0.707106781187,0.707106781187));
#7248 = ( GEOMETRIC_REPRESENTATION_CONTEXT(2) 
PARAMETRIC_REPRESENTATION_CONTEXT() REPRESENTATION_CONTEXT('2D SPACE',''
  ) );
#7249 = ORIENTED_EDGE('',*,*,#7250,.T.);
#7250 = EDGE_CURVE('',#7228,#7251,#7253,.T.);
#7251 = VERTEX_POINT('',#7252);
#7252 = CARTESIAN_POINT('',(-70.7,-70.33309524416,389.1));
#7253 = SURFACE_CURVE('',#7254,(#7258,#7265),.PCURVE_S1.);
#7254 = LINE('',#7255,#7256);
#7255 = CARTESIAN_POINT('',(-70.7,-72.66654762208,386.76654762208));
#7256 = VECTOR('',#7257,1.);
#7257 = DIRECTION('',(-0.,0.707106781187,0.707106781187));
#7258 = PCURVE('',#5349,#7259);
#7259 = DEFINITIONAL_REPRESENTATION('',(#7260),#7264);
#7260 = LINE('',#7261,#7262);
#7261 = CARTESIAN_POINT('',(-0.,-20.3));
#7262 = VECTOR('',#7263,1.);
#7263 = DIRECTION('',(-1.,0.));
#7264 = ( GEOMETRIC_REPRESENTATION_CONTEXT(2) 
PARAMETRIC_REPRESENTATION_CONTEXT() REPRESENTATION_CONTEXT('2D SPACE',''
  ) );
#7265 = PCURVE('',#7266,#7271);
#7266 = PLANE('',#7267);
#7267 = AXIS2_PLACEMENT_3D('',#7268,#7269,#7270);
#7268 = CARTESIAN_POINT('',(-70.7,-75.,389.1));
#7269 = DIRECTION('',(1.,-0.,-0.));
#7270 = DIRECTION('',(0.,0.,-1.));
#7271 = DEFINITIONAL_REPRESENTATION('',(#7272),#7276);
#7272 = LINE('',#7273,#7274);
#7273 = CARTESIAN_POINT('',(2.333452377916,2.333452377916));
#7274 = VECTOR('',#7275,1.);
#7275 = DIRECTION('',(-0.707106781187,0.707106781187));
#7276 = ( GEOMETRIC_REPRESENTATION_CONTEXT(2) 
PARAMETRIC_REPRESENTATION_CONTEXT() REPRESENTATION_CONTEXT('2D SPACE',''
  ) );
#7277 = ORIENTED_EDGE('',*,*,#7278,.F.);
#7278 = EDGE_CURVE('',#5334,#7251,#7279,.T.);
#7279 = SURFACE_CURVE('',#7280,(#7284,#7291),.PCURVE_S1.);
#7280 = LINE('',#7281,#7282);
#7281 = CARTESIAN_POINT('',(-91.,-70.33309524416,389.1));
#7282 = VECTOR('',#7283,1.);
#7283 = DIRECTION('',(1.,-0.,-0.));
#7284 = PCURVE('',#5349,#7285);
#7285 = DEFINITIONAL_REPRESENTATION('',(#7286),#7290);
#7286 = LINE('',#7287,#7288);
#7287 = CARTESIAN_POINT('',(-3.3,0.));
#7288 = VECTOR('',#7289,1.);
#7289 = DIRECTION('',(-0.,-1.));
#7290 = ( GEOMETRIC_REPRESENTATION_CONTEXT(2) 
PARAMETRIC_REPRESENTATION_CONTEXT() REPRESENTATION_CONTEXT('2D SPACE',''
  ) );
#7291 = PCURVE('',#5375,#7292);
#7292 = DEFINITIONAL_REPRESENTATION('',(#7293),#7297);
#7293 = LINE('',#7294,#7295);
#7294 = CARTESIAN_POINT('',(-0.,-0.));
#7295 = VECTOR('',#7296,1.);
#7296 = DIRECTION('',(-0.,-1.));
#7297 = ( GEOMETRIC_REPRESENTATION_CONTEXT(2) 
PARAMETRIC_REPRESENTATION_CONTEXT() REPRESENTATION_CONTEXT('2D SPACE',''
  ) );
#7298 = ADVANCED_FACE('',(#7299),#5375,.F.);
#7299 = FACE_BOUND('',#7300,.T.);
#7300 = EDGE_LOOP('',(#7301,#7302,#7303,#7326,#7347));
#7301 = ORIENTED_EDGE('',*,*,#5361,.T.);
#7302 = ORIENTED_EDGE('',*,*,#7278,.T.);
#7303 = ORIENTED_EDGE('',*,*,#7304,.T.);
#7304 = EDGE_CURVE('',#7251,#7305,#7307,.T.);
#7305 = VERTEX_POINT('',#7306);
#7306 = CARTESIAN_POINT('',(-70.7,-70.35003084036,389.11693559619));
#7307 = SURFACE_CURVE('',#7308,(#7312,#7319),.PCURVE_S1.);
#7308 = LINE('',#7309,#7310);
#7309 = CARTESIAN_POINT('',(-70.7,-70.33309524416,389.1));
#7310 = VECTOR('',#7311,1.);
#7311 = DIRECTION('',(-0.,-0.707106781187,0.707106781187));
#7312 = PCURVE('',#5375,#7313);
#7313 = DEFINITIONAL_REPRESENTATION('',(#7314),#7318);
#7314 = LINE('',#7315,#7316);
#7315 = CARTESIAN_POINT('',(-0.,-20.3));
#7316 = VECTOR('',#7317,1.);
#7317 = DIRECTION('',(-1.,0.));
#7318 = ( GEOMETRIC_REPRESENTATION_CONTEXT(2) 
PARAMETRIC_REPRESENTATION_CONTEXT() REPRESENTATION_CONTEXT('2D SPACE',''
  ) );
#7319 = PCURVE('',#7266,#7320);
#7320 = DEFINITIONAL_REPRESENTATION('',(#7321),#7325);
#7321 = LINE('',#7322,#7323);
#7322 = CARTESIAN_POINT('',(-0.,4.666904755831));
#7323 = VECTOR('',#7324,1.);
#7324 = DIRECTION('',(-0.707106781187,-0.707106781187));
#7325 = ( GEOMETRIC_REPRESENTATION_CONTEXT(2) 
PARAMETRIC_REPRESENTATION_CONTEXT() REPRESENTATION_CONTEXT('2D SPACE',''
  ) );
#7326 = ORIENTED_EDGE('',*,*,#7327,.T.);
#7327 = EDGE_CURVE('',#7305,#7089,#7328,.T.);
#7328 = SURFACE_CURVE('',#7329,(#7333,#7340),.PCURVE_S1.);
#7329 = LINE('',#7330,#7331);
#7330 = CARTESIAN_POINT('',(-70.7,-70.33309524416,389.1));
#7331 = VECTOR('',#7332,1.);
#7332 = DIRECTION('',(-0.,-0.707106781187,0.707106781187));
#7333 = PCURVE('',#5375,#7334);
#7334 = DEFINITIONAL_REPRESENTATION('',(#7335),#7339);
#7335 = LINE('',#7336,#7337);
#7336 = CARTESIAN_POINT('',(-0.,-20.3));
#7337 = VECTOR('',#7338,1.);
#7338 = DIRECTION('',(-1.,0.));
#7339 = ( GEOMETRIC_REPRESENTATION_CONTEXT(2) 
PARAMETRIC_REPRESENTATION_CONTEXT() REPRESENTATION_CONTEXT('2D SPACE',''
  ) );
#7340 = PCURVE('',#7206,#7341);
#7341 = DEFINITIONAL_REPRESENTATION('',(#7342),#7346);
#7342 = LINE('',#7343,#7344);
#7343 = CARTESIAN_POINT('',(-0.,4.666904755831));
#7344 = VECTOR('',#7345,1.);
#7345 = DIRECTION('',(-0.707106781187,-0.707106781187));
#7346 = ( GEOMETRIC_REPRESENTATION_CONTEXT(2) 
PARAMETRIC_REPRESENTATION_CONTEXT() REPRESENTATION_CONTEXT('2D SPACE',''
  ) );
#7347 = ORIENTED_EDGE('',*,*,#7088,.T.);
#7348 = ADVANCED_FACE('',(#7349),#5435,.T.);
#7349 = FACE_BOUND('',#7350,.F.);
#7350 = EDGE_LOOP('',(#7351,#7374,#7375,#7376));
#7351 = ORIENTED_EDGE('',*,*,#7352,.T.);
#7352 = EDGE_CURVE('',#7353,#5415,#7355,.T.);
#7353 = VERTEX_POINT('',#7354);
#7354 = CARTESIAN_POINT('',(-55.5,-105.,436.5));
#7355 = SURFACE_CURVE('',#7356,(#7360,#7367),.PCURVE_S1.);
#7356 = LINE('',#7357,#7358);
#7357 = CARTESIAN_POINT('',(-55.5,-105.,436.5));
#7358 = VECTOR('',#7359,1.);
#7359 = DIRECTION('',(-0.,-1.,-0.));
#7360 = PCURVE('',#5435,#7361);
#7361 = DEFINITIONAL_REPRESENTATION('',(#7362),#7366);
#7362 = LINE('',#7363,#7364);
#7363 = CARTESIAN_POINT('',(-6.28318530718,-0.));
#7364 = VECTOR('',#7365,1.);
#7365 = DIRECTION('',(-0.,1.));
#7366 = ( GEOMETRIC_REPRESENTATION_CONTEXT(2) 
PARAMETRIC_REPRESENTATION_CONTEXT() REPRESENTATION_CONTEXT('2D SPACE',''
  ) );
#7367 = PCURVE('',#5463,#7368);
#7368 = DEFINITIONAL_REPRESENTATION('',(#7369),#7373);
#7369 = LINE('',#7370,#7371);
#7370 = CARTESIAN_POINT('',(7.105427357601E-15,-0.));
#7371 = VECTOR('',#7372,1.);
#7372 = DIRECTION('',(-0.,1.));
#7373 = ( GEOMETRIC_REPRESENTATION_CONTEXT(2) 
PARAMETRIC_REPRESENTATION_CONTEXT() REPRESENTATION_CONTEXT('2D SPACE',''
  ) );
#7374 = ORIENTED_EDGE('',*,*,#5414,.F.);
#7375 = ORIENTED_EDGE('',*,*,#5941,.F.);
#7376 = ORIENTED_EDGE('',*,*,#7377,.T.);
#7377 = EDGE_CURVE('',#5914,#7353,#7378,.T.);
#7378 = SURFACE_CURVE('',#7379,(#7384,#7391),.PCURVE_S1.);
#7379 = CIRCLE('',#7380,34.5);
#7380 = AXIS2_PLACEMENT_3D('',#7381,#7382,#7383);
#7381 = CARTESIAN_POINT('',(-55.5,-105.,402.));
#7382 = DIRECTION('',(0.,1.,0.));
#7383 = DIRECTION('',(-0.,-0.,1.));
#7384 = PCURVE('',#5435,#7385);
#7385 = DEFINITIONAL_REPRESENTATION('',(#7386),#7390);
#7386 = LINE('',#7387,#7388);
#7387 = CARTESIAN_POINT('',(-0.,0.));
#7388 = VECTOR('',#7389,1.);
#7389 = DIRECTION('',(-1.,0.));
#7390 = ( GEOMETRIC_REPRESENTATION_CONTEXT(2) 
PARAMETRIC_REPRESENTATION_CONTEXT() REPRESENTATION_CONTEXT('2D SPACE',''
  ) );
#7391 = PCURVE('',#5929,#7392);
#7392 = DEFINITIONAL_REPRESENTATION('',(#7393),#7401);
#7393 = ( BOUNDED_CURVE() B_SPLINE_CURVE(2,(#7394,#7395,#7396,#7397,
#7398,#7399,#7400),.UNSPECIFIED.,.T.,.F.) B_SPLINE_CURVE_WITH_KNOTS((1,2
    ,2,2,2,1),(-2.094395102393,0.,2.094395102393,4.188790204786,
6.28318530718,8.377580409573),.UNSPECIFIED.) CURVE() 
GEOMETRIC_REPRESENTATION_ITEM() RATIONAL_B_SPLINE_CURVE((1.,0.5,1.,0.5,
1.,0.5,1.)) REPRESENTATION_ITEM('') );
#7394 = CARTESIAN_POINT('',(-34.5,0.));
#7395 = CARTESIAN_POINT('',(-34.5,59.755752861126));
#7396 = CARTESIAN_POINT('',(17.25,29.877876430563));
#7397 = CARTESIAN_POINT('',(69.,8.450062914117E-15));
#7398 = CARTESIAN_POINT('',(17.25,-29.87787643056));
#7399 = CARTESIAN_POINT('',(-34.5,-59.75575286112));
#7400 = CARTESIAN_POINT('',(-34.5,0.));
#7401 = ( GEOMETRIC_REPRESENTATION_CONTEXT(2) 
PARAMETRIC_REPRESENTATION_CONTEXT() REPRESENTATION_CONTEXT('2D SPACE',''
  ) );
#7402 = ADVANCED_FACE('',(#7403),#5463,.T.);
#7403 = FACE_BOUND('',#7404,.F.);
#7404 = EDGE_LOOP('',(#7405,#7406,#7429,#7450));
#7405 = ORIENTED_EDGE('',*,*,#7352,.F.);
#7406 = ORIENTED_EDGE('',*,*,#7407,.T.);
#7407 = EDGE_CURVE('',#7353,#7408,#7410,.T.);
#7408 = VERTEX_POINT('',#7409);
#7409 = CARTESIAN_POINT('',(55.,-105.,436.5));
#7410 = SURFACE_CURVE('',#7411,(#7415,#7422),.PCURVE_S1.);
#7411 = LINE('',#7412,#7413);
#7412 = CARTESIAN_POINT('',(-55.5,-105.,436.5));
#7413 = VECTOR('',#7414,1.);
#7414 = DIRECTION('',(1.,-0.,-0.));
#7415 = PCURVE('',#5463,#7416);
#7416 = DEFINITIONAL_REPRESENTATION('',(#7417),#7421);
#7417 = LINE('',#7418,#7419);
#7418 = CARTESIAN_POINT('',(-0.,-0.));
#7419 = VECTOR('',#7420,1.);
#7420 = DIRECTION('',(-1.,0.));
#7421 = ( GEOMETRIC_REPRESENTATION_CONTEXT(2) 
PARAMETRIC_REPRESENTATION_CONTEXT() REPRESENTATION_CONTEXT('2D SPACE',''
  ) );
#7422 = PCURVE('',#5929,#7423);
#7423 = DEFINITIONAL_REPRESENTATION('',(#7424),#7428);
#7424 = LINE('',#7425,#7426);
#7425 = CARTESIAN_POINT('',(-34.5,0.));
#7426 = VECTOR('',#7427,1.);
#7427 = DIRECTION('',(-0.,1.));
#7428 = ( GEOMETRIC_REPRESENTATION_CONTEXT(2) 
PARAMETRIC_REPRESENTATION_CONTEXT() REPRESENTATION_CONTEXT('2D SPACE',''
  ) );
#7429 = ORIENTED_EDGE('',*,*,#7430,.T.);
#7430 = EDGE_CURVE('',#7408,#5448,#7431,.T.);
#7431 = SURFACE_CURVE('',#7432,(#7436,#7443),.PCURVE_S1.);
#7432 = LINE('',#7433,#7434);
#7433 = CARTESIAN_POINT('',(55.,-105.,436.5));
#7434 = VECTOR('',#7435,1.);
#7435 = DIRECTION('',(-0.,-1.,-0.));
#7436 = PCURVE('',#5463,#7437);
#7437 = DEFINITIONAL_REPRESENTATION('',(#7438),#7442);
#7438 = LINE('',#7439,#7440);
#7439 = CARTESIAN_POINT('',(-110.5,-0.));
#7440 = VECTOR('',#7441,1.);
#7441 = DIRECTION('',(-0.,1.));
#7442 = ( GEOMETRIC_REPRESENTATION_CONTEXT(2) 
PARAMETRIC_REPRESENTATION_CONTEXT() REPRESENTATION_CONTEXT('2D SPACE',''
  ) );
#7443 = PCURVE('',#5496,#7444);
#7444 = DEFINITIONAL_REPRESENTATION('',(#7445),#7449);
#7445 = LINE('',#7446,#7447);
#7446 = CARTESIAN_POINT('',(-0.,0.));
#7447 = VECTOR('',#7448,1.);
#7448 = DIRECTION('',(-0.,1.));
#7449 = ( GEOMETRIC_REPRESENTATION_CONTEXT(2) 
PARAMETRIC_REPRESENTATION_CONTEXT() REPRESENTATION_CONTEXT('2D SPACE',''
  ) );
#7450 = ORIENTED_EDGE('',*,*,#5447,.F.);
#7451 = ADVANCED_FACE('',(#7452,#7517,#7552),#5758,.T.);
#7452 = FACE_BOUND('',#7453,.F.);
#7453 = EDGE_LOOP('',(#7454,#7455,#7478,#7499,#7500,#7501,#7502,#7503,
    #7504,#7505,#7506,#7507,#7508,#7509,#7510,#7511,#7512,#7513,#7514,
    #7515,#7516));
#7454 = ORIENTED_EDGE('',*,*,#5742,.F.);
#7455 = ORIENTED_EDGE('',*,*,#7456,.F.);
#7456 = EDGE_CURVE('',#7457,#5710,#7459,.T.);
#7457 = VERTEX_POINT('',#7458);
#7458 = CARTESIAN_POINT('',(-81.,-105.,402.));
#7459 = SURFACE_CURVE('',#7460,(#7464,#7471),.PCURVE_S1.);
#7460 = LINE('',#7461,#7462);
#7461 = CARTESIAN_POINT('',(-81.,-104.,402.));
#7462 = VECTOR('',#7463,1.);
#7463 = DIRECTION('',(-0.,-1.,-0.));
#7464 = PCURVE('',#5758,#7465);
#7465 = DEFINITIONAL_REPRESENTATION('',(#7466),#7470);
#7466 = LINE('',#7467,#7468);
#7467 = CARTESIAN_POINT('',(-67.,-38.));
#7468 = VECTOR('',#7469,1.);
#7469 = DIRECTION('',(-0.,-1.));
#7470 = ( GEOMETRIC_REPRESENTATION_CONTEXT(2) 
PARAMETRIC_REPRESENTATION_CONTEXT() REPRESENTATION_CONTEXT('2D SPACE',''
  ) );
#7471 = PCURVE('',#5730,#7472);
#7472 = DEFINITIONAL_REPRESENTATION('',(#7473),#7477);
#7473 = LINE('',#7474,#7475);
#7474 = CARTESIAN_POINT('',(-4.712388980385,0.));
#7475 = VECTOR('',#7476,1.);
#7476 = DIRECTION('',(-0.,1.));
#7477 = ( GEOMETRIC_REPRESENTATION_CONTEXT(2) 
PARAMETRIC_REPRESENTATION_CONTEXT() REPRESENTATION_CONTEXT('2D SPACE',''
  ) );
#7478 = ORIENTED_EDGE('',*,*,#7479,.T.);
#7479 = EDGE_CURVE('',#7457,#5891,#7480,.T.);
#7480 = SURFACE_CURVE('',#7481,(#7485,#7492),.PCURVE_S1.);
#7481 = LINE('',#7482,#7483);
#7482 = CARTESIAN_POINT('',(-81.,-105.,368.5));
#7483 = VECTOR('',#7484,1.);
#7484 = DIRECTION('',(-0.,-0.,1.));
#7485 = PCURVE('',#5758,#7486);
#7486 = DEFINITIONAL_REPRESENTATION('',(#7487),#7491);
#7487 = LINE('',#7488,#7489);
#7488 = CARTESIAN_POINT('',(-33.5,-39.));
#7489 = VECTOR('',#7490,1.);
#7490 = DIRECTION('',(-1.,0.));
#7491 = ( GEOMETRIC_REPRESENTATION_CONTEXT(2) 
PARAMETRIC_REPRESENTATION_CONTEXT() REPRESENTATION_CONTEXT('2D SPACE',''
  ) );
#7492 = PCURVE('',#5929,#7493);
#7493 = DEFINITIONAL_REPRESENTATION('',(#7494),#7498);
#7494 = LINE('',#7495,#7496);
#7495 = CARTESIAN_POINT('',(33.5,-25.5));
#7496 = VECTOR('',#7497,1.);
#7497 = DIRECTION('',(-1.,0.));
#7498 = ( GEOMETRIC_REPRESENTATION_CONTEXT(2) 
PARAMETRIC_REPRESENTATION_CONTEXT() REPRESENTATION_CONTEXT('2D SPACE',''
  ) );
#7499 = ORIENTED_EDGE('',*,*,#5890,.F.);
#7500 = ORIENTED_EDGE('',*,*,#5990,.F.);
#7501 = ORIENTED_EDGE('',*,*,#6065,.T.);
#7502 = ORIENTED_EDGE('',*,*,#6161,.F.);
#7503 = ORIENTED_EDGE('',*,*,#6261,.T.);
#7504 = ORIENTED_EDGE('',*,*,#6382,.T.);
#7505 = ORIENTED_EDGE('',*,*,#6455,.T.);
#7506 = ORIENTED_EDGE('',*,*,#6577,.F.);
#7507 = ORIENTED_EDGE('',*,*,#6674,.F.);
#7508 = ORIENTED_EDGE('',*,*,#6750,.F.);
#7509 = ORIENTED_EDGE('',*,*,#6701,.F.);
#7510 = ORIENTED_EDGE('',*,*,#6603,.F.);
#7511 = ORIENTED_EDGE('',*,*,#6505,.F.);
#7512 = ORIENTED_EDGE('',*,*,#6407,.F.);
#7513 = ORIENTED_EDGE('',*,*,#6309,.F.);
#7514 = ORIENTED_EDGE('',*,*,#6211,.F.);
#7515 = ORIENTED_EDGE('',*,*,#6113,.F.);
#7516 = ORIENTED_EDGE('',*,*,#6015,.F.);
#7517 = FACE_BOUND('',#7518,.F.);
#7518 = EDGE_LOOP('',(#7519));
#7519 = ORIENTED_EDGE('',*,*,#7520,.F.);
#7520 = EDGE_CURVE('',#7521,#7521,#7523,.T.);
#7521 = VERTEX_POINT('',#7522);
#7522 = CARTESIAN_POINT('',(-81.,-88.,295.1));
#7523 = SURFACE_CURVE('',#7524,(#7529,#7540),.PCURVE_S1.);
#7524 = CIRCLE('',#7525,6.);
#7525 = AXIS2_PLACEMENT_3D('',#7526,#7527,#7528);
#7526 = CARTESIAN_POINT('',(-81.,-88.,289.1));
#7527 = DIRECTION('',(-1.,-0.,-0.));
#7528 = DIRECTION('',(-0.,-0.,1.));
#7529 = PCURVE('',#5758,#7530);
#7530 = DEFINITIONAL_REPRESENTATION('',(#7531),#7539);
#7531 = ( BOUNDED_CURVE() B_SPLINE_CURVE(2,(#7532,#7533,#7534,#7535,
#7536,#7537,#7538),.UNSPECIFIED.,.T.,.F.) B_SPLINE_CURVE_WITH_KNOTS((1,2
    ,2,2,2,1),(-2.094395102393,0.,2.094395102393,4.188790204786,
6.28318530718,8.377580409573),.UNSPECIFIED.) CURVE() 
GEOMETRIC_REPRESENTATION_ITEM() RATIONAL_B_SPLINE_CURVE((1.,0.5,1.,0.5,
1.,0.5,1.)) REPRESENTATION_ITEM('') );
#7532 = CARTESIAN_POINT('',(39.9,-22.));
#7533 = CARTESIAN_POINT('',(39.9,-11.60769515458));
#7534 = CARTESIAN_POINT('',(48.9,-16.80384757729));
#7535 = CARTESIAN_POINT('',(57.9,-22.));
#7536 = CARTESIAN_POINT('',(48.9,-27.1961524227));
#7537 = CARTESIAN_POINT('',(39.9,-32.39230484541));
#7538 = CARTESIAN_POINT('',(39.9,-22.));
#7539 = ( GEOMETRIC_REPRESENTATION_CONTEXT(2) 
PARAMETRIC_REPRESENTATION_CONTEXT() REPRESENTATION_CONTEXT('2D SPACE',''
  ) );
#7540 = PCURVE('',#7541,#7546);
#7541 = CYLINDRICAL_SURFACE('',#7542,6.);
#7542 = AXIS2_PLACEMENT_3D('',#7543,#7544,#7545);
#7543 = CARTESIAN_POINT('',(-81.5,-88.,289.1));
#7544 = DIRECTION('',(1.,-0.,-0.));
#7545 = DIRECTION('',(-0.,-0.,1.));
#7546 = DEFINITIONAL_REPRESENTATION('',(#7547),#7551);
#7547 = LINE('',#7548,#7549);
#7548 = CARTESIAN_POINT('',(-0.,0.5));
#7549 = VECTOR('',#7550,1.);
#7550 = DIRECTION('',(-1.,0.));
#7551 = ( GEOMETRIC_REPRESENTATION_CONTEXT(2) 
PARAMETRIC_REPRESENTATION_CONTEXT() REPRESENTATION_CONTEXT('2D SPACE',''
  ) );
#7552 = FACE_BOUND('',#7553,.F.);
#7553 = EDGE_LOOP('',(#7554,#7589,#7617));
#7554 = ORIENTED_EDGE('',*,*,#7555,.F.);
#7555 = EDGE_CURVE('',#7556,#7558,#7560,.T.);
#7556 = VERTEX_POINT('',#7557);
#7557 = CARTESIAN_POINT('',(-81.,-79.9497474683,394.0497474683));
#7558 = VERTEX_POINT('',#7559);
#7559 = CARTESIAN_POINT('',(-81.,-79.9497474683,384.15025253169));
#7560 = SURFACE_CURVE('',#7561,(#7566,#7577),.PCURVE_S1.);
#7561 = CIRCLE('',#7562,7.);
#7562 = AXIS2_PLACEMENT_3D('',#7563,#7564,#7565);
#7563 = CARTESIAN_POINT('',(-81.,-75.,389.1));
#7564 = DIRECTION('',(-1.,-0.,-0.));
#7565 = DIRECTION('',(-0.,-0.,1.));
#7566 = PCURVE('',#5758,#7567);
#7567 = DEFINITIONAL_REPRESENTATION('',(#7568),#7576);
#7568 = ( BOUNDED_CURVE() B_SPLINE_CURVE(2,(#7569,#7570,#7571,#7572,
#7573,#7574,#7575),.UNSPECIFIED.,.T.,.F.) B_SPLINE_CURVE_WITH_KNOTS((1,2
    ,2,2,2,1),(-2.094395102393,0.,2.094395102393,4.188790204786,
6.28318530718,8.377580409573),.UNSPECIFIED.) CURVE() 
GEOMETRIC_REPRESENTATION_ITEM() RATIONAL_B_SPLINE_CURVE((1.,0.5,1.,0.5,
1.,0.5,1.)) REPRESENTATION_ITEM('') );
#7569 = CARTESIAN_POINT('',(-61.1,-9.));
#7570 = CARTESIAN_POINT('',(-61.1,3.124355652982));
#7571 = CARTESIAN_POINT('',(-50.6,-2.937822173509));
#7572 = CARTESIAN_POINT('',(-40.1,-9.));
#7573 = CARTESIAN_POINT('',(-50.6,-15.06217782649));
#7574 = CARTESIAN_POINT('',(-61.1,-21.12435565298));
#7575 = CARTESIAN_POINT('',(-61.1,-9.));
#7576 = ( GEOMETRIC_REPRESENTATION_CONTEXT(2) 
PARAMETRIC_REPRESENTATION_CONTEXT() REPRESENTATION_CONTEXT('2D SPACE',''
  ) );
#7577 = PCURVE('',#7578,#7583);
#7578 = CYLINDRICAL_SURFACE('',#7579,7.);
#7579 = AXIS2_PLACEMENT_3D('',#7580,#7581,#7582);
#7580 = CARTESIAN_POINT('',(-81.5,-75.,389.1));
#7581 = DIRECTION('',(1.,-0.,-0.));
#7582 = DIRECTION('',(-0.,-0.,1.));
#7583 = DEFINITIONAL_REPRESENTATION('',(#7584),#7588);
#7584 = LINE('',#7585,#7586);
#7585 = CARTESIAN_POINT('',(-1.7763568394E-15,0.5));
#7586 = VECTOR('',#7587,1.);
#7587 = DIRECTION('',(-1.,0.));
#7588 = ( GEOMETRIC_REPRESENTATION_CONTEXT(2) 
PARAMETRIC_REPRESENTATION_CONTEXT() REPRESENTATION_CONTEXT('2D SPACE',''
  ) );
#7589 = ORIENTED_EDGE('',*,*,#7590,.T.);
#7590 = EDGE_CURVE('',#7556,#7591,#7593,.T.);
#7591 = VERTEX_POINT('',#7592);
#7592 = CARTESIAN_POINT('',(-81.,-84.89949493661,389.1));
#7593 = SURFACE_CURVE('',#7594,(#7598,#7605),.PCURVE_S1.);
#7594 = LINE('',#7595,#7596);
#7595 = CARTESIAN_POINT('',(-81.,-93.69962120245,380.29987373415));
#7596 = VECTOR('',#7597,1.);
#7597 = DIRECTION('',(-0.,-0.707106781187,-0.707106781187));
#7598 = PCURVE('',#5758,#7599);
#7599 = DEFINITIONAL_REPRESENTATION('',(#7600),#7604);
#7600 = LINE('',#7601,#7602);
#7601 = CARTESIAN_POINT('',(-45.29987373415,-27.69962120245));
#7602 = VECTOR('',#7603,1.);
#7603 = DIRECTION('',(0.707106781187,-0.707106781187));
#7604 = ( GEOMETRIC_REPRESENTATION_CONTEXT(2) 
PARAMETRIC_REPRESENTATION_CONTEXT() REPRESENTATION_CONTEXT('2D SPACE',''
  ) );
#7605 = PCURVE('',#7606,#7611);
#7606 = PLANE('',#7607);
#7607 = AXIS2_PLACEMENT_3D('',#7608,#7609,#7610);
#7608 = CARTESIAN_POINT('',(-81.5,-84.89949493661,389.1));
#7609 = DIRECTION('',(0.,0.707106781187,-0.707106781187));
#7610 = DIRECTION('',(0.,-0.707106781187,-0.707106781187));
#7611 = DEFINITIONAL_REPRESENTATION('',(#7612),#7616);
#7612 = LINE('',#7613,#7614);
#7613 = CARTESIAN_POINT('',(12.445257915757,-0.5));
#7614 = VECTOR('',#7615,1.);
#7615 = DIRECTION('',(1.,-0.));
#7616 = ( GEOMETRIC_REPRESENTATION_CONTEXT(2) 
PARAMETRIC_REPRESENTATION_CONTEXT() REPRESENTATION_CONTEXT('2D SPACE',''
  ) );
#7617 = ORIENTED_EDGE('',*,*,#7618,.T.);
#7618 = EDGE_CURVE('',#7591,#7558,#7619,.T.);
#7619 = SURFACE_CURVE('',#7620,(#7624,#7631),.PCURVE_S1.);
#7620 = LINE('',#7621,#7622);
#7621 = CARTESIAN_POINT('',(-81.,-64.1747474683,368.37525253169));
#7622 = VECTOR('',#7623,1.);
#7623 = DIRECTION('',(0.,0.707106781187,-0.707106781187));
#7624 = PCURVE('',#5758,#7625);
#7625 = DEFINITIONAL_REPRESENTATION('',(#7626),#7630);
#7626 = LINE('',#7627,#7628);
#7627 = CARTESIAN_POINT('',(-33.37525253169,1.825252531694));
#7628 = VECTOR('',#7629,1.);
#7629 = DIRECTION('',(0.707106781187,0.707106781187));
#7630 = ( GEOMETRIC_REPRESENTATION_CONTEXT(2) 
PARAMETRIC_REPRESENTATION_CONTEXT() REPRESENTATION_CONTEXT('2D SPACE',''
  ) );
#7631 = PCURVE('',#7632,#7637);
#7632 = PLANE('',#7633);
#7633 = AXIS2_PLACEMENT_3D('',#7634,#7635,#7636);
#7634 = CARTESIAN_POINT('',(-81.5,-79.9497474683,384.15025253169));
#7635 = DIRECTION('',(-0.,0.707106781187,0.707106781187));
#7636 = DIRECTION('',(0.,0.707106781187,-0.707106781187));
#7637 = DEFINITIONAL_REPRESENTATION('',(#7638),#7642);
#7638 = LINE('',#7639,#7640);
#7639 = CARTESIAN_POINT('',(22.309218946436,-0.5));
#7640 = VECTOR('',#7641,1.);
#7641 = DIRECTION('',(1.,-0.));
#7642 = ( GEOMETRIC_REPRESENTATION_CONTEXT(2) 
PARAMETRIC_REPRESENTATION_CONTEXT() REPRESENTATION_CONTEXT('2D SPACE',''
  ) );
#7643 = ADVANCED_FACE('',(#7644),#5496,.T.);
#7644 = FACE_BOUND('',#7645,.F.);
#7645 = EDGE_LOOP('',(#7646,#7647,#7648,#7676));
#7646 = ORIENTED_EDGE('',*,*,#5475,.F.);
#7647 = ORIENTED_EDGE('',*,*,#7430,.F.);
#7648 = ORIENTED_EDGE('',*,*,#7649,.T.);
#7649 = EDGE_CURVE('',#7408,#7650,#7652,.T.);
#7650 = VERTEX_POINT('',#7651);
#7651 = CARTESIAN_POINT('',(89.5,-105.,402.));
#7652 = SURFACE_CURVE('',#7653,(#7658,#7665),.PCURVE_S1.);
#7653 = CIRCLE('',#7654,34.5);
#7654 = AXIS2_PLACEMENT_3D('',#7655,#7656,#7657);
#7655 = CARTESIAN_POINT('',(55.,-105.,402.));
#7656 = DIRECTION('',(0.,1.,0.));
#7657 = DIRECTION('',(-0.,-0.,1.));
#7658 = PCURVE('',#5496,#7659);
#7659 = DEFINITIONAL_REPRESENTATION('',(#7660),#7664);
#7660 = LINE('',#7661,#7662);
#7661 = CARTESIAN_POINT('',(-0.,0.));
#7662 = VECTOR('',#7663,1.);
#7663 = DIRECTION('',(-1.,0.));
#7664 = ( GEOMETRIC_REPRESENTATION_CONTEXT(2) 
PARAMETRIC_REPRESENTATION_CONTEXT() REPRESENTATION_CONTEXT('2D SPACE',''
  ) );
#7665 = PCURVE('',#5929,#7666);
#7666 = DEFINITIONAL_REPRESENTATION('',(#7667),#7675);
#7667 = ( BOUNDED_CURVE() B_SPLINE_CURVE(2,(#7668,#7669,#7670,#7671,
#7672,#7673,#7674),.UNSPECIFIED.,.T.,.F.) B_SPLINE_CURVE_WITH_KNOTS((1,2
    ,2,2,2,1),(-2.094395102393,0.,2.094395102393,4.188790204786,
6.28318530718,8.377580409573),.UNSPECIFIED.) CURVE() 
GEOMETRIC_REPRESENTATION_ITEM() RATIONAL_B_SPLINE_CURVE((1.,0.5,1.,0.5,
1.,0.5,1.)) REPRESENTATION_ITEM('') );
#7668 = CARTESIAN_POINT('',(-34.5,110.5));
#7669 = CARTESIAN_POINT('',(-34.5,170.25575286112));
#7670 = CARTESIAN_POINT('',(17.25,140.37787643056));
#7671 = CARTESIAN_POINT('',(69.,110.5));
#7672 = CARTESIAN_POINT('',(17.25,80.622123569437));
#7673 = CARTESIAN_POINT('',(-34.5,50.744247138874));
#7674 = CARTESIAN_POINT('',(-34.5,110.5));
#7675 = ( GEOMETRIC_REPRESENTATION_CONTEXT(2) 
PARAMETRIC_REPRESENTATION_CONTEXT() REPRESENTATION_CONTEXT('2D SPACE',''
  ) );
#7676 = ORIENTED_EDGE('',*,*,#7677,.T.);
#7677 = EDGE_CURVE('',#7650,#5476,#7678,.T.);
#7678 = SURFACE_CURVE('',#7679,(#7683,#7690),.PCURVE_S1.);
#7679 = LINE('',#7680,#7681);
#7680 = CARTESIAN_POINT('',(89.5,-105.,402.));
#7681 = VECTOR('',#7682,1.);
#7682 = DIRECTION('',(-0.,-1.,-0.));
#7683 = PCURVE('',#5496,#7684);
#7684 = DEFINITIONAL_REPRESENTATION('',(#7685),#7689);
#7685 = LINE('',#7686,#7687);
#7686 = CARTESIAN_POINT('',(-1.570796326795,0.));
#7687 = VECTOR('',#7688,1.);
#7688 = DIRECTION('',(-0.,1.));
#7689 = ( GEOMETRIC_REPRESENTATION_CONTEXT(2) 
PARAMETRIC_REPRESENTATION_CONTEXT() REPRESENTATION_CONTEXT('2D SPACE',''
  ) );
#7690 = PCURVE('',#5524,#7691);
#7691 = DEFINITIONAL_REPRESENTATION('',(#7692),#7696);
#7692 = LINE('',#7693,#7694);
#7693 = CARTESIAN_POINT('',(-64.,0.));
#7694 = VECTOR('',#7695,1.);
#7695 = DIRECTION('',(-0.,-1.));
#7696 = ( GEOMETRIC_REPRESENTATION_CONTEXT(2) 
PARAMETRIC_REPRESENTATION_CONTEXT() REPRESENTATION_CONTEXT('2D SPACE',''
  ) );
#7697 = ADVANCED_FACE('',(#7698),#5730,.F.);
#7698 = FACE_BOUND('',#7699,.T.);
#7699 = EDGE_LOOP('',(#7700,#7723,#7724,#7725));
#7700 = ORIENTED_EDGE('',*,*,#7701,.T.);
#7701 = EDGE_CURVE('',#7702,#5682,#7704,.T.);
#7702 = VERTEX_POINT('',#7703);
#7703 = CARTESIAN_POINT('',(-55.5,-105.,427.5));
#7704 = SURFACE_CURVE('',#7705,(#7709,#7716),.PCURVE_S1.);
#7705 = LINE('',#7706,#7707);
#7706 = CARTESIAN_POINT('',(-55.5,-104.,427.5));
#7707 = VECTOR('',#7708,1.);
#7708 = DIRECTION('',(-0.,-1.,-0.));
#7709 = PCURVE('',#5730,#7710);
#7710 = DEFINITIONAL_REPRESENTATION('',(#7711),#7715);
#7711 = LINE('',#7712,#7713);
#7712 = CARTESIAN_POINT('',(-6.28318530718,-0.));
#7713 = VECTOR('',#7714,1.);
#7714 = DIRECTION('',(-0.,1.));
#7715 = ( GEOMETRIC_REPRESENTATION_CONTEXT(2) 
PARAMETRIC_REPRESENTATION_CONTEXT() REPRESENTATION_CONTEXT('2D SPACE',''
  ) );
#7716 = PCURVE('',#5697,#7717);
#7717 = DEFINITIONAL_REPRESENTATION('',(#7718),#7722);
#7718 = LINE('',#7719,#7720);
#7719 = CARTESIAN_POINT('',(7.105427357601E-15,-1.));
#7720 = VECTOR('',#7721,1.);
#7721 = DIRECTION('',(-0.,1.));
#7722 = ( GEOMETRIC_REPRESENTATION_CONTEXT(2) 
PARAMETRIC_REPRESENTATION_CONTEXT() REPRESENTATION_CONTEXT('2D SPACE',''
  ) );
#7723 = ORIENTED_EDGE('',*,*,#5709,.F.);
#7724 = ORIENTED_EDGE('',*,*,#7456,.F.);
#7725 = ORIENTED_EDGE('',*,*,#7726,.T.);
#7726 = EDGE_CURVE('',#7457,#7702,#7727,.T.);
#7727 = SURFACE_CURVE('',#7728,(#7733,#7740),.PCURVE_S1.);
#7728 = CIRCLE('',#7729,25.5);
#7729 = AXIS2_PLACEMENT_3D('',#7730,#7731,#7732);
#7730 = CARTESIAN_POINT('',(-55.5,-105.,402.));
#7731 = DIRECTION('',(0.,1.,0.));
#7732 = DIRECTION('',(-0.,-0.,1.));
#7733 = PCURVE('',#5730,#7734);
#7734 = DEFINITIONAL_REPRESENTATION('',(#7735),#7739);
#7735 = LINE('',#7736,#7737);
#7736 = CARTESIAN_POINT('',(-0.,1.));
#7737 = VECTOR('',#7738,1.);
#7738 = DIRECTION('',(-1.,0.));
#7739 = ( GEOMETRIC_REPRESENTATION_CONTEXT(2) 
PARAMETRIC_REPRESENTATION_CONTEXT() REPRESENTATION_CONTEXT('2D SPACE',''
  ) );
#7740 = PCURVE('',#5929,#7741);
#7741 = DEFINITIONAL_REPRESENTATION('',(#7742),#7750);
#7742 = ( BOUNDED_CURVE() B_SPLINE_CURVE(2,(#7743,#7744,#7745,#7746,
#7747,#7748,#7749),.UNSPECIFIED.,.T.,.F.) B_SPLINE_CURVE_WITH_KNOTS((1,2
    ,2,2,2,1),(-2.094395102393,0.,2.094395102393,4.188790204786,
6.28318530718,8.377580409573),.UNSPECIFIED.) CURVE() 
GEOMETRIC_REPRESENTATION_ITEM() RATIONAL_B_SPLINE_CURVE((1.,0.5,1.,0.5,
1.,0.5,1.)) REPRESENTATION_ITEM('') );
#7743 = CARTESIAN_POINT('',(-25.5,0.));
#7744 = CARTESIAN_POINT('',(-25.5,44.167295593006));
#7745 = CARTESIAN_POINT('',(12.75,22.083647796503));
#7746 = CARTESIAN_POINT('',(51.,6.245698675652E-15));
#7747 = CARTESIAN_POINT('',(12.75,-22.0836477965));
#7748 = CARTESIAN_POINT('',(-25.5,-44.167295593));
#7749 = CARTESIAN_POINT('',(-25.5,0.));
#7750 = ( GEOMETRIC_REPRESENTATION_CONTEXT(2) 
PARAMETRIC_REPRESENTATION_CONTEXT() REPRESENTATION_CONTEXT('2D SPACE',''
  ) );
#7751 = ADVANCED_FACE('',(#7752),#5524,.T.);
#7752 = FACE_BOUND('',#7753,.F.);
#7753 = EDGE_LOOP('',(#7754,#7777,#7798,#7799));
#7754 = ORIENTED_EDGE('',*,*,#7755,.F.);
#7755 = EDGE_CURVE('',#7756,#7650,#7758,.T.);
#7756 = VERTEX_POINT('',#7757);
#7757 = CARTESIAN_POINT('',(89.5,-105.,362.));
#7758 = SURFACE_CURVE('',#7759,(#7763,#7770),.PCURVE_S1.);
#7759 = LINE('',#7760,#7761);
#7760 = CARTESIAN_POINT('',(89.5,-105.,338.));
#7761 = VECTOR('',#7762,1.);
#7762 = DIRECTION('',(-0.,-0.,1.));
#7763 = PCURVE('',#5524,#7764);
#7764 = DEFINITIONAL_REPRESENTATION('',(#7765),#7769);
#7765 = LINE('',#7766,#7767);
#7766 = CARTESIAN_POINT('',(-0.,0.));
#7767 = VECTOR('',#7768,1.);
#7768 = DIRECTION('',(-1.,0.));
#7769 = ( GEOMETRIC_REPRESENTATION_CONTEXT(2) 
PARAMETRIC_REPRESENTATION_CONTEXT() REPRESENTATION_CONTEXT('2D SPACE',''
  ) );
#7770 = PCURVE('',#5929,#7771);
#7771 = DEFINITIONAL_REPRESENTATION('',(#7772),#7776);
#7772 = LINE('',#7773,#7774);
#7773 = CARTESIAN_POINT('',(64.,145.));
#7774 = VECTOR('',#7775,1.);
#7775 = DIRECTION('',(-1.,0.));
#7776 = ( GEOMETRIC_REPRESENTATION_CONTEXT(2) 
PARAMETRIC_REPRESENTATION_CONTEXT() REPRESENTATION_CONTEXT('2D SPACE',''
  ) );
#7777 = ORIENTED_EDGE('',*,*,#7778,.F.);
#7778 = EDGE_CURVE('',#5509,#7756,#7779,.T.);
#7779 = SURFACE_CURVE('',#7780,(#7784,#7791),.PCURVE_S1.);
#7780 = LINE('',#7781,#7782);
#7781 = CARTESIAN_POINT('',(89.5,-105.,362.));
#7782 = VECTOR('',#7783,1.);
#7783 = DIRECTION('',(-0.,1.,-0.));
#7784 = PCURVE('',#5524,#7785);
#7785 = DEFINITIONAL_REPRESENTATION('',(#7786),#7790);
#7786 = LINE('',#7787,#7788);
#7787 = CARTESIAN_POINT('',(-24.,0.));
#7788 = VECTOR('',#7789,1.);
#7789 = DIRECTION('',(-0.,1.));
#7790 = ( GEOMETRIC_REPRESENTATION_CONTEXT(2) 
PARAMETRIC_REPRESENTATION_CONTEXT() REPRESENTATION_CONTEXT('2D SPACE',''
  ) );
#7791 = PCURVE('',#5552,#7792);
#7792 = DEFINITIONAL_REPRESENTATION('',(#7793),#7797);
#7793 = LINE('',#7794,#7795);
#7794 = CARTESIAN_POINT('',(-9.,-0.));
#7795 = VECTOR('',#7796,1.);
#7796 = DIRECTION('',(-0.,-1.));
#7797 = ( GEOMETRIC_REPRESENTATION_CONTEXT(2) 
PARAMETRIC_REPRESENTATION_CONTEXT() REPRESENTATION_CONTEXT('2D SPACE',''
  ) );
#7798 = ORIENTED_EDGE('',*,*,#5508,.T.);
#7799 = ORIENTED_EDGE('',*,*,#7677,.F.);
#7800 = ADVANCED_FACE('',(#7801),#5697,.F.);
#7801 = FACE_BOUND('',#7802,.T.);
#7802 = EDGE_LOOP('',(#7803,#7804,#7827,#7848));
#7803 = ORIENTED_EDGE('',*,*,#7701,.F.);
#7804 = ORIENTED_EDGE('',*,*,#7805,.T.);
#7805 = EDGE_CURVE('',#7702,#7806,#7808,.T.);
#7806 = VERTEX_POINT('',#7807);
#7807 = CARTESIAN_POINT('',(55.,-105.,427.5));
#7808 = SURFACE_CURVE('',#7809,(#7813,#7820),.PCURVE_S1.);
#7809 = LINE('',#7810,#7811);
#7810 = CARTESIAN_POINT('',(-55.5,-105.,427.5));
#7811 = VECTOR('',#7812,1.);
#7812 = DIRECTION('',(1.,-0.,-0.));
#7813 = PCURVE('',#5697,#7814);
#7814 = DEFINITIONAL_REPRESENTATION('',(#7815),#7819);
#7815 = LINE('',#7816,#7817);
#7816 = CARTESIAN_POINT('',(-0.,-0.));
#7817 = VECTOR('',#7818,1.);
#7818 = DIRECTION('',(-1.,0.));
#7819 = ( GEOMETRIC_REPRESENTATION_CONTEXT(2) 
PARAMETRIC_REPRESENTATION_CONTEXT() REPRESENTATION_CONTEXT('2D SPACE',''
  ) );
#7820 = PCURVE('',#5929,#7821);
#7821 = DEFINITIONAL_REPRESENTATION('',(#7822),#7826);
#7822 = LINE('',#7823,#7824);
#7823 = CARTESIAN_POINT('',(-25.5,0.));
#7824 = VECTOR('',#7825,1.);
#7825 = DIRECTION('',(-0.,1.));
#7826 = ( GEOMETRIC_REPRESENTATION_CONTEXT(2) 
PARAMETRIC_REPRESENTATION_CONTEXT() REPRESENTATION_CONTEXT('2D SPACE',''
  ) );
#7827 = ORIENTED_EDGE('',*,*,#7828,.T.);
#7828 = EDGE_CURVE('',#7806,#5649,#7829,.T.);
#7829 = SURFACE_CURVE('',#7830,(#7834,#7841),.PCURVE_S1.);
#7830 = LINE('',#7831,#7832);
#7831 = CARTESIAN_POINT('',(55.,-105.,427.5));
#7832 = VECTOR('',#7833,1.);
#7833 = DIRECTION('',(-0.,-1.,-0.));
#7834 = PCURVE('',#5697,#7835);
#7835 = DEFINITIONAL_REPRESENTATION('',(#7836),#7840);
#7836 = LINE('',#7837,#7838);
#7837 = CARTESIAN_POINT('',(-110.5,-0.));
#7838 = VECTOR('',#7839,1.);
#7839 = DIRECTION('',(-0.,1.));
#7840 = ( GEOMETRIC_REPRESENTATION_CONTEXT(2) 
PARAMETRIC_REPRESENTATION_CONTEXT() REPRESENTATION_CONTEXT('2D SPACE',''
  ) );
#7841 = PCURVE('',#5669,#7842);
#7842 = DEFINITIONAL_REPRESENTATION('',(#7843),#7847);
#7843 = LINE('',#7844,#7845);
#7844 = CARTESIAN_POINT('',(-0.,1.));
#7845 = VECTOR('',#7846,1.);
#7846 = DIRECTION('',(-0.,1.));
#7847 = ( GEOMETRIC_REPRESENTATION_CONTEXT(2) 
PARAMETRIC_REPRESENTATION_CONTEXT() REPRESENTATION_CONTEXT('2D SPACE',''
  ) );
#7848 = ORIENTED_EDGE('',*,*,#5681,.F.);
#7849 = ADVANCED_FACE('',(#7850),#5552,.T.);
#7850 = FACE_BOUND('',#7851,.F.);
#7851 = EDGE_LOOP('',(#7852,#7853,#7854,#7877));
#7852 = ORIENTED_EDGE('',*,*,#5536,.F.);
#7853 = ORIENTED_EDGE('',*,*,#7778,.T.);
#7854 = ORIENTED_EDGE('',*,*,#7855,.T.);
#7855 = EDGE_CURVE('',#7756,#7856,#7858,.T.);
#7856 = VERTEX_POINT('',#7857);
#7857 = CARTESIAN_POINT('',(121.,-105.,362.));
#7858 = SURFACE_CURVE('',#7859,(#7863,#7870),.PCURVE_S1.);
#7859 = LINE('',#7860,#7861);
#7860 = CARTESIAN_POINT('',(80.5,-105.,362.));
#7861 = VECTOR('',#7862,1.);
#7862 = DIRECTION('',(1.,-0.,-0.));
#7863 = PCURVE('',#5552,#7864);
#7864 = DEFINITIONAL_REPRESENTATION('',(#7865),#7869);
#7865 = LINE('',#7866,#7867);
#7866 = CARTESIAN_POINT('',(-0.,-0.));
#7867 = VECTOR('',#7868,1.);
#7868 = DIRECTION('',(-1.,0.));
#7869 = ( GEOMETRIC_REPRESENTATION_CONTEXT(2) 
PARAMETRIC_REPRESENTATION_CONTEXT() REPRESENTATION_CONTEXT('2D SPACE',''
  ) );
#7870 = PCURVE('',#5929,#7871);
#7871 = DEFINITIONAL_REPRESENTATION('',(#7872),#7876);
#7872 = LINE('',#7873,#7874);
#7873 = CARTESIAN_POINT('',(40.,136.));
#7874 = VECTOR('',#7875,1.);
#7875 = DIRECTION('',(-0.,1.));
#7876 = ( GEOMETRIC_REPRESENTATION_CONTEXT(2) 
PARAMETRIC_REPRESENTATION_CONTEXT() REPRESENTATION_CONTEXT('2D SPACE',''
  ) );
#7877 = ORIENTED_EDGE('',*,*,#7878,.T.);
#7878 = EDGE_CURVE('',#7856,#5537,#7879,.T.);
#7879 = SURFACE_CURVE('',#7880,(#7884,#7891),.PCURVE_S1.);
#7880 = LINE('',#7881,#7882);
#7881 = CARTESIAN_POINT('',(121.,-105.,362.));
#7882 = VECTOR('',#7883,1.);
#7883 = DIRECTION('',(-0.,-1.,-0.));
#7884 = PCURVE('',#5552,#7885);
#7885 = DEFINITIONAL_REPRESENTATION('',(#7886),#7890);
#7886 = LINE('',#7887,#7888);
#7887 = CARTESIAN_POINT('',(-40.5,-0.));
#7888 = VECTOR('',#7889,1.);
#7889 = DIRECTION('',(-0.,1.));
#7890 = ( GEOMETRIC_REPRESENTATION_CONTEXT(2) 
PARAMETRIC_REPRESENTATION_CONTEXT() REPRESENTATION_CONTEXT('2D SPACE',''
  ) );
#7891 = PCURVE('',#5580,#7892);
#7892 = DEFINITIONAL_REPRESENTATION('',(#7893),#7897);
#7893 = LINE('',#7894,#7895);
#7894 = CARTESIAN_POINT('',(-24.,0.));
#7895 = VECTOR('',#7896,1.);
#7896 = DIRECTION('',(-0.,-1.));
#7897 = ( GEOMETRIC_REPRESENTATION_CONTEXT(2) 
PARAMETRIC_REPRESENTATION_CONTEXT() REPRESENTATION_CONTEXT('2D SPACE',''
  ) );
#7898 = ADVANCED_FACE('',(#7899),#5669,.F.);
#7899 = FACE_BOUND('',#7900,.T.);
#7900 = EDGE_LOOP('',(#7901,#7902,#7903,#7931));
#7901 = ORIENTED_EDGE('',*,*,#5648,.F.);
#7902 = ORIENTED_EDGE('',*,*,#7828,.F.);
#7903 = ORIENTED_EDGE('',*,*,#7904,.T.);
#7904 = EDGE_CURVE('',#7806,#7905,#7907,.T.);
#7905 = VERTEX_POINT('',#7906);
#7906 = CARTESIAN_POINT('',(80.5,-105.,402.));
#7907 = SURFACE_CURVE('',#7908,(#7913,#7920),.PCURVE_S1.);
#7908 = CIRCLE('',#7909,25.5);
#7909 = AXIS2_PLACEMENT_3D('',#7910,#7911,#7912);
#7910 = CARTESIAN_POINT('',(55.,-105.,402.));
#7911 = DIRECTION('',(0.,1.,0.));
#7912 = DIRECTION('',(-0.,-0.,1.));
#7913 = PCURVE('',#5669,#7914);
#7914 = DEFINITIONAL_REPRESENTATION('',(#7915),#7919);
#7915 = LINE('',#7916,#7917);
#7916 = CARTESIAN_POINT('',(-0.,1.));
#7917 = VECTOR('',#7918,1.);
#7918 = DIRECTION('',(-1.,0.));
#7919 = ( GEOMETRIC_REPRESENTATION_CONTEXT(2) 
PARAMETRIC_REPRESENTATION_CONTEXT() REPRESENTATION_CONTEXT('2D SPACE',''
  ) );
#7920 = PCURVE('',#5929,#7921);
#7921 = DEFINITIONAL_REPRESENTATION('',(#7922),#7930);
#7922 = ( BOUNDED_CURVE() B_SPLINE_CURVE(2,(#7923,#7924,#7925,#7926,
#7927,#7928,#7929),.UNSPECIFIED.,.T.,.F.) B_SPLINE_CURVE_WITH_KNOTS((1,2
    ,2,2,2,1),(-2.094395102393,0.,2.094395102393,4.188790204786,
6.28318530718,8.377580409573),.UNSPECIFIED.) CURVE() 
GEOMETRIC_REPRESENTATION_ITEM() RATIONAL_B_SPLINE_CURVE((1.,0.5,1.,0.5,
1.,0.5,1.)) REPRESENTATION_ITEM('') );
#7923 = CARTESIAN_POINT('',(-25.5,110.5));
#7924 = CARTESIAN_POINT('',(-25.5,154.667295593));
#7925 = CARTESIAN_POINT('',(12.75,132.5836477965));
#7926 = CARTESIAN_POINT('',(51.,110.5));
#7927 = CARTESIAN_POINT('',(12.75,88.416352203497));
#7928 = CARTESIAN_POINT('',(-25.5,66.332704406994));
#7929 = CARTESIAN_POINT('',(-25.5,110.5));
#7930 = ( GEOMETRIC_REPRESENTATION_CONTEXT(2) 
PARAMETRIC_REPRESENTATION_CONTEXT() REPRESENTATION_CONTEXT('2D SPACE',''
  ) );
#7931 = ORIENTED_EDGE('',*,*,#7932,.T.);
#7932 = EDGE_CURVE('',#7905,#5621,#7933,.T.);
#7933 = SURFACE_CURVE('',#7934,(#7938,#7945),.PCURVE_S1.);
#7934 = LINE('',#7935,#7936);
#7935 = CARTESIAN_POINT('',(80.5,-104.,402.));
#7936 = VECTOR('',#7937,1.);
#7937 = DIRECTION('',(-0.,-1.,-0.));
#7938 = PCURVE('',#5669,#7939);
#7939 = DEFINITIONAL_REPRESENTATION('',(#7940),#7944);
#7940 = LINE('',#7941,#7942);
#7941 = CARTESIAN_POINT('',(-1.570796326795,0.));
#7942 = VECTOR('',#7943,1.);
#7943 = DIRECTION('',(-0.,1.));
#7944 = ( GEOMETRIC_REPRESENTATION_CONTEXT(2) 
PARAMETRIC_REPRESENTATION_CONTEXT() REPRESENTATION_CONTEXT('2D SPACE',''
  ) );
#7945 = PCURVE('',#5636,#7946);
#7946 = DEFINITIONAL_REPRESENTATION('',(#7947),#7951);
#7947 = LINE('',#7948,#7949);
#7948 = CARTESIAN_POINT('',(-64.,1.));
#7949 = VECTOR('',#7950,1.);
#7950 = DIRECTION('',(-0.,-1.));
#7951 = ( GEOMETRIC_REPRESENTATION_CONTEXT(2) 
PARAMETRIC_REPRESENTATION_CONTEXT() REPRESENTATION_CONTEXT('2D SPACE',''
  ) );
#7952 = ADVANCED_FACE('',(#7953),#5580,.T.);
#7953 = FACE_BOUND('',#7954,.F.);
#7954 = EDGE_LOOP('',(#7955,#7978,#7999,#8000));
#7955 = ORIENTED_EDGE('',*,*,#7956,.F.);
#7956 = EDGE_CURVE('',#7957,#7856,#7959,.T.);
#7957 = VERTEX_POINT('',#7958);
#7958 = CARTESIAN_POINT('',(121.,-105.,338.));
#7959 = SURFACE_CURVE('',#7960,(#7964,#7971),.PCURVE_S1.);
#7960 = LINE('',#7961,#7962);
#7961 = CARTESIAN_POINT('',(121.,-105.,338.));
#7962 = VECTOR('',#7963,1.);
#7963 = DIRECTION('',(-0.,-0.,1.));
#7964 = PCURVE('',#5580,#7965);
#7965 = DEFINITIONAL_REPRESENTATION('',(#7966),#7970);
#7966 = LINE('',#7967,#7968);
#7967 = CARTESIAN_POINT('',(-0.,0.));
#7968 = VECTOR('',#7969,1.);
#7969 = DIRECTION('',(-1.,0.));
#7970 = ( GEOMETRIC_REPRESENTATION_CONTEXT(2) 
PARAMETRIC_REPRESENTATION_CONTEXT() REPRESENTATION_CONTEXT('2D SPACE',''
  ) );
#7971 = PCURVE('',#5929,#7972);
#7972 = DEFINITIONAL_REPRESENTATION('',(#7973),#7977);
#7973 = LINE('',#7974,#7975);
#7974 = CARTESIAN_POINT('',(64.,176.5));
#7975 = VECTOR('',#7976,1.);
#7976 = DIRECTION('',(-1.,0.));
#7977 = ( GEOMETRIC_REPRESENTATION_CONTEXT(2) 
PARAMETRIC_REPRESENTATION_CONTEXT() REPRESENTATION_CONTEXT('2D SPACE',''
  ) );
#7978 = ORIENTED_EDGE('',*,*,#7979,.T.);
#7979 = EDGE_CURVE('',#7957,#5565,#7980,.T.);
#7980 = SURFACE_CURVE('',#7981,(#7985,#7992),.PCURVE_S1.);
#7981 = LINE('',#7982,#7983);
#7982 = CARTESIAN_POINT('',(121.,-105.,338.));
#7983 = VECTOR('',#7984,1.);
#7984 = DIRECTION('',(-0.,-1.,-0.));
#7985 = PCURVE('',#5580,#7986);
#7986 = DEFINITIONAL_REPRESENTATION('',(#7987),#7991);
#7987 = LINE('',#7988,#7989);
#7988 = CARTESIAN_POINT('',(-0.,0.));
#7989 = VECTOR('',#7990,1.);
#7990 = DIRECTION('',(-0.,-1.));
#7991 = ( GEOMETRIC_REPRESENTATION_CONTEXT(2) 
PARAMETRIC_REPRESENTATION_CONTEXT() REPRESENTATION_CONTEXT('2D SPACE',''
  ) );
#7992 = PCURVE('',#5608,#7993);
#7993 = DEFINITIONAL_REPRESENTATION('',(#7994),#7998);
#7994 = LINE('',#7995,#7996);
#7995 = CARTESIAN_POINT('',(-40.5,-0.));
#7996 = VECTOR('',#7997,1.);
#7997 = DIRECTION('',(-0.,1.));
#7998 = ( GEOMETRIC_REPRESENTATION_CONTEXT(2) 
PARAMETRIC_REPRESENTATION_CONTEXT() REPRESENTATION_CONTEXT('2D SPACE',''
  ) );
#7999 = ORIENTED_EDGE('',*,*,#5564,.T.);
#8000 = ORIENTED_EDGE('',*,*,#7878,.F.);
#8001 = ADVANCED_FACE('',(#8002),#5636,.F.);
#8002 = FACE_BOUND('',#8003,.T.);
#8003 = EDGE_LOOP('',(#8004,#8027,#8048,#8049));
#8004 = ORIENTED_EDGE('',*,*,#8005,.F.);
#8005 = EDGE_CURVE('',#8006,#7905,#8008,.T.);
#8006 = VERTEX_POINT('',#8007);
#8007 = CARTESIAN_POINT('',(80.5,-105.,338.));
#8008 = SURFACE_CURVE('',#8009,(#8013,#8020),.PCURVE_S1.);
#8009 = LINE('',#8010,#8011);
#8010 = CARTESIAN_POINT('',(80.5,-105.,338.));
#8011 = VECTOR('',#8012,1.);
#8012 = DIRECTION('',(-0.,-0.,1.));
#8013 = PCURVE('',#5636,#8014);
#8014 = DEFINITIONAL_REPRESENTATION('',(#8015),#8019);
#8015 = LINE('',#8016,#8017);
#8016 = CARTESIAN_POINT('',(-0.,0.));
#8017 = VECTOR('',#8018,1.);
#8018 = DIRECTION('',(-1.,0.));
#8019 = ( GEOMETRIC_REPRESENTATION_CONTEXT(2) 
PARAMETRIC_REPRESENTATION_CONTEXT() REPRESENTATION_CONTEXT('2D SPACE',''
  ) );
#8020 = PCURVE('',#5929,#8021);
#8021 = DEFINITIONAL_REPRESENTATION('',(#8022),#8026);
#8022 = LINE('',#8023,#8024);
#8023 = CARTESIAN_POINT('',(64.,136.));
#8024 = VECTOR('',#8025,1.);
#8025 = DIRECTION('',(-1.,0.));
#8026 = ( GEOMETRIC_REPRESENTATION_CONTEXT(2) 
PARAMETRIC_REPRESENTATION_CONTEXT() REPRESENTATION_CONTEXT('2D SPACE',''
  ) );
#8027 = ORIENTED_EDGE('',*,*,#8028,.T.);
#8028 = EDGE_CURVE('',#8006,#5593,#8029,.T.);
#8029 = SURFACE_CURVE('',#8030,(#8034,#8041),.PCURVE_S1.);
#8030 = LINE('',#8031,#8032);
#8031 = CARTESIAN_POINT('',(80.5,-105.,338.));
#8032 = VECTOR('',#8033,1.);
#8033 = DIRECTION('',(-0.,-1.,-0.));
#8034 = PCURVE('',#5636,#8035);
#8035 = DEFINITIONAL_REPRESENTATION('',(#8036),#8040);
#8036 = LINE('',#8037,#8038);
#8037 = CARTESIAN_POINT('',(-0.,0.));
#8038 = VECTOR('',#8039,1.);
#8039 = DIRECTION('',(-0.,-1.));
#8040 = ( GEOMETRIC_REPRESENTATION_CONTEXT(2) 
PARAMETRIC_REPRESENTATION_CONTEXT() REPRESENTATION_CONTEXT('2D SPACE',''
  ) );
#8041 = PCURVE('',#5608,#8042);
#8042 = DEFINITIONAL_REPRESENTATION('',(#8043),#8047);
#8043 = LINE('',#8044,#8045);
#8044 = CARTESIAN_POINT('',(-0.,-0.));
#8045 = VECTOR('',#8046,1.);
#8046 = DIRECTION('',(-0.,1.));
#8047 = ( GEOMETRIC_REPRESENTATION_CONTEXT(2) 
PARAMETRIC_REPRESENTATION_CONTEXT() REPRESENTATION_CONTEXT('2D SPACE',''
  ) );
#8048 = ORIENTED_EDGE('',*,*,#5620,.T.);
#8049 = ORIENTED_EDGE('',*,*,#7932,.F.);
#8050 = ADVANCED_FACE('',(#8051),#5608,.F.);
#8051 = FACE_BOUND('',#8052,.T.);
#8052 = EDGE_LOOP('',(#8053,#8054,#8075,#8076));
#8053 = ORIENTED_EDGE('',*,*,#8028,.F.);
#8054 = ORIENTED_EDGE('',*,*,#8055,.T.);
#8055 = EDGE_CURVE('',#8006,#7957,#8056,.T.);
#8056 = SURFACE_CURVE('',#8057,(#8061,#8068),.PCURVE_S1.);
#8057 = LINE('',#8058,#8059);
#8058 = CARTESIAN_POINT('',(80.5,-105.,338.));
#8059 = VECTOR('',#8060,1.);
#8060 = DIRECTION('',(1.,-0.,-0.));
#8061 = PCURVE('',#5608,#8062);
#8062 = DEFINITIONAL_REPRESENTATION('',(#8063),#8067);
#8063 = LINE('',#8064,#8065);
#8064 = CARTESIAN_POINT('',(-0.,-0.));
#8065 = VECTOR('',#8066,1.);
#8066 = DIRECTION('',(-1.,0.));
#8067 = ( GEOMETRIC_REPRESENTATION_CONTEXT(2) 
PARAMETRIC_REPRESENTATION_CONTEXT() REPRESENTATION_CONTEXT('2D SPACE',''
  ) );
#8068 = PCURVE('',#5929,#8069);
#8069 = DEFINITIONAL_REPRESENTATION('',(#8070),#8074);
#8070 = LINE('',#8071,#8072);
#8071 = CARTESIAN_POINT('',(64.,136.));
#8072 = VECTOR('',#8073,1.);
#8073 = DIRECTION('',(-0.,1.));
#8074 = ( GEOMETRIC_REPRESENTATION_CONTEXT(2) 
PARAMETRIC_REPRESENTATION_CONTEXT() REPRESENTATION_CONTEXT('2D SPACE',''
  ) );
#8075 = ORIENTED_EDGE('',*,*,#7979,.T.);
#8076 = ORIENTED_EDGE('',*,*,#5592,.T.);
#8077 = ADVANCED_FACE('',(#8078),#5815,.F.);
#8078 = FACE_BOUND('',#8079,.T.);
#8079 = EDGE_LOOP('',(#8080,#8081,#8104,#8135));
#8080 = ORIENTED_EDGE('',*,*,#5794,.F.);
#8081 = ORIENTED_EDGE('',*,*,#8082,.F.);
#8082 = EDGE_CURVE('',#8083,#5795,#8085,.T.);
#8083 = VERTEX_POINT('',#8084);
#8084 = CARTESIAN_POINT('',(104.,-124.5,354.));
#8085 = SEAM_CURVE('',#8086,(#8090,#8097),.PCURVE_S1.);
#8086 = LINE('',#8087,#8088);
#8087 = CARTESIAN_POINT('',(104.,-124.5,354.));
#8088 = VECTOR('',#8089,1.);
#8089 = DIRECTION('',(-0.,-1.,-0.));
#8090 = PCURVE('',#5815,#8091);
#8091 = DEFINITIONAL_REPRESENTATION('',(#8092),#8096);
#8092 = LINE('',#8093,#8094);
#8093 = CARTESIAN_POINT('',(-6.28318530718,-0.));
#8094 = VECTOR('',#8095,1.);
#8095 = DIRECTION('',(-0.,1.));
#8096 = ( GEOMETRIC_REPRESENTATION_CONTEXT(2) 
PARAMETRIC_REPRESENTATION_CONTEXT() REPRESENTATION_CONTEXT('2D SPACE',''
  ) );
#8097 = PCURVE('',#5815,#8098);
#8098 = DEFINITIONAL_REPRESENTATION('',(#8099),#8103);
#8099 = LINE('',#8100,#8101);
#8100 = CARTESIAN_POINT('',(-0.,-0.));
#8101 = VECTOR('',#8102,1.);
#8102 = DIRECTION('',(-0.,1.));
#8103 = ( GEOMETRIC_REPRESENTATION_CONTEXT(2) 
PARAMETRIC_REPRESENTATION_CONTEXT() REPRESENTATION_CONTEXT('2D SPACE',''
  ) );
#8104 = ORIENTED_EDGE('',*,*,#8105,.T.);
#8105 = EDGE_CURVE('',#8083,#8083,#8106,.T.);
#8106 = SURFACE_CURVE('',#8107,(#8112,#8119),.PCURVE_S1.);
#8107 = CIRCLE('',#8108,4.);
#8108 = AXIS2_PLACEMENT_3D('',#8109,#8110,#8111);
#8109 = CARTESIAN_POINT('',(104.,-124.5,350.));
#8110 = DIRECTION('',(0.,1.,0.));
#8111 = DIRECTION('',(-0.,-0.,1.));
#8112 = PCURVE('',#5815,#8113);
#8113 = DEFINITIONAL_REPRESENTATION('',(#8114),#8118);
#8114 = LINE('',#8115,#8116);
#8115 = CARTESIAN_POINT('',(-0.,0.));
#8116 = VECTOR('',#8117,1.);
#8117 = DIRECTION('',(-1.,0.));
#8118 = ( GEOMETRIC_REPRESENTATION_CONTEXT(2) 
PARAMETRIC_REPRESENTATION_CONTEXT() REPRESENTATION_CONTEXT('2D SPACE',''
  ) );
#8119 = PCURVE('',#8120,#8125);
#8120 = PLANE('',#8121);
#8121 = AXIS2_PLACEMENT_3D('',#8122,#8123,#8124);
#8122 = CARTESIAN_POINT('',(104.,-124.5,350.));
#8123 = DIRECTION('',(-0.,-1.,-0.));
#8124 = DIRECTION('',(0.,0.,-1.));
#8125 = DEFINITIONAL_REPRESENTATION('',(#8126),#8134);
#8126 = ( BOUNDED_CURVE() B_SPLINE_CURVE(2,(#8127,#8128,#8129,#8130,
#8131,#8132,#8133),.UNSPECIFIED.,.T.,.F.) B_SPLINE_CURVE_WITH_KNOTS((1,2
    ,2,2,2,1),(-2.094395102393,0.,2.094395102393,4.188790204786,
6.28318530718,8.377580409573),.UNSPECIFIED.) CURVE() 
GEOMETRIC_REPRESENTATION_ITEM() RATIONAL_B_SPLINE_CURVE((1.,0.5,1.,0.5,
1.,0.5,1.)) REPRESENTATION_ITEM('') );
#8127 = CARTESIAN_POINT('',(-4.,0.));
#8128 = CARTESIAN_POINT('',(-4.,6.928203230276));
#8129 = CARTESIAN_POINT('',(2.,3.464101615138));
#8130 = CARTESIAN_POINT('',(8.,9.797174393179E-16));
#8131 = CARTESIAN_POINT('',(2.,-3.464101615138));
#8132 = CARTESIAN_POINT('',(-4.,-6.928203230276));
#8133 = CARTESIAN_POINT('',(-4.,0.));
#8134 = ( GEOMETRIC_REPRESENTATION_CONTEXT(2) 
PARAMETRIC_REPRESENTATION_CONTEXT() REPRESENTATION_CONTEXT('2D SPACE',''
  ) );
#8135 = ORIENTED_EDGE('',*,*,#8082,.T.);
#8136 = ADVANCED_FACE('',(#8137),#5850,.F.);
#8137 = FACE_BOUND('',#8138,.T.);
#8138 = EDGE_LOOP('',(#8139,#8140,#8163,#8194));
#8139 = ORIENTED_EDGE('',*,*,#5829,.F.);
#8140 = ORIENTED_EDGE('',*,*,#8141,.F.);
#8141 = EDGE_CURVE('',#8142,#5830,#8144,.T.);
#8142 = VERTEX_POINT('',#8143);
#8143 = CARTESIAN_POINT('',(115.,-124.5,354.));
#8144 = SEAM_CURVE('',#8145,(#8149,#8156),.PCURVE_S1.);
#8145 = LINE('',#8146,#8147);
#8146 = CARTESIAN_POINT('',(115.,-124.5,354.));
#8147 = VECTOR('',#8148,1.);
#8148 = DIRECTION('',(-0.,-1.,-0.));
#8149 = PCURVE('',#5850,#8150);
#8150 = DEFINITIONAL_REPRESENTATION('',(#8151),#8155);
#8151 = LINE('',#8152,#8153);
#8152 = CARTESIAN_POINT('',(-6.28318530718,-0.));
#8153 = VECTOR('',#8154,1.);
#8154 = DIRECTION('',(-0.,1.));
#8155 = ( GEOMETRIC_REPRESENTATION_CONTEXT(2) 
PARAMETRIC_REPRESENTATION_CONTEXT() REPRESENTATION_CONTEXT('2D SPACE',''
  ) );
#8156 = PCURVE('',#5850,#8157);
#8157 = DEFINITIONAL_REPRESENTATION('',(#8158),#8162);
#8158 = LINE('',#8159,#8160);
#8159 = CARTESIAN_POINT('',(-0.,-0.));
#8160 = VECTOR('',#8161,1.);
#8161 = DIRECTION('',(-0.,1.));
#8162 = ( GEOMETRIC_REPRESENTATION_CONTEXT(2) 
PARAMETRIC_REPRESENTATION_CONTEXT() REPRESENTATION_CONTEXT('2D SPACE',''
  ) );
#8163 = ORIENTED_EDGE('',*,*,#8164,.T.);
#8164 = EDGE_CURVE('',#8142,#8142,#8165,.T.);
#8165 = SURFACE_CURVE('',#8166,(#8171,#8178),.PCURVE_S1.);
#8166 = CIRCLE('',#8167,4.);
#8167 = AXIS2_PLACEMENT_3D('',#8168,#8169,#8170);
#8168 = CARTESIAN_POINT('',(115.,-124.5,350.));
#8169 = DIRECTION('',(0.,1.,0.));
#8170 = DIRECTION('',(-0.,-0.,1.));
#8171 = PCURVE('',#5850,#8172);
#8172 = DEFINITIONAL_REPRESENTATION('',(#8173),#8177);
#8173 = LINE('',#8174,#8175);
#8174 = CARTESIAN_POINT('',(-0.,0.));
#8175 = VECTOR('',#8176,1.);
#8176 = DIRECTION('',(-1.,0.));
#8177 = ( GEOMETRIC_REPRESENTATION_CONTEXT(2) 
PARAMETRIC_REPRESENTATION_CONTEXT() REPRESENTATION_CONTEXT('2D SPACE',''
  ) );
#8178 = PCURVE('',#8179,#8184);
#8179 = PLANE('',#8180);
#8180 = AXIS2_PLACEMENT_3D('',#8181,#8182,#8183);
#8181 = CARTESIAN_POINT('',(115.,-124.5,350.));
#8182 = DIRECTION('',(-0.,-1.,-0.));
#8183 = DIRECTION('',(0.,0.,-1.));
#8184 = DEFINITIONAL_REPRESENTATION('',(#8185),#8193);
#8185 = ( BOUNDED_CURVE() B_SPLINE_CURVE(2,(#8186,#8187,#8188,#8189,
#8190,#8191,#8192),.UNSPECIFIED.,.T.,.F.) B_SPLINE_CURVE_WITH_KNOTS((1,2
    ,2,2,2,1),(-2.094395102393,0.,2.094395102393,4.188790204786,
6.28318530718,8.377580409573),.UNSPECIFIED.) CURVE() 
GEOMETRIC_REPRESENTATION_ITEM() RATIONAL_B_SPLINE_CURVE((1.,0.5,1.,0.5,
1.,0.5,1.)) REPRESENTATION_ITEM('') );
#8186 = CARTESIAN_POINT('',(-4.,0.));
#8187 = CARTESIAN_POINT('',(-4.,6.928203230276));
#8188 = CARTESIAN_POINT('',(2.,3.464101615138));
#8189 = CARTESIAN_POINT('',(8.,9.797174393179E-16));
#8190 = CARTESIAN_POINT('',(2.,-3.464101615138));
#8191 = CARTESIAN_POINT('',(-4.,-6.928203230276));
#8192 = CARTESIAN_POINT('',(-4.,0.));
#8193 = ( GEOMETRIC_REPRESENTATION_CONTEXT(2) 
PARAMETRIC_REPRESENTATION_CONTEXT() REPRESENTATION_CONTEXT('2D SPACE',''
  ) );
#8194 = ORIENTED_EDGE('',*,*,#8141,.T.);
#8195 = ADVANCED_FACE('',(#8196,#8211,#8246),#5929,.F.);
#8196 = FACE_BOUND('',#8197,.T.);
#8197 = EDGE_LOOP('',(#8198,#8199,#8200,#8201,#8202,#8203,#8204,#8205,
    #8206,#8207,#8208,#8209,#8210));
#8198 = ORIENTED_EDGE('',*,*,#7479,.T.);
#8199 = ORIENTED_EDGE('',*,*,#5913,.T.);
#8200 = ORIENTED_EDGE('',*,*,#7377,.T.);
#8201 = ORIENTED_EDGE('',*,*,#7407,.T.);
#8202 = ORIENTED_EDGE('',*,*,#7649,.T.);
#8203 = ORIENTED_EDGE('',*,*,#7755,.F.);
#8204 = ORIENTED_EDGE('',*,*,#7855,.T.);
#8205 = ORIENTED_EDGE('',*,*,#7956,.F.);
#8206 = ORIENTED_EDGE('',*,*,#8055,.F.);
#8207 = ORIENTED_EDGE('',*,*,#8005,.T.);
#8208 = ORIENTED_EDGE('',*,*,#7904,.F.);
#8209 = ORIENTED_EDGE('',*,*,#7805,.F.);
#8210 = ORIENTED_EDGE('',*,*,#7726,.F.);
#8211 = FACE_BOUND('',#8212,.T.);
#8212 = EDGE_LOOP('',(#8213));
#8213 = ORIENTED_EDGE('',*,*,#8214,.F.);
#8214 = EDGE_CURVE('',#8215,#8215,#8217,.T.);
#8215 = VERTEX_POINT('',#8216);
#8216 = CARTESIAN_POINT('',(104.,-105.,352.2));
#8217 = SURFACE_CURVE('',#8218,(#8223,#8234),.PCURVE_S1.);
#8218 = CIRCLE('',#8219,2.2);
#8219 = AXIS2_PLACEMENT_3D('',#8220,#8221,#8222);
#8220 = CARTESIAN_POINT('',(104.,-105.,350.));
#8221 = DIRECTION('',(0.,1.,0.));
#8222 = DIRECTION('',(-0.,-0.,1.));
#8223 = PCURVE('',#5929,#8224);
#8224 = DEFINITIONAL_REPRESENTATION('',(#8225),#8233);
#8225 = ( BOUNDED_CURVE() B_SPLINE_CURVE(2,(#8226,#8227,#8228,#8229,
#8230,#8231,#8232),.UNSPECIFIED.,.T.,.F.) B_SPLINE_CURVE_WITH_KNOTS((1,2
    ,2,2,2,1),(-2.094395102393,0.,2.094395102393,4.188790204786,
6.28318530718,8.377580409573),.UNSPECIFIED.) CURVE() 
GEOMETRIC_REPRESENTATION_ITEM() RATIONAL_B_SPLINE_CURVE((1.,0.5,1.,0.5,
1.,0.5,1.)) REPRESENTATION_ITEM('') );
#8226 = CARTESIAN_POINT('',(49.8,159.5));
#8227 = CARTESIAN_POINT('',(49.8,163.31051177665));
#8228 = CARTESIAN_POINT('',(53.1,161.40525588832));
#8229 = CARTESIAN_POINT('',(56.4,159.5));
#8230 = CARTESIAN_POINT('',(53.1,157.59474411167));
#8231 = CARTESIAN_POINT('',(49.8,155.68948822334));
#8232 = CARTESIAN_POINT('',(49.8,159.5));
#8233 = ( GEOMETRIC_REPRESENTATION_CONTEXT(2) 
PARAMETRIC_REPRESENTATION_CONTEXT() REPRESENTATION_CONTEXT('2D SPACE',''
  ) );
#8234 = PCURVE('',#8235,#8240);
#8235 = CYLINDRICAL_SURFACE('',#8236,2.2);
#8236 = AXIS2_PLACEMENT_3D('',#8237,#8238,#8239);
#8237 = CARTESIAN_POINT('',(104.,-104.,350.));
#8238 = DIRECTION('',(-0.,-1.,-0.));
#8239 = DIRECTION('',(-0.,-0.,1.));
#8240 = DEFINITIONAL_REPRESENTATION('',(#8241),#8245);
#8241 = LINE('',#8242,#8243);
#8242 = CARTESIAN_POINT('',(-0.,1.));
#8243 = VECTOR('',#8244,1.);
#8244 = DIRECTION('',(-1.,0.));
#8245 = ( GEOMETRIC_REPRESENTATION_CONTEXT(2) 
PARAMETRIC_REPRESENTATION_CONTEXT() REPRESENTATION_CONTEXT('2D SPACE',''
  ) );
#8246 = FACE_BOUND('',#8247,.T.);
#8247 = EDGE_LOOP('',(#8248));
#8248 = ORIENTED_EDGE('',*,*,#8249,.F.);
#8249 = EDGE_CURVE('',#8250,#8250,#8252,.T.);
#8250 = VERTEX_POINT('',#8251);
#8251 = CARTESIAN_POINT('',(115.,-105.,352.2));
#8252 = SURFACE_CURVE('',#8253,(#8258,#8269),.PCURVE_S1.);
#8253 = CIRCLE('',#8254,2.2);
#8254 = AXIS2_PLACEMENT_3D('',#8255,#8256,#8257);
#8255 = CARTESIAN_POINT('',(115.,-105.,350.));
#8256 = DIRECTION('',(0.,1.,0.));
#8257 = DIRECTION('',(-0.,-0.,1.));
#8258 = PCURVE('',#5929,#8259);
#8259 = DEFINITIONAL_REPRESENTATION('',(#8260),#8268);
#8260 = ( BOUNDED_CURVE() B_SPLINE_CURVE(2,(#8261,#8262,#8263,#8264,
#8265,#8266,#8267),.UNSPECIFIED.,.T.,.F.) B_SPLINE_CURVE_WITH_KNOTS((1,2
    ,2,2,2,1),(-2.094395102393,0.,2.094395102393,4.188790204786,
6.28318530718,8.377580409573),.UNSPECIFIED.) CURVE() 
GEOMETRIC_REPRESENTATION_ITEM() RATIONAL_B_SPLINE_CURVE((1.,0.5,1.,0.5,
1.,0.5,1.)) REPRESENTATION_ITEM('') );
#8261 = CARTESIAN_POINT('',(49.8,170.5));
#8262 = CARTESIAN_POINT('',(49.8,174.31051177665));
#8263 = CARTESIAN_POINT('',(53.1,172.40525588832));
#8264 = CARTESIAN_POINT('',(56.4,170.5));
#8265 = CARTESIAN_POINT('',(53.1,168.59474411167));
#8266 = CARTESIAN_POINT('',(49.8,166.68948822334));
#8267 = CARTESIAN_POINT('',(49.8,170.5));
#8268 = ( GEOMETRIC_REPRESENTATION_CONTEXT(2) 
PARAMETRIC_REPRESENTATION_CONTEXT() REPRESENTATION_CONTEXT('2D SPACE',''
  ) );
#8269 = PCURVE('',#8270,#8275);
#8270 = CYLINDRICAL_SURFACE('',#8271,2.2);
#8271 = AXIS2_PLACEMENT_3D('',#8272,#8273,#8274);
#8272 = CARTESIAN_POINT('',(115.,-104.,350.));
#8273 = DIRECTION('',(-0.,-1.,-0.));
#8274 = DIRECTION('',(-0.,-0.,1.));
#8275 = DEFINITIONAL_REPRESENTATION('',(#8276),#8280);
#8276 = LINE('',#8277,#8278);
#8277 = CARTESIAN_POINT('',(-0.,1.));
#8278 = VECTOR('',#8279,1.);
#8279 = DIRECTION('',(-1.,0.));
#8280 = ( GEOMETRIC_REPRESENTATION_CONTEXT(2) 
PARAMETRIC_REPRESENTATION_CONTEXT() REPRESENTATION_CONTEXT('2D SPACE',''
  ) );
#8281 = ADVANCED_FACE('',(#8282,#8397),#6885,.T.);
#8282 = FACE_BOUND('',#8283,.F.);
#8283 = EDGE_LOOP('',(#8284,#8315,#8343,#8371));
#8284 = ORIENTED_EDGE('',*,*,#8285,.F.);
#8285 = EDGE_CURVE('',#8286,#8288,#8290,.T.);
#8286 = VERTEX_POINT('',#8287);
#8287 = CARTESIAN_POINT('',(-63.3,-91.28804653251,285.81195346748));
#8288 = VERTEX_POINT('',#8289);
#8289 = CARTESIAN_POINT('',(-63.3,-91.28804653251,292.38804653251));
#8290 = SURFACE_CURVE('',#8291,(#8296,#8303),.PCURVE_S1.);
#8291 = CIRCLE('',#8292,4.65);
#8292 = AXIS2_PLACEMENT_3D('',#8293,#8294,#8295);
#8293 = CARTESIAN_POINT('',(-63.3,-88.,289.1));
#8294 = DIRECTION('',(1.,-0.,0.));
#8295 = DIRECTION('',(-0.,-0.707106781187,-0.707106781187));
#8296 = PCURVE('',#6885,#8297);
#8297 = DEFINITIONAL_REPRESENTATION('',(#8298),#8302);
#8298 = CIRCLE('',#8299,4.65);
#8299 = AXIS2_PLACEMENT_2D('',#8300,#8301);
#8300 = CARTESIAN_POINT('',(0.,0.));
#8301 = DIRECTION('',(0.707106781187,-0.707106781187));
#8302 = ( GEOMETRIC_REPRESENTATION_CONTEXT(2) 
PARAMETRIC_REPRESENTATION_CONTEXT() REPRESENTATION_CONTEXT('2D SPACE',''
  ) );
#8303 = PCURVE('',#8304,#8309);
#8304 = CYLINDRICAL_SURFACE('',#8305,4.65);
#8305 = AXIS2_PLACEMENT_3D('',#8306,#8307,#8308);
#8306 = CARTESIAN_POINT('',(-77.7,-88.,289.1));
#8307 = DIRECTION('',(1.,-0.,-0.));
#8308 = DIRECTION('',(-0.,-0.,1.));
#8309 = DEFINITIONAL_REPRESENTATION('',(#8310),#8314);
#8310 = LINE('',#8311,#8312);
#8311 = CARTESIAN_POINT('',(-10.21017612416,14.4));
#8312 = VECTOR('',#8313,1.);
#8313 = DIRECTION('',(1.,-0.));
#8314 = ( GEOMETRIC_REPRESENTATION_CONTEXT(2) 
PARAMETRIC_REPRESENTATION_CONTEXT() REPRESENTATION_CONTEXT('2D SPACE',''
  ) );
#8315 = ORIENTED_EDGE('',*,*,#8316,.T.);
#8316 = EDGE_CURVE('',#8286,#8317,#8319,.T.);
#8317 = VERTEX_POINT('',#8318);
#8318 = CARTESIAN_POINT('',(-63.3,-92.85,287.37390693496));
#8319 = SURFACE_CURVE('',#8320,(#8324,#8331),.PCURVE_S1.);
#8320 = LINE('',#8321,#8322);
#8321 = CARTESIAN_POINT('',(-63.3,-91.28804653251,285.81195346748));
#8322 = VECTOR('',#8323,1.);
#8323 = DIRECTION('',(-0.,-0.707106781187,0.707106781187));
#8324 = PCURVE('',#6885,#8325);
#8325 = DEFINITIONAL_REPRESENTATION('',(#8326),#8330);
#8326 = LINE('',#8327,#8328);
#8327 = CARTESIAN_POINT('',(3.288046532517,-3.288046532517));
#8328 = VECTOR('',#8329,1.);
#8329 = DIRECTION('',(-0.707106781187,-0.707106781187));
#8330 = ( GEOMETRIC_REPRESENTATION_CONTEXT(2) 
PARAMETRIC_REPRESENTATION_CONTEXT() REPRESENTATION_CONTEXT('2D SPACE',''
  ) );
#8331 = PCURVE('',#8332,#8337);
#8332 = PLANE('',#8333);
#8333 = AXIS2_PLACEMENT_3D('',#8334,#8335,#8336);
#8334 = CARTESIAN_POINT('',(-77.7,-91.28804653251,285.81195346748));
#8335 = DIRECTION('',(-0.,0.707106781187,0.707106781187));
#8336 = DIRECTION('',(0.,0.707106781187,-0.707106781187));
#8337 = DEFINITIONAL_REPRESENTATION('',(#8338),#8342);
#8338 = LINE('',#8339,#8340);
#8339 = CARTESIAN_POINT('',(-0.,-14.4));
#8340 = VECTOR('',#8341,1.);
#8341 = DIRECTION('',(-1.,0.));
#8342 = ( GEOMETRIC_REPRESENTATION_CONTEXT(2) 
PARAMETRIC_REPRESENTATION_CONTEXT() REPRESENTATION_CONTEXT('2D SPACE',''
  ) );
#8343 = ORIENTED_EDGE('',*,*,#8344,.T.);
#8344 = EDGE_CURVE('',#8317,#8345,#8347,.T.);
#8345 = VERTEX_POINT('',#8346);
#8346 = CARTESIAN_POINT('',(-63.3,-92.85,290.82609306503));
#8347 = SURFACE_CURVE('',#8348,(#8352,#8359),.PCURVE_S1.);
#8348 = LINE('',#8349,#8350);
#8349 = CARTESIAN_POINT('',(-63.3,-92.85,286.275));
#8350 = VECTOR('',#8351,1.);
#8351 = DIRECTION('',(-0.,-0.,1.));
#8352 = PCURVE('',#6885,#8353);
#8353 = DEFINITIONAL_REPRESENTATION('',(#8354),#8358);
#8354 = LINE('',#8355,#8356);
#8355 = CARTESIAN_POINT('',(2.825,-4.85));
#8356 = VECTOR('',#8357,1.);
#8357 = DIRECTION('',(-1.,0.));
#8358 = ( GEOMETRIC_REPRESENTATION_CONTEXT(2) 
PARAMETRIC_REPRESENTATION_CONTEXT() REPRESENTATION_CONTEXT('2D SPACE',''
  ) );
#8359 = PCURVE('',#8360,#8365);
#8360 = PLANE('',#8361);
#8361 = AXIS2_PLACEMENT_3D('',#8362,#8363,#8364);
#8362 = CARTESIAN_POINT('',(-78.7,-92.85,283.45));
#8363 = DIRECTION('',(-0.,-1.,-0.));
#8364 = DIRECTION('',(0.,0.,-1.));
#8365 = DEFINITIONAL_REPRESENTATION('',(#8366),#8370);
#8366 = LINE('',#8367,#8368);
#8367 = CARTESIAN_POINT('',(-2.825,15.4));
#8368 = VECTOR('',#8369,1.);
#8369 = DIRECTION('',(-1.,0.));
#8370 = ( GEOMETRIC_REPRESENTATION_CONTEXT(2) 
PARAMETRIC_REPRESENTATION_CONTEXT() REPRESENTATION_CONTEXT('2D SPACE',''
  ) );
#8371 = ORIENTED_EDGE('',*,*,#8372,.T.);
#8372 = EDGE_CURVE('',#8345,#8288,#8373,.T.);
#8373 = SURFACE_CURVE('',#8374,(#8378,#8385),.PCURVE_S1.);
#8374 = LINE('',#8375,#8376);
#8375 = CARTESIAN_POINT('',(-63.3,-94.57609306503,289.1));
#8376 = VECTOR('',#8377,1.);
#8377 = DIRECTION('',(-0.,0.707106781187,0.707106781187));
#8378 = PCURVE('',#6885,#8379);
#8379 = DEFINITIONAL_REPRESENTATION('',(#8380),#8384);
#8380 = LINE('',#8381,#8382);
#8381 = CARTESIAN_POINT('',(-0.,-6.576093065035));
#8382 = VECTOR('',#8383,1.);
#8383 = DIRECTION('',(-0.707106781187,0.707106781187));
#8384 = ( GEOMETRIC_REPRESENTATION_CONTEXT(2) 
PARAMETRIC_REPRESENTATION_CONTEXT() REPRESENTATION_CONTEXT('2D SPACE',''
  ) );
#8385 = PCURVE('',#8386,#8391);
#8386 = PLANE('',#8387);
#8387 = AXIS2_PLACEMENT_3D('',#8388,#8389,#8390);
#8388 = CARTESIAN_POINT('',(-77.7,-94.57609306503,289.1));
#8389 = DIRECTION('',(0.,0.707106781187,-0.707106781187));
#8390 = DIRECTION('',(0.,-0.707106781187,-0.707106781187));
#8391 = DEFINITIONAL_REPRESENTATION('',(#8392),#8396);
#8392 = LINE('',#8393,#8394);
#8393 = CARTESIAN_POINT('',(-0.,-14.4));
#8394 = VECTOR('',#8395,1.);
#8395 = DIRECTION('',(-1.,0.));
#8396 = ( GEOMETRIC_REPRESENTATION_CONTEXT(2) 
PARAMETRIC_REPRESENTATION_CONTEXT() REPRESENTATION_CONTEXT('2D SPACE',''
  ) );
#8397 = FACE_BOUND('',#8398,.F.);
#8398 = EDGE_LOOP('',(#8399));
#8399 = ORIENTED_EDGE('',*,*,#6870,.F.);
#8400 = ADVANCED_FACE('',(#8401),#6918,.F.);
#8401 = FACE_BOUND('',#8402,.T.);
#8402 = EDGE_LOOP('',(#8403,#8404,#8405,#8431));
#8403 = ORIENTED_EDGE('',*,*,#6903,.F.);
#8404 = ORIENTED_EDGE('',*,*,#6989,.F.);
#8405 = ORIENTED_EDGE('',*,*,#8406,.T.);
#8406 = EDGE_CURVE('',#6962,#7017,#8407,.T.);
#8407 = SURFACE_CURVE('',#8408,(#8413,#8424),.PCURVE_S1.);
#8408 = CIRCLE('',#8409,4.65);
#8409 = AXIS2_PLACEMENT_3D('',#8410,#8411,#8412);
#8410 = CARTESIAN_POINT('',(-77.2,-88.,289.1));
#8411 = DIRECTION('',(-1.,-0.,-0.));
#8412 = DIRECTION('',(-0.,-0.,1.));
#8413 = PCURVE('',#6918,#8414);
#8414 = DEFINITIONAL_REPRESENTATION('',(#8415),#8423);
#8415 = ( BOUNDED_CURVE() B_SPLINE_CURVE(2,(#8416,#8417,#8418,#8419,
#8420,#8421,#8422),.UNSPECIFIED.,.T.,.F.) B_SPLINE_CURVE_WITH_KNOTS((1,2
    ,2,2,2,1),(-2.094395102393,0.,2.094395102393,4.188790204786,
6.28318530718,8.377580409573),.UNSPECIFIED.) CURVE() 
GEOMETRIC_REPRESENTATION_ITEM() RATIONAL_B_SPLINE_CURVE((1.,0.5,1.,0.5,
1.,0.5,1.)) REPRESENTATION_ITEM('') );
#8416 = CARTESIAN_POINT('',(-4.65,0.));
#8417 = CARTESIAN_POINT('',(-4.65,8.054036255195));
#8418 = CARTESIAN_POINT('',(2.325,4.027018127598));
#8419 = CARTESIAN_POINT('',(9.3,1.138921523207E-15));
#8420 = CARTESIAN_POINT('',(2.325,-4.027018127598));
#8421 = CARTESIAN_POINT('',(-4.65,-8.054036255195));
#8422 = CARTESIAN_POINT('',(-4.65,0.));
#8423 = ( GEOMETRIC_REPRESENTATION_CONTEXT(2) 
PARAMETRIC_REPRESENTATION_CONTEXT() REPRESENTATION_CONTEXT('2D SPACE',''
  ) );
#8424 = PCURVE('',#8304,#8425);
#8425 = DEFINITIONAL_REPRESENTATION('',(#8426),#8430);
#8426 = LINE('',#8427,#8428);
#8427 = CARTESIAN_POINT('',(-0.,0.5));
#8428 = VECTOR('',#8429,1.);
#8429 = DIRECTION('',(-1.,0.));
#8430 = ( GEOMETRIC_REPRESENTATION_CONTEXT(2) 
PARAMETRIC_REPRESENTATION_CONTEXT() REPRESENTATION_CONTEXT('2D SPACE',''
  ) );
#8431 = ORIENTED_EDGE('',*,*,#7016,.F.);
#8432 = ADVANCED_FACE('',(#8433,#8463),#6977,.T.);
#8433 = FACE_BOUND('',#8434,.F.);
#8434 = EDGE_LOOP('',(#8435));
#8435 = ORIENTED_EDGE('',*,*,#8436,.T.);
#8436 = EDGE_CURVE('',#8437,#8437,#8439,.T.);
#8437 = VERTEX_POINT('',#8438);
#8438 = CARTESIAN_POINT('',(-77.2,-88.,295.1));
#8439 = SURFACE_CURVE('',#8440,(#8445,#8456),.PCURVE_S1.);
#8440 = CIRCLE('',#8441,6.);
#8441 = AXIS2_PLACEMENT_3D('',#8442,#8443,#8444);
#8442 = CARTESIAN_POINT('',(-77.2,-88.,289.1));
#8443 = DIRECTION('',(-1.,-0.,-0.));
#8444 = DIRECTION('',(-0.,-0.,1.));
#8445 = PCURVE('',#6977,#8446);
#8446 = DEFINITIONAL_REPRESENTATION('',(#8447),#8455);
#8447 = ( BOUNDED_CURVE() B_SPLINE_CURVE(2,(#8448,#8449,#8450,#8451,
#8452,#8453,#8454),.UNSPECIFIED.,.T.,.F.) B_SPLINE_CURVE_WITH_KNOTS((1,2
    ,2,2,2,1),(-2.094395102393,0.,2.094395102393,4.188790204786,
6.28318530718,8.377580409573),.UNSPECIFIED.) CURVE() 
GEOMETRIC_REPRESENTATION_ITEM() RATIONAL_B_SPLINE_CURVE((1.,0.5,1.,0.5,
1.,0.5,1.)) REPRESENTATION_ITEM('') );
#8448 = CARTESIAN_POINT('',(-6.,0.));
#8449 = CARTESIAN_POINT('',(-6.,10.392304845413));
#8450 = CARTESIAN_POINT('',(3.,5.196152422707));
#8451 = CARTESIAN_POINT('',(12.,1.469576158977E-15));
#8452 = CARTESIAN_POINT('',(3.,-5.196152422707));
#8453 = CARTESIAN_POINT('',(-6.,-10.39230484541));
#8454 = CARTESIAN_POINT('',(-6.,0.));
#8455 = ( GEOMETRIC_REPRESENTATION_CONTEXT(2) 
PARAMETRIC_REPRESENTATION_CONTEXT() REPRESENTATION_CONTEXT('2D SPACE',''
  ) );
#8456 = PCURVE('',#7541,#8457);
#8457 = DEFINITIONAL_REPRESENTATION('',(#8458),#8462);
#8458 = LINE('',#8459,#8460);
#8459 = CARTESIAN_POINT('',(-0.,4.3));
#8460 = VECTOR('',#8461,1.);
#8461 = DIRECTION('',(-1.,0.));
#8462 = ( GEOMETRIC_REPRESENTATION_CONTEXT(2) 
PARAMETRIC_REPRESENTATION_CONTEXT() REPRESENTATION_CONTEXT('2D SPACE',''
  ) );
#8463 = FACE_BOUND('',#8464,.F.);
#8464 = EDGE_LOOP('',(#8465,#8493,#8516,#8539,#8562,#8588,#8589));
#8465 = ORIENTED_EDGE('',*,*,#8466,.F.);
#8466 = EDGE_CURVE('',#8467,#6962,#8469,.T.);
#8467 = VERTEX_POINT('',#8468);
#8468 = CARTESIAN_POINT('',(-77.2,-91.28804653251,292.38804653251));
#8469 = SURFACE_CURVE('',#8470,(#8475,#8486),.PCURVE_S1.);
#8470 = CIRCLE('',#8471,4.65);
#8471 = AXIS2_PLACEMENT_3D('',#8472,#8473,#8474);
#8472 = CARTESIAN_POINT('',(-77.2,-88.,289.1));
#8473 = DIRECTION('',(-1.,-0.,-0.));
#8474 = DIRECTION('',(-0.,-0.,1.));
#8475 = PCURVE('',#6977,#8476);
#8476 = DEFINITIONAL_REPRESENTATION('',(#8477),#8485);
#8477 = ( BOUNDED_CURVE() B_SPLINE_CURVE(2,(#8478,#8479,#8480,#8481,
#8482,#8483,#8484),.UNSPECIFIED.,.T.,.F.) B_SPLINE_CURVE_WITH_KNOTS((1,2
    ,2,2,2,1),(-2.094395102393,0.,2.094395102393,4.188790204786,
6.28318530718,8.377580409573),.UNSPECIFIED.) CURVE() 
GEOMETRIC_REPRESENTATION_ITEM() RATIONAL_B_SPLINE_CURVE((1.,0.5,1.,0.5,
1.,0.5,1.)) REPRESENTATION_ITEM('') );
#8478 = CARTESIAN_POINT('',(-4.65,0.));
#8479 = CARTESIAN_POINT('',(-4.65,8.054036255195));
#8480 = CARTESIAN_POINT('',(2.325,4.027018127598));
#8481 = CARTESIAN_POINT('',(9.3,1.138921523207E-15));
#8482 = CARTESIAN_POINT('',(2.325,-4.027018127598));
#8483 = CARTESIAN_POINT('',(-4.65,-8.054036255195));
#8484 = CARTESIAN_POINT('',(-4.65,0.));
#8485 = ( GEOMETRIC_REPRESENTATION_CONTEXT(2) 
PARAMETRIC_REPRESENTATION_CONTEXT() REPRESENTATION_CONTEXT('2D SPACE',''
  ) );
#8486 = PCURVE('',#8304,#8487);
#8487 = DEFINITIONAL_REPRESENTATION('',(#8488),#8492);
#8488 = LINE('',#8489,#8490);
#8489 = CARTESIAN_POINT('',(-0.,0.5));
#8490 = VECTOR('',#8491,1.);
#8491 = DIRECTION('',(-1.,0.));
#8492 = ( GEOMETRIC_REPRESENTATION_CONTEXT(2) 
PARAMETRIC_REPRESENTATION_CONTEXT() REPRESENTATION_CONTEXT('2D SPACE',''
  ) );
#8493 = ORIENTED_EDGE('',*,*,#8494,.T.);
#8494 = EDGE_CURVE('',#8467,#8495,#8497,.T.);
#8495 = VERTEX_POINT('',#8496);
#8496 = CARTESIAN_POINT('',(-77.2,-92.85,290.82609306503));
#8497 = SURFACE_CURVE('',#8498,(#8502,#8509),.PCURVE_S1.);
#8498 = LINE('',#8499,#8500);
#8499 = CARTESIAN_POINT('',(-77.2,-92.93206979877,290.74402326625));
#8500 = VECTOR('',#8501,1.);
#8501 = DIRECTION('',(-0.,-0.707106781187,-0.707106781187));
#8502 = PCURVE('',#6977,#8503);
#8503 = DEFINITIONAL_REPRESENTATION('',(#8504),#8508);
#8504 = LINE('',#8505,#8506);
#8505 = CARTESIAN_POINT('',(-1.644023266259,-4.932069798776));
#8506 = VECTOR('',#8507,1.);
#8507 = DIRECTION('',(0.707106781187,-0.707106781187));
#8508 = ( GEOMETRIC_REPRESENTATION_CONTEXT(2) 
PARAMETRIC_REPRESENTATION_CONTEXT() REPRESENTATION_CONTEXT('2D SPACE',''
  ) );
#8509 = PCURVE('',#8386,#8510);
#8510 = DEFINITIONAL_REPRESENTATION('',(#8511),#8515);
#8511 = LINE('',#8512,#8513);
#8512 = CARTESIAN_POINT('',(-2.325,-0.5));
#8513 = VECTOR('',#8514,1.);
#8514 = DIRECTION('',(1.,-0.));
#8515 = ( GEOMETRIC_REPRESENTATION_CONTEXT(2) 
PARAMETRIC_REPRESENTATION_CONTEXT() REPRESENTATION_CONTEXT('2D SPACE',''
  ) );
#8516 = ORIENTED_EDGE('',*,*,#8517,.F.);
#8517 = EDGE_CURVE('',#8518,#8495,#8520,.T.);
#8518 = VERTEX_POINT('',#8519);
#8519 = CARTESIAN_POINT('',(-77.2,-92.85,287.37390693496));
#8520 = SURFACE_CURVE('',#8521,(#8525,#8532),.PCURVE_S1.);
#8521 = LINE('',#8522,#8523);
#8522 = CARTESIAN_POINT('',(-77.2,-92.85,286.275));
#8523 = VECTOR('',#8524,1.);
#8524 = DIRECTION('',(-0.,-0.,1.));
#8525 = PCURVE('',#6977,#8526);
#8526 = DEFINITIONAL_REPRESENTATION('',(#8527),#8531);
#8527 = LINE('',#8528,#8529);
#8528 = CARTESIAN_POINT('',(2.825,-4.85));
#8529 = VECTOR('',#8530,1.);
#8530 = DIRECTION('',(-1.,0.));
#8531 = ( GEOMETRIC_REPRESENTATION_CONTEXT(2) 
PARAMETRIC_REPRESENTATION_CONTEXT() REPRESENTATION_CONTEXT('2D SPACE',''
  ) );
#8532 = PCURVE('',#8360,#8533);
#8533 = DEFINITIONAL_REPRESENTATION('',(#8534),#8538);
#8534 = LINE('',#8535,#8536);
#8535 = CARTESIAN_POINT('',(-2.825,1.5));
#8536 = VECTOR('',#8537,1.);
#8537 = DIRECTION('',(-1.,0.));
#8538 = ( GEOMETRIC_REPRESENTATION_CONTEXT(2) 
PARAMETRIC_REPRESENTATION_CONTEXT() REPRESENTATION_CONTEXT('2D SPACE',''
  ) );
#8539 = ORIENTED_EDGE('',*,*,#8540,.T.);
#8540 = EDGE_CURVE('',#8518,#8541,#8543,.T.);
#8541 = VERTEX_POINT('',#8542);
#8542 = CARTESIAN_POINT('',(-77.2,-91.28804653251,285.81195346748));
#8543 = SURFACE_CURVE('',#8544,(#8548,#8555),.PCURVE_S1.);
#8544 = LINE('',#8545,#8546);
#8545 = CARTESIAN_POINT('',(-77.2,-91.28804653251,285.81195346748));
#8546 = VECTOR('',#8547,1.);
#8547 = DIRECTION('',(0.,0.707106781187,-0.707106781187));
#8548 = PCURVE('',#6977,#8549);
#8549 = DEFINITIONAL_REPRESENTATION('',(#8550),#8554);
#8550 = LINE('',#8551,#8552);
#8551 = CARTESIAN_POINT('',(3.288046532517,-3.288046532517));
#8552 = VECTOR('',#8553,1.);
#8553 = DIRECTION('',(0.707106781187,0.707106781187));
#8554 = ( GEOMETRIC_REPRESENTATION_CONTEXT(2) 
PARAMETRIC_REPRESENTATION_CONTEXT() REPRESENTATION_CONTEXT('2D SPACE',''
  ) );
#8555 = PCURVE('',#8332,#8556);
#8556 = DEFINITIONAL_REPRESENTATION('',(#8557),#8561);
#8557 = LINE('',#8558,#8559);
#8558 = CARTESIAN_POINT('',(1.004859173558E-14,-0.5));
#8559 = VECTOR('',#8560,1.);
#8560 = DIRECTION('',(1.,-0.));
#8561 = ( GEOMETRIC_REPRESENTATION_CONTEXT(2) 
PARAMETRIC_REPRESENTATION_CONTEXT() REPRESENTATION_CONTEXT('2D SPACE',''
  ) );
#8562 = ORIENTED_EDGE('',*,*,#8563,.F.);
#8563 = EDGE_CURVE('',#7017,#8541,#8564,.T.);
#8564 = SURFACE_CURVE('',#8565,(#8570,#8581),.PCURVE_S1.);
#8565 = CIRCLE('',#8566,4.65);
#8566 = AXIS2_PLACEMENT_3D('',#8567,#8568,#8569);
#8567 = CARTESIAN_POINT('',(-77.2,-88.,289.1));
#8568 = DIRECTION('',(-1.,-0.,-0.));
#8569 = DIRECTION('',(-0.,-0.,1.));
#8570 = PCURVE('',#6977,#8571);
#8571 = DEFINITIONAL_REPRESENTATION('',(#8572),#8580);
#8572 = ( BOUNDED_CURVE() B_SPLINE_CURVE(2,(#8573,#8574,#8575,#8576,
#8577,#8578,#8579),.UNSPECIFIED.,.T.,.F.) B_SPLINE_CURVE_WITH_KNOTS((1,2
    ,2,2,2,1),(-2.094395102393,0.,2.094395102393,4.188790204786,
6.28318530718,8.377580409573),.UNSPECIFIED.) CURVE() 
GEOMETRIC_REPRESENTATION_ITEM() RATIONAL_B_SPLINE_CURVE((1.,0.5,1.,0.5,
1.,0.5,1.)) REPRESENTATION_ITEM('') );
#8573 = CARTESIAN_POINT('',(-4.65,0.));
#8574 = CARTESIAN_POINT('',(-4.65,8.054036255195));
#8575 = CARTESIAN_POINT('',(2.325,4.027018127598));
#8576 = CARTESIAN_POINT('',(9.3,1.138921523207E-15));
#8577 = CARTESIAN_POINT('',(2.325,-4.027018127598));
#8578 = CARTESIAN_POINT('',(-4.65,-8.054036255195));
#8579 = CARTESIAN_POINT('',(-4.65,0.));
#8580 = ( GEOMETRIC_REPRESENTATION_CONTEXT(2) 
PARAMETRIC_REPRESENTATION_CONTEXT() REPRESENTATION_CONTEXT('2D SPACE',''
  ) );
#8581 = PCURVE('',#8304,#8582);
#8582 = DEFINITIONAL_REPRESENTATION('',(#8583),#8587);
#8583 = LINE('',#8584,#8585);
#8584 = CARTESIAN_POINT('',(-0.,0.5));
#8585 = VECTOR('',#8586,1.);
#8586 = DIRECTION('',(-1.,0.));
#8587 = ( GEOMETRIC_REPRESENTATION_CONTEXT(2) 
PARAMETRIC_REPRESENTATION_CONTEXT() REPRESENTATION_CONTEXT('2D SPACE',''
  ) );
#8588 = ORIENTED_EDGE('',*,*,#7039,.T.);
#8589 = ORIENTED_EDGE('',*,*,#6961,.T.);
#8590 = ADVANCED_FACE('',(#8591,#8706),#7173,.T.);
#8591 = FACE_BOUND('',#8592,.F.);
#8592 = EDGE_LOOP('',(#8593,#8624,#8652,#8680));
#8593 = ORIENTED_EDGE('',*,*,#8594,.F.);
#8594 = EDGE_CURVE('',#8595,#8597,#8599,.T.);
#8595 = VERTEX_POINT('',#8596);
#8596 = CARTESIAN_POINT('',(-55.3,-78.28804653251,385.81195346748));
#8597 = VERTEX_POINT('',#8598);
#8598 = CARTESIAN_POINT('',(-55.3,-78.28804653251,392.38804653251));
#8599 = SURFACE_CURVE('',#8600,(#8605,#8612),.PCURVE_S1.);
#8600 = CIRCLE('',#8601,4.65);
#8601 = AXIS2_PLACEMENT_3D('',#8602,#8603,#8604);
#8602 = CARTESIAN_POINT('',(-55.3,-75.,389.1));
#8603 = DIRECTION('',(1.,-0.,0.));
#8604 = DIRECTION('',(-0.,-0.707106781187,-0.707106781187));
#8605 = PCURVE('',#7173,#8606);
#8606 = DEFINITIONAL_REPRESENTATION('',(#8607),#8611);
#8607 = CIRCLE('',#8608,4.65);
#8608 = AXIS2_PLACEMENT_2D('',#8609,#8610);
#8609 = CARTESIAN_POINT('',(0.,0.));
#8610 = DIRECTION('',(0.707106781187,-0.707106781187));
#8611 = ( GEOMETRIC_REPRESENTATION_CONTEXT(2) 
PARAMETRIC_REPRESENTATION_CONTEXT() REPRESENTATION_CONTEXT('2D SPACE',''
  ) );
#8612 = PCURVE('',#8613,#8618);
#8613 = CYLINDRICAL_SURFACE('',#8614,4.65);
#8614 = AXIS2_PLACEMENT_3D('',#8615,#8616,#8617);
#8615 = CARTESIAN_POINT('',(-71.2,-75.,389.1));
#8616 = DIRECTION('',(1.,-0.,-0.));
#8617 = DIRECTION('',(-0.,-0.,1.));
#8618 = DEFINITIONAL_REPRESENTATION('',(#8619),#8623);
#8619 = LINE('',#8620,#8621);
#8620 = CARTESIAN_POINT('',(-10.21017612416,15.9));
#8621 = VECTOR('',#8622,1.);
#8622 = DIRECTION('',(1.,-0.));
#8623 = ( GEOMETRIC_REPRESENTATION_CONTEXT(2) 
PARAMETRIC_REPRESENTATION_CONTEXT() REPRESENTATION_CONTEXT('2D SPACE',''
  ) );
#8624 = ORIENTED_EDGE('',*,*,#8625,.T.);
#8625 = EDGE_CURVE('',#8595,#8626,#8628,.T.);
#8626 = VERTEX_POINT('',#8627);
#8627 = CARTESIAN_POINT('',(-55.3,-79.85,387.37390693496));
#8628 = SURFACE_CURVE('',#8629,(#8633,#8640),.PCURVE_S1.);
#8629 = LINE('',#8630,#8631);
#8630 = CARTESIAN_POINT('',(-55.3,-78.28804653251,385.81195346748));
#8631 = VECTOR('',#8632,1.);
#8632 = DIRECTION('',(-0.,-0.707106781187,0.707106781187));
#8633 = PCURVE('',#7173,#8634);
#8634 = DEFINITIONAL_REPRESENTATION('',(#8635),#8639);
#8635 = LINE('',#8636,#8637);
#8636 = CARTESIAN_POINT('',(3.288046532517,-3.288046532517));
#8637 = VECTOR('',#8638,1.);
#8638 = DIRECTION('',(-0.707106781187,-0.707106781187));
#8639 = ( GEOMETRIC_REPRESENTATION_CONTEXT(2) 
PARAMETRIC_REPRESENTATION_CONTEXT() REPRESENTATION_CONTEXT('2D SPACE',''
  ) );
#8640 = PCURVE('',#8641,#8646);
#8641 = PLANE('',#8642);
#8642 = AXIS2_PLACEMENT_3D('',#8643,#8644,#8645);
#8643 = CARTESIAN_POINT('',(-71.2,-78.28804653251,385.81195346748));
#8644 = DIRECTION('',(-0.,0.707106781187,0.707106781187));
#8645 = DIRECTION('',(0.,0.707106781187,-0.707106781187));
#8646 = DEFINITIONAL_REPRESENTATION('',(#8647),#8651);
#8647 = LINE('',#8648,#8649);
#8648 = CARTESIAN_POINT('',(-0.,-15.9));
#8649 = VECTOR('',#8650,1.);
#8650 = DIRECTION('',(-1.,0.));
#8651 = ( GEOMETRIC_REPRESENTATION_CONTEXT(2) 
PARAMETRIC_REPRESENTATION_CONTEXT() REPRESENTATION_CONTEXT('2D SPACE',''
  ) );
#8652 = ORIENTED_EDGE('',*,*,#8653,.T.);
#8653 = EDGE_CURVE('',#8626,#8654,#8656,.T.);
#8654 = VERTEX_POINT('',#8655);
#8655 = CARTESIAN_POINT('',(-55.3,-79.85,390.82609306503));
#8656 = SURFACE_CURVE('',#8657,(#8661,#8668),.PCURVE_S1.);
#8657 = LINE('',#8658,#8659);
#8658 = CARTESIAN_POINT('',(-55.3,-79.85,386.275));
#8659 = VECTOR('',#8660,1.);
#8660 = DIRECTION('',(-0.,-0.,1.));
#8661 = PCURVE('',#7173,#8662);
#8662 = DEFINITIONAL_REPRESENTATION('',(#8663),#8667);
#8663 = LINE('',#8664,#8665);
#8664 = CARTESIAN_POINT('',(2.825,-4.85));
#8665 = VECTOR('',#8666,1.);
#8666 = DIRECTION('',(-1.,0.));
#8667 = ( GEOMETRIC_REPRESENTATION_CONTEXT(2) 
PARAMETRIC_REPRESENTATION_CONTEXT() REPRESENTATION_CONTEXT('2D SPACE',''
  ) );
#8668 = PCURVE('',#8669,#8674);
#8669 = PLANE('',#8670);
#8670 = AXIS2_PLACEMENT_3D('',#8671,#8672,#8673);
#8671 = CARTESIAN_POINT('',(-72.2,-79.85,383.45));
#8672 = DIRECTION('',(-0.,-1.,-0.));
#8673 = DIRECTION('',(0.,0.,-1.));
#8674 = DEFINITIONAL_REPRESENTATION('',(#8675),#8679);
#8675 = LINE('',#8676,#8677);
#8676 = CARTESIAN_POINT('',(-2.825,16.9));
#8677 = VECTOR('',#8678,1.);
#8678 = DIRECTION('',(-1.,0.));
#8679 = ( GEOMETRIC_REPRESENTATION_CONTEXT(2) 
PARAMETRIC_REPRESENTATION_CONTEXT() REPRESENTATION_CONTEXT('2D SPACE',''
  ) );
#8680 = ORIENTED_EDGE('',*,*,#8681,.T.);
#8681 = EDGE_CURVE('',#8654,#8597,#8682,.T.);
#8682 = SURFACE_CURVE('',#8683,(#8687,#8694),.PCURVE_S1.);
#8683 = LINE('',#8684,#8685);
#8684 = CARTESIAN_POINT('',(-55.3,-81.57609306503,389.1));
#8685 = VECTOR('',#8686,1.);
#8686 = DIRECTION('',(-0.,0.707106781187,0.707106781187));
#8687 = PCURVE('',#7173,#8688);
#8688 = DEFINITIONAL_REPRESENTATION('',(#8689),#8693);
#8689 = LINE('',#8690,#8691);
#8690 = CARTESIAN_POINT('',(-0.,-6.576093065035));
#8691 = VECTOR('',#8692,1.);
#8692 = DIRECTION('',(-0.707106781187,0.707106781187));
#8693 = ( GEOMETRIC_REPRESENTATION_CONTEXT(2) 
PARAMETRIC_REPRESENTATION_CONTEXT() REPRESENTATION_CONTEXT('2D SPACE',''
  ) );
#8694 = PCURVE('',#8695,#8700);
#8695 = PLANE('',#8696);
#8696 = AXIS2_PLACEMENT_3D('',#8697,#8698,#8699);
#8697 = CARTESIAN_POINT('',(-71.2,-81.57609306503,389.1));
#8698 = DIRECTION('',(0.,0.707106781187,-0.707106781187));
#8699 = DIRECTION('',(0.,-0.707106781187,-0.707106781187));
#8700 = DEFINITIONAL_REPRESENTATION('',(#8701),#8705);
#8701 = LINE('',#8702,#8703);
#8702 = CARTESIAN_POINT('',(-0.,-15.9));
#8703 = VECTOR('',#8704,1.);
#8704 = DIRECTION('',(-1.,0.));
#8705 = ( GEOMETRIC_REPRESENTATION_CONTEXT(2) 
PARAMETRIC_REPRESENTATION_CONTEXT() REPRESENTATION_CONTEXT('2D SPACE',''
  ) );
#8706 = FACE_BOUND('',#8707,.F.);
#8707 = EDGE_LOOP('',(#8708));
#8708 = ORIENTED_EDGE('',*,*,#7158,.F.);
#8709 = ADVANCED_FACE('',(#8710),#7206,.F.);
#8710 = FACE_BOUND('',#8711,.T.);
#8711 = EDGE_LOOP('',(#8712,#8713,#8714,#8740));
#8712 = ORIENTED_EDGE('',*,*,#7191,.F.);
#8713 = ORIENTED_EDGE('',*,*,#7327,.F.);
#8714 = ORIENTED_EDGE('',*,*,#8715,.T.);
#8715 = EDGE_CURVE('',#7305,#7228,#8716,.T.);
#8716 = SURFACE_CURVE('',#8717,(#8722,#8733),.PCURVE_S1.);
#8717 = CIRCLE('',#8718,4.65);
#8718 = AXIS2_PLACEMENT_3D('',#8719,#8720,#8721);
#8719 = CARTESIAN_POINT('',(-70.7,-75.,389.1));
#8720 = DIRECTION('',(-1.,-0.,-0.));
#8721 = DIRECTION('',(-0.,-0.,1.));
#8722 = PCURVE('',#7206,#8723);
#8723 = DEFINITIONAL_REPRESENTATION('',(#8724),#8732);
#8724 = ( BOUNDED_CURVE() B_SPLINE_CURVE(2,(#8725,#8726,#8727,#8728,
#8729,#8730,#8731),.UNSPECIFIED.,.T.,.F.) B_SPLINE_CURVE_WITH_KNOTS((1,2
    ,2,2,2,1),(-2.094395102393,0.,2.094395102393,4.188790204786,
6.28318530718,8.377580409573),.UNSPECIFIED.) CURVE() 
GEOMETRIC_REPRESENTATION_ITEM() RATIONAL_B_SPLINE_CURVE((1.,0.5,1.,0.5,
1.,0.5,1.)) REPRESENTATION_ITEM('') );
#8725 = CARTESIAN_POINT('',(-4.65,0.));
#8726 = CARTESIAN_POINT('',(-4.65,8.054036255195));
#8727 = CARTESIAN_POINT('',(2.325,4.027018127598));
#8728 = CARTESIAN_POINT('',(9.3,1.138921523207E-15));
#8729 = CARTESIAN_POINT('',(2.325,-4.027018127598));
#8730 = CARTESIAN_POINT('',(-4.65,-8.054036255195));
#8731 = CARTESIAN_POINT('',(-4.65,0.));
#8732 = ( GEOMETRIC_REPRESENTATION_CONTEXT(2) 
PARAMETRIC_REPRESENTATION_CONTEXT() REPRESENTATION_CONTEXT('2D SPACE',''
  ) );
#8733 = PCURVE('',#8613,#8734);
#8734 = DEFINITIONAL_REPRESENTATION('',(#8735),#8739);
#8735 = LINE('',#8736,#8737);
#8736 = CARTESIAN_POINT('',(-0.,0.5));
#8737 = VECTOR('',#8738,1.);
#8738 = DIRECTION('',(-1.,0.));
#8739 = ( GEOMETRIC_REPRESENTATION_CONTEXT(2) 
PARAMETRIC_REPRESENTATION_CONTEXT() REPRESENTATION_CONTEXT('2D SPACE',''
  ) );
#8740 = ORIENTED_EDGE('',*,*,#7227,.F.);
#8741 = ADVANCED_FACE('',(#8742,#8814),#7266,.T.);
#8742 = FACE_BOUND('',#8743,.F.);
#8743 = EDGE_LOOP('',(#8744,#8770,#8793));
#8744 = ORIENTED_EDGE('',*,*,#8745,.F.);
#8745 = EDGE_CURVE('',#8746,#8748,#8750,.T.);
#8746 = VERTEX_POINT('',#8747);
#8747 = CARTESIAN_POINT('',(-70.7,-79.9497474683,384.15025253169));
#8748 = VERTEX_POINT('',#8749);
#8749 = CARTESIAN_POINT('',(-70.7,-79.9497474683,394.0497474683));
#8750 = SURFACE_CURVE('',#8751,(#8756,#8763),.PCURVE_S1.);
#8751 = CIRCLE('',#8752,7.);
#8752 = AXIS2_PLACEMENT_3D('',#8753,#8754,#8755);
#8753 = CARTESIAN_POINT('',(-70.7,-75.,389.1));
#8754 = DIRECTION('',(1.,-0.,0.));
#8755 = DIRECTION('',(-0.,-0.707106781187,-0.707106781187));
#8756 = PCURVE('',#7266,#8757);
#8757 = DEFINITIONAL_REPRESENTATION('',(#8758),#8762);
#8758 = CIRCLE('',#8759,7.);
#8759 = AXIS2_PLACEMENT_2D('',#8760,#8761);
#8760 = CARTESIAN_POINT('',(0.,0.));
#8761 = DIRECTION('',(0.707106781187,-0.707106781187));
#8762 = ( GEOMETRIC_REPRESENTATION_CONTEXT(2) 
PARAMETRIC_REPRESENTATION_CONTEXT() REPRESENTATION_CONTEXT('2D SPACE',''
  ) );
#8763 = PCURVE('',#7578,#8764);
#8764 = DEFINITIONAL_REPRESENTATION('',(#8765),#8769);
#8765 = LINE('',#8766,#8767);
#8766 = CARTESIAN_POINT('',(-10.21017612416,10.8));
#8767 = VECTOR('',#8768,1.);
#8768 = DIRECTION('',(1.,-0.));
#8769 = ( GEOMETRIC_REPRESENTATION_CONTEXT(2) 
PARAMETRIC_REPRESENTATION_CONTEXT() REPRESENTATION_CONTEXT('2D SPACE',''
  ) );
#8770 = ORIENTED_EDGE('',*,*,#8771,.T.);
#8771 = EDGE_CURVE('',#8746,#8772,#8774,.T.);
#8772 = VERTEX_POINT('',#8773);
#8773 = CARTESIAN_POINT('',(-70.7,-84.89949493661,389.1));
#8774 = SURFACE_CURVE('',#8775,(#8779,#8786),.PCURVE_S1.);
#8775 = LINE('',#8776,#8777);
#8776 = CARTESIAN_POINT('',(-70.7,-79.9497474683,384.15025253169));
#8777 = VECTOR('',#8778,1.);
#8778 = DIRECTION('',(-0.,-0.707106781187,0.707106781187));
#8779 = PCURVE('',#7266,#8780);
#8780 = DEFINITIONAL_REPRESENTATION('',(#8781),#8785);
#8781 = LINE('',#8782,#8783);
#8782 = CARTESIAN_POINT('',(4.949747468306,-4.949747468306));
#8783 = VECTOR('',#8784,1.);
#8784 = DIRECTION('',(-0.707106781187,-0.707106781187));
#8785 = ( GEOMETRIC_REPRESENTATION_CONTEXT(2) 
PARAMETRIC_REPRESENTATION_CONTEXT() REPRESENTATION_CONTEXT('2D SPACE',''
  ) );
#8786 = PCURVE('',#7632,#8787);
#8787 = DEFINITIONAL_REPRESENTATION('',(#8788),#8792);
#8788 = LINE('',#8789,#8790);
#8789 = CARTESIAN_POINT('',(-0.,-10.8));
#8790 = VECTOR('',#8791,1.);
#8791 = DIRECTION('',(-1.,0.));
#8792 = ( GEOMETRIC_REPRESENTATION_CONTEXT(2) 
PARAMETRIC_REPRESENTATION_CONTEXT() REPRESENTATION_CONTEXT('2D SPACE',''
  ) );
#8793 = ORIENTED_EDGE('',*,*,#8794,.T.);
#8794 = EDGE_CURVE('',#8772,#8748,#8795,.T.);
#8795 = SURFACE_CURVE('',#8796,(#8800,#8807),.PCURVE_S1.);
#8796 = LINE('',#8797,#8798);
#8797 = CARTESIAN_POINT('',(-70.7,-84.89949493661,389.1));
#8798 = VECTOR('',#8799,1.);
#8799 = DIRECTION('',(-0.,0.707106781187,0.707106781187));
#8800 = PCURVE('',#7266,#8801);
#8801 = DEFINITIONAL_REPRESENTATION('',(#8802),#8806);
#8802 = LINE('',#8803,#8804);
#8803 = CARTESIAN_POINT('',(-0.,-9.899494936612));
#8804 = VECTOR('',#8805,1.);
#8805 = DIRECTION('',(-0.707106781187,0.707106781187));
#8806 = ( GEOMETRIC_REPRESENTATION_CONTEXT(2) 
PARAMETRIC_REPRESENTATION_CONTEXT() REPRESENTATION_CONTEXT('2D SPACE',''
  ) );
#8807 = PCURVE('',#7606,#8808);
#8808 = DEFINITIONAL_REPRESENTATION('',(#8809),#8813);
#8809 = LINE('',#8810,#8811);
#8810 = CARTESIAN_POINT('',(-0.,-10.8));
#8811 = VECTOR('',#8812,1.);
#8812 = DIRECTION('',(-1.,0.));
#8813 = ( GEOMETRIC_REPRESENTATION_CONTEXT(2) 
PARAMETRIC_REPRESENTATION_CONTEXT() REPRESENTATION_CONTEXT('2D SPACE',''
  ) );
#8814 = FACE_BOUND('',#8815,.F.);
#8815 = EDGE_LOOP('',(#8816,#8844,#8867,#8890,#8913,#8939,#8940));
#8816 = ORIENTED_EDGE('',*,*,#8817,.F.);
#8817 = EDGE_CURVE('',#8818,#7305,#8820,.T.);
#8818 = VERTEX_POINT('',#8819);
#8819 = CARTESIAN_POINT('',(-70.7,-78.28804653251,392.38804653251));
#8820 = SURFACE_CURVE('',#8821,(#8826,#8837),.PCURVE_S1.);
#8821 = CIRCLE('',#8822,4.65);
#8822 = AXIS2_PLACEMENT_3D('',#8823,#8824,#8825);
#8823 = CARTESIAN_POINT('',(-70.7,-75.,389.1));
#8824 = DIRECTION('',(-1.,-0.,-0.));
#8825 = DIRECTION('',(-0.,-0.,1.));
#8826 = PCURVE('',#7266,#8827);
#8827 = DEFINITIONAL_REPRESENTATION('',(#8828),#8836);
#8828 = ( BOUNDED_CURVE() B_SPLINE_CURVE(2,(#8829,#8830,#8831,#8832,
#8833,#8834,#8835),.UNSPECIFIED.,.T.,.F.) B_SPLINE_CURVE_WITH_KNOTS((1,2
    ,2,2,2,1),(-2.094395102393,0.,2.094395102393,4.188790204786,
6.28318530718,8.377580409573),.UNSPECIFIED.) CURVE() 
GEOMETRIC_REPRESENTATION_ITEM() RATIONAL_B_SPLINE_CURVE((1.,0.5,1.,0.5,
1.,0.5,1.)) REPRESENTATION_ITEM('') );
#8829 = CARTESIAN_POINT('',(-4.65,0.));
#8830 = CARTESIAN_POINT('',(-4.65,8.054036255195));
#8831 = CARTESIAN_POINT('',(2.325,4.027018127598));
#8832 = CARTESIAN_POINT('',(9.3,1.138921523207E-15));
#8833 = CARTESIAN_POINT('',(2.325,-4.027018127598));
#8834 = CARTESIAN_POINT('',(-4.65,-8.054036255195));
#8835 = CARTESIAN_POINT('',(-4.65,0.));
#8836 = ( GEOMETRIC_REPRESENTATION_CONTEXT(2) 
PARAMETRIC_REPRESENTATION_CONTEXT() REPRESENTATION_CONTEXT('2D SPACE',''
  ) );
#8837 = PCURVE('',#8613,#8838);
#8838 = DEFINITIONAL_REPRESENTATION('',(#8839),#8843);
#8839 = LINE('',#8840,#8841);
#8840 = CARTESIAN_POINT('',(-0.,0.5));
#8841 = VECTOR('',#8842,1.);
#8842 = DIRECTION('',(-1.,0.));
#8843 = ( GEOMETRIC_REPRESENTATION_CONTEXT(2) 
PARAMETRIC_REPRESENTATION_CONTEXT() REPRESENTATION_CONTEXT('2D SPACE',''
  ) );
#8844 = ORIENTED_EDGE('',*,*,#8845,.T.);
#8845 = EDGE_CURVE('',#8818,#8846,#8848,.T.);
#8846 = VERTEX_POINT('',#8847);
#8847 = CARTESIAN_POINT('',(-70.7,-79.85,390.82609306503));
#8848 = SURFACE_CURVE('',#8849,(#8853,#8860),.PCURVE_S1.);
#8849 = LINE('',#8850,#8851);
#8850 = CARTESIAN_POINT('',(-70.7,-79.93206979877,390.74402326625));
#8851 = VECTOR('',#8852,1.);
#8852 = DIRECTION('',(-0.,-0.707106781187,-0.707106781187));
#8853 = PCURVE('',#7266,#8854);
#8854 = DEFINITIONAL_REPRESENTATION('',(#8855),#8859);
#8855 = LINE('',#8856,#8857);
#8856 = CARTESIAN_POINT('',(-1.644023266259,-4.932069798776));
#8857 = VECTOR('',#8858,1.);
#8858 = DIRECTION('',(0.707106781187,-0.707106781187));
#8859 = ( GEOMETRIC_REPRESENTATION_CONTEXT(2) 
PARAMETRIC_REPRESENTATION_CONTEXT() REPRESENTATION_CONTEXT('2D SPACE',''
  ) );
#8860 = PCURVE('',#8695,#8861);
#8861 = DEFINITIONAL_REPRESENTATION('',(#8862),#8866);
#8862 = LINE('',#8863,#8864);
#8863 = CARTESIAN_POINT('',(-2.325,-0.5));
#8864 = VECTOR('',#8865,1.);
#8865 = DIRECTION('',(1.,-0.));
#8866 = ( GEOMETRIC_REPRESENTATION_CONTEXT(2) 
PARAMETRIC_REPRESENTATION_CONTEXT() REPRESENTATION_CONTEXT('2D SPACE',''
  ) );
#8867 = ORIENTED_EDGE('',*,*,#8868,.F.);
#8868 = EDGE_CURVE('',#8869,#8846,#8871,.T.);
#8869 = VERTEX_POINT('',#8870);
#8870 = CARTESIAN_POINT('',(-70.7,-79.85,387.37390693496));
#8871 = SURFACE_CURVE('',#8872,(#8876,#8883),.PCURVE_S1.);
#8872 = LINE('',#8873,#8874);
#8873 = CARTESIAN_POINT('',(-70.7,-79.85,386.275));
#8874 = VECTOR('',#8875,1.);
#8875 = DIRECTION('',(-0.,-0.,1.));
#8876 = PCURVE('',#7266,#8877);
#8877 = DEFINITIONAL_REPRESENTATION('',(#8878),#8882);
#8878 = LINE('',#8879,#8880);
#8879 = CARTESIAN_POINT('',(2.825,-4.85));
#8880 = VECTOR('',#8881,1.);
#8881 = DIRECTION('',(-1.,0.));
#8882 = ( GEOMETRIC_REPRESENTATION_CONTEXT(2) 
PARAMETRIC_REPRESENTATION_CONTEXT() REPRESENTATION_CONTEXT('2D SPACE',''
  ) );
#8883 = PCURVE('',#8669,#8884);
#8884 = DEFINITIONAL_REPRESENTATION('',(#8885),#8889);
#8885 = LINE('',#8886,#8887);
#8886 = CARTESIAN_POINT('',(-2.825,1.5));
#8887 = VECTOR('',#8888,1.);
#8888 = DIRECTION('',(-1.,0.));
#8889 = ( GEOMETRIC_REPRESENTATION_CONTEXT(2) 
PARAMETRIC_REPRESENTATION_CONTEXT() REPRESENTATION_CONTEXT('2D SPACE',''
  ) );
#8890 = ORIENTED_EDGE('',*,*,#8891,.T.);
#8891 = EDGE_CURVE('',#8869,#8892,#8894,.T.);
#8892 = VERTEX_POINT('',#8893);
#8893 = CARTESIAN_POINT('',(-70.7,-78.28804653251,385.81195346748));
#8894 = SURFACE_CURVE('',#8895,(#8899,#8906),.PCURVE_S1.);
#8895 = LINE('',#8896,#8897);
#8896 = CARTESIAN_POINT('',(-70.7,-78.28804653251,385.81195346748));
#8897 = VECTOR('',#8898,1.);
#8898 = DIRECTION('',(0.,0.707106781187,-0.707106781187));
#8899 = PCURVE('',#7266,#8900);
#8900 = DEFINITIONAL_REPRESENTATION('',(#8901),#8905);
#8901 = LINE('',#8902,#8903);
#8902 = CARTESIAN_POINT('',(3.288046532517,-3.288046532517));
#8903 = VECTOR('',#8904,1.);
#8904 = DIRECTION('',(0.707106781187,0.707106781187));
#8905 = ( GEOMETRIC_REPRESENTATION_CONTEXT(2) 
PARAMETRIC_REPRESENTATION_CONTEXT() REPRESENTATION_CONTEXT('2D SPACE',''
  ) );
#8906 = PCURVE('',#8641,#8907);
#8907 = DEFINITIONAL_REPRESENTATION('',(#8908),#8912);
#8908 = LINE('',#8909,#8910);
#8909 = CARTESIAN_POINT('',(-1.004859173558E-14,-0.5));
#8910 = VECTOR('',#8911,1.);
#8911 = DIRECTION('',(1.,-0.));
#8912 = ( GEOMETRIC_REPRESENTATION_CONTEXT(2) 
PARAMETRIC_REPRESENTATION_CONTEXT() REPRESENTATION_CONTEXT('2D SPACE',''
  ) );
#8913 = ORIENTED_EDGE('',*,*,#8914,.F.);
#8914 = EDGE_CURVE('',#7228,#8892,#8915,.T.);
#8915 = SURFACE_CURVE('',#8916,(#8921,#8932),.PCURVE_S1.);
#8916 = CIRCLE('',#8917,4.65);
#8917 = AXIS2_PLACEMENT_3D('',#8918,#8919,#8920);
#8918 = CARTESIAN_POINT('',(-70.7,-75.,389.1));
#8919 = DIRECTION('',(-1.,-0.,-0.));
#8920 = DIRECTION('',(-0.,-0.,1.));
#8921 = PCURVE('',#7266,#8922);
#8922 = DEFINITIONAL_REPRESENTATION('',(#8923),#8931);
#8923 = ( BOUNDED_CURVE() B_SPLINE_CURVE(2,(#8924,#8925,#8926,#8927,
#8928,#8929,#8930),.UNSPECIFIED.,.T.,.F.) B_SPLINE_CURVE_WITH_KNOTS((1,2
    ,2,2,2,1),(-2.094395102393,0.,2.094395102393,4.188790204786,
6.28318530718,8.377580409573),.UNSPECIFIED.) CURVE() 
GEOMETRIC_REPRESENTATION_ITEM() RATIONAL_B_SPLINE_CURVE((1.,0.5,1.,0.5,
1.,0.5,1.)) REPRESENTATION_ITEM('') );
#8924 = CARTESIAN_POINT('',(-4.65,0.));
#8925 = CARTESIAN_POINT('',(-4.65,8.054036255195));
#8926 = CARTESIAN_POINT('',(2.325,4.027018127598));
#8927 = CARTESIAN_POINT('',(9.3,1.138921523207E-15));
#8928 = CARTESIAN_POINT('',(2.325,-4.027018127598));
#8929 = CARTESIAN_POINT('',(-4.65,-8.054036255195));
#8930 = CARTESIAN_POINT('',(-4.65,0.));
#8931 = ( GEOMETRIC_REPRESENTATION_CONTEXT(2) 
PARAMETRIC_REPRESENTATION_CONTEXT() REPRESENTATION_CONTEXT('2D SPACE',''
  ) );
#8932 = PCURVE('',#8613,#8933);
#8933 = DEFINITIONAL_REPRESENTATION('',(#8934),#8938);
#8934 = LINE('',#8935,#8936);
#8935 = CARTESIAN_POINT('',(-0.,0.5));
#8936 = VECTOR('',#8937,1.);
#8937 = DIRECTION('',(-1.,0.));
#8938 = ( GEOMETRIC_REPRESENTATION_CONTEXT(2) 
PARAMETRIC_REPRESENTATION_CONTEXT() REPRESENTATION_CONTEXT('2D SPACE',''
  ) );
#8939 = ORIENTED_EDGE('',*,*,#7250,.T.);
#8940 = ORIENTED_EDGE('',*,*,#7304,.T.);
#8941 = ADVANCED_FACE('',(#8942),#7541,.T.);
#8942 = FACE_BOUND('',#8943,.F.);
#8943 = EDGE_LOOP('',(#8944,#8965,#8966,#8967));
#8944 = ORIENTED_EDGE('',*,*,#8945,.T.);
#8945 = EDGE_CURVE('',#7521,#8437,#8946,.T.);
#8946 = SEAM_CURVE('',#8947,(#8951,#8958),.PCURVE_S1.);
#8947 = LINE('',#8948,#8949);
#8948 = CARTESIAN_POINT('',(-81.5,-88.,295.1));
#8949 = VECTOR('',#8950,1.);
#8950 = DIRECTION('',(1.,-0.,-0.));
#8951 = PCURVE('',#7541,#8952);
#8952 = DEFINITIONAL_REPRESENTATION('',(#8953),#8957);
#8953 = LINE('',#8954,#8955);
#8954 = CARTESIAN_POINT('',(-6.28318530718,-0.));
#8955 = VECTOR('',#8956,1.);
#8956 = DIRECTION('',(-0.,1.));
#8957 = ( GEOMETRIC_REPRESENTATION_CONTEXT(2) 
PARAMETRIC_REPRESENTATION_CONTEXT() REPRESENTATION_CONTEXT('2D SPACE',''
  ) );
#8958 = PCURVE('',#7541,#8959);
#8959 = DEFINITIONAL_REPRESENTATION('',(#8960),#8964);
#8960 = LINE('',#8961,#8962);
#8961 = CARTESIAN_POINT('',(-0.,-0.));
#8962 = VECTOR('',#8963,1.);
#8963 = DIRECTION('',(-0.,1.));
#8964 = ( GEOMETRIC_REPRESENTATION_CONTEXT(2) 
PARAMETRIC_REPRESENTATION_CONTEXT() REPRESENTATION_CONTEXT('2D SPACE',''
  ) );
#8965 = ORIENTED_EDGE('',*,*,#8436,.F.);
#8966 = ORIENTED_EDGE('',*,*,#8945,.F.);
#8967 = ORIENTED_EDGE('',*,*,#7520,.T.);
#8968 = ADVANCED_FACE('',(#8969),#7578,.T.);
#8969 = FACE_BOUND('',#8970,.F.);
#8970 = EDGE_LOOP('',(#8971,#8992,#8993,#9014));
#8971 = ORIENTED_EDGE('',*,*,#8972,.F.);
#8972 = EDGE_CURVE('',#7556,#8748,#8973,.T.);
#8973 = SURFACE_CURVE('',#8974,(#8978,#8985),.PCURVE_S1.);
#8974 = LINE('',#8975,#8976);
#8975 = CARTESIAN_POINT('',(-81.5,-79.9497474683,394.0497474683));
#8976 = VECTOR('',#8977,1.);
#8977 = DIRECTION('',(1.,-0.,-0.));
#8978 = PCURVE('',#7578,#8979);
#8979 = DEFINITIONAL_REPRESENTATION('',(#8980),#8984);
#8980 = LINE('',#8981,#8982);
#8981 = CARTESIAN_POINT('',(-5.497787143782,0.));
#8982 = VECTOR('',#8983,1.);
#8983 = DIRECTION('',(-0.,1.));
#8984 = ( GEOMETRIC_REPRESENTATION_CONTEXT(2) 
PARAMETRIC_REPRESENTATION_CONTEXT() REPRESENTATION_CONTEXT('2D SPACE',''
  ) );
#8985 = PCURVE('',#7606,#8986);
#8986 = DEFINITIONAL_REPRESENTATION('',(#8987),#8991);
#8987 = LINE('',#8988,#8989);
#8988 = CARTESIAN_POINT('',(-7.,0.));
#8989 = VECTOR('',#8990,1.);
#8990 = DIRECTION('',(-0.,-1.));
#8991 = ( GEOMETRIC_REPRESENTATION_CONTEXT(2) 
PARAMETRIC_REPRESENTATION_CONTEXT() REPRESENTATION_CONTEXT('2D SPACE',''
  ) );
#8992 = ORIENTED_EDGE('',*,*,#7555,.T.);
#8993 = ORIENTED_EDGE('',*,*,#8994,.T.);
#8994 = EDGE_CURVE('',#7558,#8746,#8995,.T.);
#8995 = SURFACE_CURVE('',#8996,(#9000,#9007),.PCURVE_S1.);
#8996 = LINE('',#8997,#8998);
#8997 = CARTESIAN_POINT('',(-81.5,-79.9497474683,384.15025253169));
#8998 = VECTOR('',#8999,1.);
#8999 = DIRECTION('',(1.,-0.,-0.));
#9000 = PCURVE('',#7578,#9001);
#9001 = DEFINITIONAL_REPRESENTATION('',(#9002),#9006);
#9002 = LINE('',#9003,#9004);
#9003 = CARTESIAN_POINT('',(-10.21017612416,0.));
#9004 = VECTOR('',#9005,1.);
#9005 = DIRECTION('',(-0.,1.));
#9006 = ( GEOMETRIC_REPRESENTATION_CONTEXT(2) 
PARAMETRIC_REPRESENTATION_CONTEXT() REPRESENTATION_CONTEXT('2D SPACE',''
  ) );
#9007 = PCURVE('',#7632,#9008);
#9008 = DEFINITIONAL_REPRESENTATION('',(#9009),#9013);
#9009 = LINE('',#9010,#9011);
#9010 = CARTESIAN_POINT('',(-0.,-0.));
#9011 = VECTOR('',#9012,1.);
#9012 = DIRECTION('',(-0.,-1.));
#9013 = ( GEOMETRIC_REPRESENTATION_CONTEXT(2) 
PARAMETRIC_REPRESENTATION_CONTEXT() REPRESENTATION_CONTEXT('2D SPACE',''
  ) );
#9014 = ORIENTED_EDGE('',*,*,#8745,.T.);
#9015 = ADVANCED_FACE('',(#9016),#7606,.F.);
#9016 = FACE_BOUND('',#9017,.T.);
#9017 = EDGE_LOOP('',(#9018,#9019,#9040,#9041));
#9018 = ORIENTED_EDGE('',*,*,#7590,.T.);
#9019 = ORIENTED_EDGE('',*,*,#9020,.T.);
#9020 = EDGE_CURVE('',#7591,#8772,#9021,.T.);
#9021 = SURFACE_CURVE('',#9022,(#9026,#9033),.PCURVE_S1.);
#9022 = LINE('',#9023,#9024);
#9023 = CARTESIAN_POINT('',(-81.5,-84.89949493661,389.1));
#9024 = VECTOR('',#9025,1.);
#9025 = DIRECTION('',(1.,-0.,-0.));
#9026 = PCURVE('',#7606,#9027);
#9027 = DEFINITIONAL_REPRESENTATION('',(#9028),#9032);
#9028 = LINE('',#9029,#9030);
#9029 = CARTESIAN_POINT('',(-0.,0.));
#9030 = VECTOR('',#9031,1.);
#9031 = DIRECTION('',(-0.,-1.));
#9032 = ( GEOMETRIC_REPRESENTATION_CONTEXT(2) 
PARAMETRIC_REPRESENTATION_CONTEXT() REPRESENTATION_CONTEXT('2D SPACE',''
  ) );
#9033 = PCURVE('',#7632,#9034);
#9034 = DEFINITIONAL_REPRESENTATION('',(#9035),#9039);
#9035 = LINE('',#9036,#9037);
#9036 = CARTESIAN_POINT('',(-7.,0.));
#9037 = VECTOR('',#9038,1.);
#9038 = DIRECTION('',(-0.,-1.));
#9039 = ( GEOMETRIC_REPRESENTATION_CONTEXT(2) 
PARAMETRIC_REPRESENTATION_CONTEXT() REPRESENTATION_CONTEXT('2D SPACE',''
  ) );
#9040 = ORIENTED_EDGE('',*,*,#8794,.T.);
#9041 = ORIENTED_EDGE('',*,*,#8972,.F.);
#9042 = ADVANCED_FACE('',(#9043),#7632,.F.);
#9043 = FACE_BOUND('',#9044,.T.);
#9044 = EDGE_LOOP('',(#9045,#9046,#9047,#9048));
#9045 = ORIENTED_EDGE('',*,*,#7618,.T.);
#9046 = ORIENTED_EDGE('',*,*,#8994,.T.);
#9047 = ORIENTED_EDGE('',*,*,#8771,.T.);
#9048 = ORIENTED_EDGE('',*,*,#9020,.F.);
#9049 = ADVANCED_FACE('',(#9050,#9053),#8120,.T.);
#9050 = FACE_BOUND('',#9051,.F.);
#9051 = EDGE_LOOP('',(#9052));
#9052 = ORIENTED_EDGE('',*,*,#8105,.T.);
#9053 = FACE_BOUND('',#9054,.F.);
#9054 = EDGE_LOOP('',(#9055));
#9055 = ORIENTED_EDGE('',*,*,#9056,.F.);
#9056 = EDGE_CURVE('',#9057,#9057,#9059,.T.);
#9057 = VERTEX_POINT('',#9058);
#9058 = CARTESIAN_POINT('',(104.,-124.5,352.2));
#9059 = SURFACE_CURVE('',#9060,(#9065,#9076),.PCURVE_S1.);
#9060 = CIRCLE('',#9061,2.2);
#9061 = AXIS2_PLACEMENT_3D('',#9062,#9063,#9064);
#9062 = CARTESIAN_POINT('',(104.,-124.5,350.));
#9063 = DIRECTION('',(0.,1.,0.));
#9064 = DIRECTION('',(-0.,-0.,1.));
#9065 = PCURVE('',#8120,#9066);
#9066 = DEFINITIONAL_REPRESENTATION('',(#9067),#9075);
#9067 = ( BOUNDED_CURVE() B_SPLINE_CURVE(2,(#9068,#9069,#9070,#9071,
#9072,#9073,#9074),.UNSPECIFIED.,.T.,.F.) B_SPLINE_CURVE_WITH_KNOTS((1,2
    ,2,2,2,1),(-2.094395102393,0.,2.094395102393,4.188790204786,
6.28318530718,8.377580409573),.UNSPECIFIED.) CURVE() 
GEOMETRIC_REPRESENTATION_ITEM() RATIONAL_B_SPLINE_CURVE((1.,0.5,1.,0.5,
1.,0.5,1.)) REPRESENTATION_ITEM('') );
#9068 = CARTESIAN_POINT('',(-2.2,0.));
#9069 = CARTESIAN_POINT('',(-2.2,3.810511776652));
#9070 = CARTESIAN_POINT('',(1.1,1.905255888326));
#9071 = CARTESIAN_POINT('',(4.4,5.388445916248E-16));
#9072 = CARTESIAN_POINT('',(1.1,-1.905255888326));
#9073 = CARTESIAN_POINT('',(-2.2,-3.810511776652));
#9074 = CARTESIAN_POINT('',(-2.2,0.));
#9075 = ( GEOMETRIC_REPRESENTATION_CONTEXT(2) 
PARAMETRIC_REPRESENTATION_CONTEXT() REPRESENTATION_CONTEXT('2D SPACE',''
  ) );
#9076 = PCURVE('',#8235,#9077);
#9077 = DEFINITIONAL_REPRESENTATION('',(#9078),#9082);
#9078 = LINE('',#9079,#9080);
#9079 = CARTESIAN_POINT('',(-0.,20.5));
#9080 = VECTOR('',#9081,1.);
#9081 = DIRECTION('',(-1.,0.));
#9082 = ( GEOMETRIC_REPRESENTATION_CONTEXT(2) 
PARAMETRIC_REPRESENTATION_CONTEXT() REPRESENTATION_CONTEXT('2D SPACE',''
  ) );
#9083 = ADVANCED_FACE('',(#9084,#9087),#8179,.T.);
#9084 = FACE_BOUND('',#9085,.F.);
#9085 = EDGE_LOOP('',(#9086));
#9086 = ORIENTED_EDGE('',*,*,#8164,.T.);
#9087 = FACE_BOUND('',#9088,.F.);
#9088 = EDGE_LOOP('',(#9089));
#9089 = ORIENTED_EDGE('',*,*,#9090,.F.);
#9090 = EDGE_CURVE('',#9091,#9091,#9093,.T.);
#9091 = VERTEX_POINT('',#9092);
#9092 = CARTESIAN_POINT('',(115.,-124.5,352.2));
#9093 = SURFACE_CURVE('',#9094,(#9099,#9110),.PCURVE_S1.);
#9094 = CIRCLE('',#9095,2.2);
#9095 = AXIS2_PLACEMENT_3D('',#9096,#9097,#9098);
#9096 = CARTESIAN_POINT('',(115.,-124.5,350.));
#9097 = DIRECTION('',(0.,1.,0.));
#9098 = DIRECTION('',(-0.,-0.,1.));
#9099 = PCURVE('',#8179,#9100);
#9100 = DEFINITIONAL_REPRESENTATION('',(#9101),#9109);
#9101 = ( BOUNDED_CURVE() B_SPLINE_CURVE(2,(#9102,#9103,#9104,#9105,
#9106,#9107,#9108),.UNSPECIFIED.,.T.,.F.) B_SPLINE_CURVE_WITH_KNOTS((1,2
    ,2,2,2,1),(-2.094395102393,0.,2.094395102393,4.188790204786,
6.28318530718,8.377580409573),.UNSPECIFIED.) CURVE() 
GEOMETRIC_REPRESENTATION_ITEM() RATIONAL_B_SPLINE_CURVE((1.,0.5,1.,0.5,
1.,0.5,1.)) REPRESENTATION_ITEM('') );
#9102 = CARTESIAN_POINT('',(-2.2,0.));
#9103 = CARTESIAN_POINT('',(-2.2,3.810511776652));
#9104 = CARTESIAN_POINT('',(1.1,1.905255888326));
#9105 = CARTESIAN_POINT('',(4.4,5.388445916248E-16));
#9106 = CARTESIAN_POINT('',(1.1,-1.905255888326));
#9107 = CARTESIAN_POINT('',(-2.2,-3.810511776652));
#9108 = CARTESIAN_POINT('',(-2.2,0.));
#9109 = ( GEOMETRIC_REPRESENTATION_CONTEXT(2) 
PARAMETRIC_REPRESENTATION_CONTEXT() REPRESENTATION_CONTEXT('2D SPACE',''
  ) );
#9110 = PCURVE('',#8270,#9111);
#9111 = DEFINITIONAL_REPRESENTATION('',(#9112),#9116);
#9112 = LINE('',#9113,#9114);
#9113 = CARTESIAN_POINT('',(-0.,20.5));
#9114 = VECTOR('',#9115,1.);
#9115 = DIRECTION('',(-1.,0.));
#9116 = ( GEOMETRIC_REPRESENTATION_CONTEXT(2) 
PARAMETRIC_REPRESENTATION_CONTEXT() REPRESENTATION_CONTEXT('2D SPACE',''
  ) );
#9117 = ADVANCED_FACE('',(#9118),#8235,.F.);
#9118 = FACE_BOUND('',#9119,.T.);
#9119 = EDGE_LOOP('',(#9120,#9121,#9142,#9143));
#9120 = ORIENTED_EDGE('',*,*,#9056,.F.);
#9121 = ORIENTED_EDGE('',*,*,#9122,.F.);
#9122 = EDGE_CURVE('',#8215,#9057,#9123,.T.);
#9123 = SEAM_CURVE('',#9124,(#9128,#9135),.PCURVE_S1.);
#9124 = LINE('',#9125,#9126);
#9125 = CARTESIAN_POINT('',(104.,-104.,352.2));
#9126 = VECTOR('',#9127,1.);
#9127 = DIRECTION('',(-0.,-1.,-0.));
#9128 = PCURVE('',#8235,#9129);
#9129 = DEFINITIONAL_REPRESENTATION('',(#9130),#9134);
#9130 = LINE('',#9131,#9132);
#9131 = CARTESIAN_POINT('',(-6.28318530718,-0.));
#9132 = VECTOR('',#9133,1.);
#9133 = DIRECTION('',(-0.,1.));
#9134 = ( GEOMETRIC_REPRESENTATION_CONTEXT(2) 
PARAMETRIC_REPRESENTATION_CONTEXT() REPRESENTATION_CONTEXT('2D SPACE',''
  ) );
#9135 = PCURVE('',#8235,#9136);
#9136 = DEFINITIONAL_REPRESENTATION('',(#9137),#9141);
#9137 = LINE('',#9138,#9139);
#9138 = CARTESIAN_POINT('',(-0.,-0.));
#9139 = VECTOR('',#9140,1.);
#9140 = DIRECTION('',(-0.,1.));
#9141 = ( GEOMETRIC_REPRESENTATION_CONTEXT(2) 
PARAMETRIC_REPRESENTATION_CONTEXT() REPRESENTATION_CONTEXT('2D SPACE',''
  ) );
#9142 = ORIENTED_EDGE('',*,*,#8214,.T.);
#9143 = ORIENTED_EDGE('',*,*,#9122,.T.);
#9144 = ADVANCED_FACE('',(#9145),#8270,.F.);
#9145 = FACE_BOUND('',#9146,.T.);
#9146 = EDGE_LOOP('',(#9147,#9148,#9169,#9170));
#9147 = ORIENTED_EDGE('',*,*,#9090,.F.);
#9148 = ORIENTED_EDGE('',*,*,#9149,.F.);
#9149 = EDGE_CURVE('',#8250,#9091,#9150,.T.);
#9150 = SEAM_CURVE('',#9151,(#9155,#9162),.PCURVE_S1.);
#9151 = LINE('',#9152,#9153);
#9152 = CARTESIAN_POINT('',(115.,-104.,352.2));
#9153 = VECTOR('',#9154,1.);
#9154 = DIRECTION('',(-0.,-1.,-0.));
#9155 = PCURVE('',#8270,#9156);
#9156 = DEFINITIONAL_REPRESENTATION('',(#9157),#9161);
#9157 = LINE('',#9158,#9159);
#9158 = CARTESIAN_POINT('',(-6.28318530718,-0.));
#9159 = VECTOR('',#9160,1.);
#9160 = DIRECTION('',(-0.,1.));
#9161 = ( GEOMETRIC_REPRESENTATION_CONTEXT(2) 
PARAMETRIC_REPRESENTATION_CONTEXT() REPRESENTATION_CONTEXT('2D SPACE',''
  ) );
#9162 = PCURVE('',#8270,#9163);
#9163 = DEFINITIONAL_REPRESENTATION('',(#9164),#9168);
#9164 = LINE('',#9165,#9166);
#9165 = CARTESIAN_POINT('',(-0.,-0.));
#9166 = VECTOR('',#9167,1.);
#9167 = DIRECTION('',(-0.,1.));
#9168 = ( GEOMETRIC_REPRESENTATION_CONTEXT(2) 
PARAMETRIC_REPRESENTATION_CONTEXT() REPRESENTATION_CONTEXT('2D SPACE',''
  ) );
#9169 = ORIENTED_EDGE('',*,*,#8249,.T.);
#9170 = ORIENTED_EDGE('',*,*,#9149,.T.);
#9171 = ADVANCED_FACE('',(#9172),#8304,.T.);
#9172 = FACE_BOUND('',#9173,.F.);
#9173 = EDGE_LOOP('',(#9174,#9195,#9196,#9197,#9198,#9219));
#9174 = ORIENTED_EDGE('',*,*,#9175,.F.);
#9175 = EDGE_CURVE('',#8467,#8288,#9176,.T.);
#9176 = SURFACE_CURVE('',#9177,(#9181,#9188),.PCURVE_S1.);
#9177 = LINE('',#9178,#9179);
#9178 = CARTESIAN_POINT('',(-77.7,-91.28804653251,292.38804653251));
#9179 = VECTOR('',#9180,1.);
#9180 = DIRECTION('',(1.,-0.,-0.));
#9181 = PCURVE('',#8304,#9182);
#9182 = DEFINITIONAL_REPRESENTATION('',(#9183),#9187);
#9183 = LINE('',#9184,#9185);
#9184 = CARTESIAN_POINT('',(-5.497787143782,0.));
#9185 = VECTOR('',#9186,1.);
#9186 = DIRECTION('',(-0.,1.));
#9187 = ( GEOMETRIC_REPRESENTATION_CONTEXT(2) 
PARAMETRIC_REPRESENTATION_CONTEXT() REPRESENTATION_CONTEXT('2D SPACE',''
  ) );
#9188 = PCURVE('',#8386,#9189);
#9189 = DEFINITIONAL_REPRESENTATION('',(#9190),#9194);
#9190 = LINE('',#9191,#9192);
#9191 = CARTESIAN_POINT('',(-4.65,0.));
#9192 = VECTOR('',#9193,1.);
#9193 = DIRECTION('',(-0.,-1.));
#9194 = ( GEOMETRIC_REPRESENTATION_CONTEXT(2) 
PARAMETRIC_REPRESENTATION_CONTEXT() REPRESENTATION_CONTEXT('2D SPACE',''
  ) );
#9195 = ORIENTED_EDGE('',*,*,#8466,.T.);
#9196 = ORIENTED_EDGE('',*,*,#8406,.T.);
#9197 = ORIENTED_EDGE('',*,*,#8563,.T.);
#9198 = ORIENTED_EDGE('',*,*,#9199,.T.);
#9199 = EDGE_CURVE('',#8541,#8286,#9200,.T.);
#9200 = SURFACE_CURVE('',#9201,(#9205,#9212),.PCURVE_S1.);
#9201 = LINE('',#9202,#9203);
#9202 = CARTESIAN_POINT('',(-77.7,-91.28804653251,285.81195346748));
#9203 = VECTOR('',#9204,1.);
#9204 = DIRECTION('',(1.,-0.,-0.));
#9205 = PCURVE('',#8304,#9206);
#9206 = DEFINITIONAL_REPRESENTATION('',(#9207),#9211);
#9207 = LINE('',#9208,#9209);
#9208 = CARTESIAN_POINT('',(-10.21017612416,0.));
#9209 = VECTOR('',#9210,1.);
#9210 = DIRECTION('',(-0.,1.));
#9211 = ( GEOMETRIC_REPRESENTATION_CONTEXT(2) 
PARAMETRIC_REPRESENTATION_CONTEXT() REPRESENTATION_CONTEXT('2D SPACE',''
  ) );
#9212 = PCURVE('',#8332,#9213);
#9213 = DEFINITIONAL_REPRESENTATION('',(#9214),#9218);
#9214 = LINE('',#9215,#9216);
#9215 = CARTESIAN_POINT('',(-0.,-0.));
#9216 = VECTOR('',#9217,1.);
#9217 = DIRECTION('',(-0.,-1.));
#9218 = ( GEOMETRIC_REPRESENTATION_CONTEXT(2) 
PARAMETRIC_REPRESENTATION_CONTEXT() REPRESENTATION_CONTEXT('2D SPACE',''
  ) );
#9219 = ORIENTED_EDGE('',*,*,#8285,.T.);
#9220 = ADVANCED_FACE('',(#9221),#8332,.F.);
#9221 = FACE_BOUND('',#9222,.T.);
#9222 = EDGE_LOOP('',(#9223,#9224,#9225,#9226));
#9223 = ORIENTED_EDGE('',*,*,#8540,.T.);
#9224 = ORIENTED_EDGE('',*,*,#9199,.T.);
#9225 = ORIENTED_EDGE('',*,*,#8316,.T.);
#9226 = ORIENTED_EDGE('',*,*,#9227,.T.);
#9227 = EDGE_CURVE('',#8317,#8518,#9228,.T.);
#9228 = SURFACE_CURVE('',#9229,(#9233,#9240),.PCURVE_S1.);
#9229 = LINE('',#9230,#9231);
#9230 = CARTESIAN_POINT('',(-78.2,-92.85,287.37390693496));
#9231 = VECTOR('',#9232,1.);
#9232 = DIRECTION('',(-1.,-0.,0.));
#9233 = PCURVE('',#8332,#9234);
#9234 = DEFINITIONAL_REPRESENTATION('',(#9235),#9239);
#9235 = LINE('',#9236,#9237);
#9236 = CARTESIAN_POINT('',(-2.20893577751,0.5));
#9237 = VECTOR('',#9238,1.);
#9238 = DIRECTION('',(-0.,1.));
#9239 = ( GEOMETRIC_REPRESENTATION_CONTEXT(2) 
PARAMETRIC_REPRESENTATION_CONTEXT() REPRESENTATION_CONTEXT('2D SPACE',''
  ) );
#9240 = PCURVE('',#8360,#9241);
#9241 = DEFINITIONAL_REPRESENTATION('',(#9242),#9246);
#9242 = LINE('',#9243,#9244);
#9243 = CARTESIAN_POINT('',(-3.923906934965,0.5));
#9244 = VECTOR('',#9245,1.);
#9245 = DIRECTION('',(-0.,-1.));
#9246 = ( GEOMETRIC_REPRESENTATION_CONTEXT(2) 
PARAMETRIC_REPRESENTATION_CONTEXT() REPRESENTATION_CONTEXT('2D SPACE',''
  ) );
#9247 = ADVANCED_FACE('',(#9248),#8386,.F.);
#9248 = FACE_BOUND('',#9249,.T.);
#9249 = EDGE_LOOP('',(#9250,#9251,#9272,#9273));
#9250 = ORIENTED_EDGE('',*,*,#8494,.T.);
#9251 = ORIENTED_EDGE('',*,*,#9252,.T.);
#9252 = EDGE_CURVE('',#8495,#8345,#9253,.T.);
#9253 = SURFACE_CURVE('',#9254,(#9258,#9265),.PCURVE_S1.);
#9254 = LINE('',#9255,#9256);
#9255 = CARTESIAN_POINT('',(-78.2,-92.85,290.82609306503));
#9256 = VECTOR('',#9257,1.);
#9257 = DIRECTION('',(1.,-0.,-0.));
#9258 = PCURVE('',#8386,#9259);
#9259 = DEFINITIONAL_REPRESENTATION('',(#9260),#9264);
#9260 = LINE('',#9261,#9262);
#9261 = CARTESIAN_POINT('',(-2.44106422249,0.5));
#9262 = VECTOR('',#9263,1.);
#9263 = DIRECTION('',(-0.,-1.));
#9264 = ( GEOMETRIC_REPRESENTATION_CONTEXT(2) 
PARAMETRIC_REPRESENTATION_CONTEXT() REPRESENTATION_CONTEXT('2D SPACE',''
  ) );
#9265 = PCURVE('',#8360,#9266);
#9266 = DEFINITIONAL_REPRESENTATION('',(#9267),#9271);
#9267 = LINE('',#9268,#9269);
#9268 = CARTESIAN_POINT('',(-7.376093065035,0.5));
#9269 = VECTOR('',#9270,1.);
#9270 = DIRECTION('',(-0.,1.));
#9271 = ( GEOMETRIC_REPRESENTATION_CONTEXT(2) 
PARAMETRIC_REPRESENTATION_CONTEXT() REPRESENTATION_CONTEXT('2D SPACE',''
  ) );
#9272 = ORIENTED_EDGE('',*,*,#8372,.T.);
#9273 = ORIENTED_EDGE('',*,*,#9175,.F.);
#9274 = ADVANCED_FACE('',(#9275),#8360,.T.);
#9275 = FACE_BOUND('',#9276,.F.);
#9276 = EDGE_LOOP('',(#9277,#9278,#9279,#9280));
#9277 = ORIENTED_EDGE('',*,*,#9227,.T.);
#9278 = ORIENTED_EDGE('',*,*,#8517,.T.);
#9279 = ORIENTED_EDGE('',*,*,#9252,.T.);
#9280 = ORIENTED_EDGE('',*,*,#8344,.F.);
#9281 = ADVANCED_FACE('',(#9282),#8613,.T.);
#9282 = FACE_BOUND('',#9283,.F.);
#9283 = EDGE_LOOP('',(#9284,#9305,#9306,#9307,#9308,#9329));
#9284 = ORIENTED_EDGE('',*,*,#9285,.F.);
#9285 = EDGE_CURVE('',#8818,#8597,#9286,.T.);
#9286 = SURFACE_CURVE('',#9287,(#9291,#9298),.PCURVE_S1.);
#9287 = LINE('',#9288,#9289);
#9288 = CARTESIAN_POINT('',(-71.2,-78.28804653251,392.38804653251));
#9289 = VECTOR('',#9290,1.);
#9290 = DIRECTION('',(1.,-0.,-0.));
#9291 = PCURVE('',#8613,#9292);
#9292 = DEFINITIONAL_REPRESENTATION('',(#9293),#9297);
#9293 = LINE('',#9294,#9295);
#9294 = CARTESIAN_POINT('',(-5.497787143782,0.));
#9295 = VECTOR('',#9296,1.);
#9296 = DIRECTION('',(-0.,1.));
#9297 = ( GEOMETRIC_REPRESENTATION_CONTEXT(2) 
PARAMETRIC_REPRESENTATION_CONTEXT() REPRESENTATION_CONTEXT('2D SPACE',''
  ) );
#9298 = PCURVE('',#8695,#9299);
#9299 = DEFINITIONAL_REPRESENTATION('',(#9300),#9304);
#9300 = LINE('',#9301,#9302);
#9301 = CARTESIAN_POINT('',(-4.65,0.));
#9302 = VECTOR('',#9303,1.);
#9303 = DIRECTION('',(-0.,-1.));
#9304 = ( GEOMETRIC_REPRESENTATION_CONTEXT(2) 
PARAMETRIC_REPRESENTATION_CONTEXT() REPRESENTATION_CONTEXT('2D SPACE',''
  ) );
#9305 = ORIENTED_EDGE('',*,*,#8817,.T.);
#9306 = ORIENTED_EDGE('',*,*,#8715,.T.);
#9307 = ORIENTED_EDGE('',*,*,#8914,.T.);
#9308 = ORIENTED_EDGE('',*,*,#9309,.T.);
#9309 = EDGE_CURVE('',#8892,#8595,#9310,.T.);
#9310 = SURFACE_CURVE('',#9311,(#9315,#9322),.PCURVE_S1.);
#9311 = LINE('',#9312,#9313);
#9312 = CARTESIAN_POINT('',(-71.2,-78.28804653251,385.81195346748));
#9313 = VECTOR('',#9314,1.);
#9314 = DIRECTION('',(1.,-0.,-0.));
#9315 = PCURVE('',#8613,#9316);
#9316 = DEFINITIONAL_REPRESENTATION('',(#9317),#9321);
#9317 = LINE('',#9318,#9319);
#9318 = CARTESIAN_POINT('',(-10.21017612416,0.));
#9319 = VECTOR('',#9320,1.);
#9320 = DIRECTION('',(-0.,1.));
#9321 = ( GEOMETRIC_REPRESENTATION_CONTEXT(2) 
PARAMETRIC_REPRESENTATION_CONTEXT() REPRESENTATION_CONTEXT('2D SPACE',''
  ) );
#9322 = PCURVE('',#8641,#9323);
#9323 = DEFINITIONAL_REPRESENTATION('',(#9324),#9328);
#9324 = LINE('',#9325,#9326);
#9325 = CARTESIAN_POINT('',(-0.,-0.));
#9326 = VECTOR('',#9327,1.);
#9327 = DIRECTION('',(-0.,-1.));
#9328 = ( GEOMETRIC_REPRESENTATION_CONTEXT(2) 
PARAMETRIC_REPRESENTATION_CONTEXT() REPRESENTATION_CONTEXT('2D SPACE',''
  ) );
#9329 = ORIENTED_EDGE('',*,*,#8594,.T.);
#9330 = ADVANCED_FACE('',(#9331),#8641,.F.);
#9331 = FACE_BOUND('',#9332,.T.);
#9332 = EDGE_LOOP('',(#9333,#9334,#9335,#9336));
#9333 = ORIENTED_EDGE('',*,*,#8891,.T.);
#9334 = ORIENTED_EDGE('',*,*,#9309,.T.);
#9335 = ORIENTED_EDGE('',*,*,#8625,.T.);
#9336 = ORIENTED_EDGE('',*,*,#9337,.T.);
#9337 = EDGE_CURVE('',#8626,#8869,#9338,.T.);
#9338 = SURFACE_CURVE('',#9339,(#9343,#9350),.PCURVE_S1.);
#9339 = LINE('',#9340,#9341);
#9340 = CARTESIAN_POINT('',(-71.7,-79.85,387.37390693496));
#9341 = VECTOR('',#9342,1.);
#9342 = DIRECTION('',(-1.,-0.,0.));
#9343 = PCURVE('',#8641,#9344);
#9344 = DEFINITIONAL_REPRESENTATION('',(#9345),#9349);
#9345 = LINE('',#9346,#9347);
#9346 = CARTESIAN_POINT('',(-2.20893577751,0.5));
#9347 = VECTOR('',#9348,1.);
#9348 = DIRECTION('',(-0.,1.));
#9349 = ( GEOMETRIC_REPRESENTATION_CONTEXT(2) 
PARAMETRIC_REPRESENTATION_CONTEXT() REPRESENTATION_CONTEXT('2D SPACE',''
  ) );
#9350 = PCURVE('',#8669,#9351);
#9351 = DEFINITIONAL_REPRESENTATION('',(#9352),#9356);
#9352 = LINE('',#9353,#9354);
#9353 = CARTESIAN_POINT('',(-3.923906934965,0.5));
#9354 = VECTOR('',#9355,1.);
#9355 = DIRECTION('',(-0.,-1.));
#9356 = ( GEOMETRIC_REPRESENTATION_CONTEXT(2) 
PARAMETRIC_REPRESENTATION_CONTEXT() REPRESENTATION_CONTEXT('2D SPACE',''
  ) );
#9357 = ADVANCED_FACE('',(#9358),#8695,.F.);
#9358 = FACE_BOUND('',#9359,.T.);
#9359 = EDGE_LOOP('',(#9360,#9361,#9382,#9383));
#9360 = ORIENTED_EDGE('',*,*,#8845,.T.);
#9361 = ORIENTED_EDGE('',*,*,#9362,.T.);
#9362 = EDGE_CURVE('',#8846,#8654,#9363,.T.);
#9363 = SURFACE_CURVE('',#9364,(#9368,#9375),.PCURVE_S1.);
#9364 = LINE('',#9365,#9366);
#9365 = CARTESIAN_POINT('',(-71.7,-79.85,390.82609306503));
#9366 = VECTOR('',#9367,1.);
#9367 = DIRECTION('',(1.,-0.,-0.));
#9368 = PCURVE('',#8695,#9369);
#9369 = DEFINITIONAL_REPRESENTATION('',(#9370),#9374);
#9370 = LINE('',#9371,#9372);
#9371 = CARTESIAN_POINT('',(-2.44106422249,0.5));
#9372 = VECTOR('',#9373,1.);
#9373 = DIRECTION('',(-0.,-1.));
#9374 = ( GEOMETRIC_REPRESENTATION_CONTEXT(2) 
PARAMETRIC_REPRESENTATION_CONTEXT() REPRESENTATION_CONTEXT('2D SPACE',''
  ) );
#9375 = PCURVE('',#8669,#9376);
#9376 = DEFINITIONAL_REPRESENTATION('',(#9377),#9381);
#9377 = LINE('',#9378,#9379);
#9378 = CARTESIAN_POINT('',(-7.376093065035,0.5));
#9379 = VECTOR('',#9380,1.);
#9380 = DIRECTION('',(-0.,1.));
#9381 = ( GEOMETRIC_REPRESENTATION_CONTEXT(2) 
PARAMETRIC_REPRESENTATION_CONTEXT() REPRESENTATION_CONTEXT('2D SPACE',''
  ) );
#9382 = ORIENTED_EDGE('',*,*,#8681,.T.);
#9383 = ORIENTED_EDGE('',*,*,#9285,.F.);
#9384 = ADVANCED_FACE('',(#9385),#8669,.T.);
#9385 = FACE_BOUND('',#9386,.F.);
#9386 = EDGE_LOOP('',(#9387,#9388,#9389,#9390));
#9387 = ORIENTED_EDGE('',*,*,#9337,.T.);
#9388 = ORIENTED_EDGE('',*,*,#8868,.T.);
#9389 = ORIENTED_EDGE('',*,*,#9362,.T.);
#9390 = ORIENTED_EDGE('',*,*,#8653,.F.);
#9391 = ( GEOMETRIC_REPRESENTATION_CONTEXT(3) 
GLOBAL_UNCERTAINTY_ASSIGNED_CONTEXT((#9395)) 
GLOBAL_UNIT_ASSIGNED_CONTEXT((#9392,#9393,#9394)) REPRESENTATION_CONTEXT
('Context #1','3D Context with UNIT and UNCERTAINTY') );
#9392 = ( LENGTH_UNIT() NAMED_UNIT(*) SI_UNIT(.MILLI.,.METRE.) );
#9393 = ( NAMED_UNIT(*) PLANE_ANGLE_UNIT() SI_UNIT($,.RADIAN.) );
#9394 = ( NAMED_UNIT(*) SI_UNIT($,.STERADIAN.) SOLID_ANGLE_UNIT() );
#9395 = UNCERTAINTY_MEASURE_WITH_UNIT(LENGTH_MEASURE(1.E-07),#9392,
  'distance_accuracy_value','confusion accuracy');
#9396 = CONTEXT_DEPENDENT_SHAPE_REPRESENTATION(#9397,#9399);
#9397 = ( REPRESENTATION_RELATIONSHIP('','',#4638,#10) 
REPRESENTATION_RELATIONSHIP_WITH_TRANSFORMATION(#9398) 
SHAPE_REPRESENTATION_RELATIONSHIP() );
#9398 = ITEM_DEFINED_TRANSFORMATION('','',#11,#19);
#9399 = PRODUCT_DEFINITION_SHAPE('Placement','Placement of an item',
  #9400);
#9400 = NEXT_ASSEMBLY_USAGE_OCCURRENCE('2','yoke_R','',#5,#4633,$);
#9401 = PRODUCT_RELATED_PRODUCT_CATEGORY('part',$,(#4635));
#9402 = SHAPE_DEFINITION_REPRESENTATION(#9403,#9409);
#9403 = PRODUCT_DEFINITION_SHAPE('','',#9404);
#9404 = PRODUCT_DEFINITION('design','',#9405,#9408);
#9405 = PRODUCT_DEFINITION_FORMATION('','',#9406);
#9406 = PRODUCT('camera_bar','camera_bar','',(#9407));
#9407 = PRODUCT_CONTEXT('',#2,'mechanical');
#9408 = PRODUCT_DEFINITION_CONTEXT('part definition',#2,'design');
#9409 = ADVANCED_BREP_SHAPE_REPRESENTATION('',(#11,#9410),#12992);
#9410 = MANIFOLD_SOLID_BREP('',#9411);
#9411 = CLOSED_SHELL('',(#9412,#9532,#9670,#10348,#10459,#10486,#10649,
    #10699,#10749,#10826,#10873,#10940,#11073,#11145,#11194,#11244,
    #11323,#11372,#11421,#11479,#11558,#11607,#11656,#11714,#11821,
    #11870,#11919,#11972,#12079,#12128,#12203,#12230,#12257,#12284,
    #12311,#12338,#12345,#12421,#12532,#12581,#12660,#12667,#12674,
    #12729,#12736,#12791,#12798,#12853,#12860,#12915,#12922,#12949,
    #12976,#12980,#12984,#12988));
#9412 = ADVANCED_FACE('',(#9413),#9427,.F.);
#9413 = FACE_BOUND('',#9414,.F.);
#9414 = EDGE_LOOP('',(#9415,#9450,#9478,#9506));
#9415 = ORIENTED_EDGE('',*,*,#9416,.F.);
#9416 = EDGE_CURVE('',#9417,#9419,#9421,.T.);
#9417 = VERTEX_POINT('',#9418);
#9418 = CARTESIAN_POINT('',(98.,-105.,338.));
#9419 = VERTEX_POINT('',#9420);
#9420 = CARTESIAN_POINT('',(98.,-105.,362.));
#9421 = SURFACE_CURVE('',#9422,(#9426,#9438),.PCURVE_S1.);
#9422 = LINE('',#9423,#9424);
#9423 = CARTESIAN_POINT('',(98.,-105.,338.));
#9424 = VECTOR('',#9425,1.);
#9425 = DIRECTION('',(0.,0.,1.));
#9426 = PCURVE('',#9427,#9432);
#9427 = PLANE('',#9428);
#9428 = AXIS2_PLACEMENT_3D('',#9429,#9430,#9431);
#9429 = CARTESIAN_POINT('',(98.,-105.,338.));
#9430 = DIRECTION('',(1.,0.,-0.));
#9431 = DIRECTION('',(0.,0.,1.));
#9432 = DEFINITIONAL_REPRESENTATION('',(#9433),#9437);
#9433 = LINE('',#9434,#9435);
#9434 = CARTESIAN_POINT('',(0.,0.));
#9435 = VECTOR('',#9436,1.);
#9436 = DIRECTION('',(1.,0.));
#9437 = ( GEOMETRIC_REPRESENTATION_CONTEXT(2) 
PARAMETRIC_REPRESENTATION_CONTEXT() REPRESENTATION_CONTEXT('2D SPACE',''
  ) );
#9438 = PCURVE('',#9439,#9444);
#9439 = PLANE('',#9440);
#9440 = AXIS2_PLACEMENT_3D('',#9441,#9442,#9443);
#9441 = CARTESIAN_POINT('',(98.,-105.,338.));
#9442 = DIRECTION('',(-0.,1.,0.));
#9443 = DIRECTION('',(0.,0.,1.));
#9444 = DEFINITIONAL_REPRESENTATION('',(#9445),#9449);
#9445 = LINE('',#9446,#9447);
#9446 = CARTESIAN_POINT('',(0.,0.));
#9447 = VECTOR('',#9448,1.);
#9448 = DIRECTION('',(1.,0.));
#9449 = ( GEOMETRIC_REPRESENTATION_CONTEXT(2) 
PARAMETRIC_REPRESENTATION_CONTEXT() REPRESENTATION_CONTEXT('2D SPACE',''
  ) );
#9450 = ORIENTED_EDGE('',*,*,#9451,.T.);
#9451 = EDGE_CURVE('',#9417,#9452,#9454,.T.);
#9452 = VERTEX_POINT('',#9453);
#9453 = CARTESIAN_POINT('',(98.,105.,338.));
#9454 = SURFACE_CURVE('',#9455,(#9459,#9466),.PCURVE_S1.);
#9455 = LINE('',#9456,#9457);
#9456 = CARTESIAN_POINT('',(98.,-105.,338.));
#9457 = VECTOR('',#9458,1.);
#9458 = DIRECTION('',(-0.,1.,0.));
#9459 = PCURVE('',#9427,#9460);
#9460 = DEFINITIONAL_REPRESENTATION('',(#9461),#9465);
#9461 = LINE('',#9462,#9463);
#9462 = CARTESIAN_POINT('',(0.,0.));
#9463 = VECTOR('',#9464,1.);
#9464 = DIRECTION('',(0.,-1.));
#9465 = ( GEOMETRIC_REPRESENTATION_CONTEXT(2) 
PARAMETRIC_REPRESENTATION_CONTEXT() REPRESENTATION_CONTEXT('2D SPACE',''
  ) );
#9466 = PCURVE('',#9467,#9472);
#9467 = PLANE('',#9468);
#9468 = AXIS2_PLACEMENT_3D('',#9469,#9470,#9471);
#9469 = CARTESIAN_POINT('',(98.,-105.,338.));
#9470 = DIRECTION('',(0.,0.,1.));
#9471 = DIRECTION('',(1.,0.,-0.));
#9472 = DEFINITIONAL_REPRESENTATION('',(#9473),#9477);
#9473 = LINE('',#9474,#9475);
#9474 = CARTESIAN_POINT('',(0.,0.));
#9475 = VECTOR('',#9476,1.);
#9476 = DIRECTION('',(0.,1.));
#9477 = ( GEOMETRIC_REPRESENTATION_CONTEXT(2) 
PARAMETRIC_REPRESENTATION_CONTEXT() REPRESENTATION_CONTEXT('2D SPACE',''
  ) );
#9478 = ORIENTED_EDGE('',*,*,#9479,.T.);
#9479 = EDGE_CURVE('',#9452,#9480,#9482,.T.);
#9480 = VERTEX_POINT('',#9481);
#9481 = CARTESIAN_POINT('',(98.,105.,362.));
#9482 = SURFACE_CURVE('',#9483,(#9487,#9494),.PCURVE_S1.);
#9483 = LINE('',#9484,#9485);
#9484 = CARTESIAN_POINT('',(98.,105.,338.));
#9485 = VECTOR('',#9486,1.);
#9486 = DIRECTION('',(0.,0.,1.));
#9487 = PCURVE('',#9427,#9488);
#9488 = DEFINITIONAL_REPRESENTATION('',(#9489),#9493);
#9489 = LINE('',#9490,#9491);
#9490 = CARTESIAN_POINT('',(0.,-210.));
#9491 = VECTOR('',#9492,1.);
#9492 = DIRECTION('',(1.,0.));
#9493 = ( GEOMETRIC_REPRESENTATION_CONTEXT(2) 
PARAMETRIC_REPRESENTATION_CONTEXT() REPRESENTATION_CONTEXT('2D SPACE',''
  ) );
#9494 = PCURVE('',#9495,#9500);
#9495 = PLANE('',#9496);
#9496 = AXIS2_PLACEMENT_3D('',#9497,#9498,#9499);
#9497 = CARTESIAN_POINT('',(98.,105.,338.));
#9498 = DIRECTION('',(-0.,1.,0.));
#9499 = DIRECTION('',(0.,0.,1.));
#9500 = DEFINITIONAL_REPRESENTATION('',(#9501),#9505);
#9501 = LINE('',#9502,#9503);
#9502 = CARTESIAN_POINT('',(0.,0.));
#9503 = VECTOR('',#9504,1.);
#9504 = DIRECTION('',(1.,0.));
#9505 = ( GEOMETRIC_REPRESENTATION_CONTEXT(2) 
PARAMETRIC_REPRESENTATION_CONTEXT() REPRESENTATION_CONTEXT('2D SPACE',''
  ) );
#9506 = ORIENTED_EDGE('',*,*,#9507,.F.);
#9507 = EDGE_CURVE('',#9419,#9480,#9508,.T.);
#9508 = SURFACE_CURVE('',#9509,(#9513,#9520),.PCURVE_S1.);
#9509 = LINE('',#9510,#9511);
#9510 = CARTESIAN_POINT('',(98.,-105.,362.));
#9511 = VECTOR('',#9512,1.);
#9512 = DIRECTION('',(-0.,1.,0.));
#9513 = PCURVE('',#9427,#9514);
#9514 = DEFINITIONAL_REPRESENTATION('',(#9515),#9519);
#9515 = LINE('',#9516,#9517);
#9516 = CARTESIAN_POINT('',(24.,0.));
#9517 = VECTOR('',#9518,1.);
#9518 = DIRECTION('',(0.,-1.));
#9519 = ( GEOMETRIC_REPRESENTATION_CONTEXT(2) 
PARAMETRIC_REPRESENTATION_CONTEXT() REPRESENTATION_CONTEXT('2D SPACE',''
  ) );
#9520 = PCURVE('',#9521,#9526);
#9521 = PLANE('',#9522);
#9522 = AXIS2_PLACEMENT_3D('',#9523,#9524,#9525);
#9523 = CARTESIAN_POINT('',(98.,-105.,362.));
#9524 = DIRECTION('',(0.,0.,1.));
#9525 = DIRECTION('',(1.,0.,-0.));
#9526 = DEFINITIONAL_REPRESENTATION('',(#9527),#9531);
#9527 = LINE('',#9528,#9529);
#9528 = CARTESIAN_POINT('',(0.,0.));
#9529 = VECTOR('',#9530,1.);
#9530 = DIRECTION('',(0.,1.));
#9531 = ( GEOMETRIC_REPRESENTATION_CONTEXT(2) 
PARAMETRIC_REPRESENTATION_CONTEXT() REPRESENTATION_CONTEXT('2D SPACE',''
  ) );
#9532 = ADVANCED_FACE('',(#9533,#9608,#9639),#9439,.F.);
#9533 = FACE_BOUND('',#9534,.F.);
#9534 = EDGE_LOOP('',(#9535,#9558,#9559,#9582));
#9535 = ORIENTED_EDGE('',*,*,#9536,.F.);
#9536 = EDGE_CURVE('',#9417,#9537,#9539,.T.);
#9537 = VERTEX_POINT('',#9538);
#9538 = CARTESIAN_POINT('',(121.,-105.,338.));
#9539 = SURFACE_CURVE('',#9540,(#9544,#9551),.PCURVE_S1.);
#9540 = LINE('',#9541,#9542);
#9541 = CARTESIAN_POINT('',(98.,-105.,338.));
#9542 = VECTOR('',#9543,1.);
#9543 = DIRECTION('',(1.,0.,-0.));
#9544 = PCURVE('',#9439,#9545);
#9545 = DEFINITIONAL_REPRESENTATION('',(#9546),#9550);
#9546 = LINE('',#9547,#9548);
#9547 = CARTESIAN_POINT('',(0.,0.));
#9548 = VECTOR('',#9549,1.);
#9549 = DIRECTION('',(0.,1.));
#9550 = ( GEOMETRIC_REPRESENTATION_CONTEXT(2) 
PARAMETRIC_REPRESENTATION_CONTEXT() REPRESENTATION_CONTEXT('2D SPACE',''
  ) );
#9551 = PCURVE('',#9467,#9552);
#9552 = DEFINITIONAL_REPRESENTATION('',(#9553),#9557);
#9553 = LINE('',#9554,#9555);
#9554 = CARTESIAN_POINT('',(0.,0.));
#9555 = VECTOR('',#9556,1.);
#9556 = DIRECTION('',(1.,0.));
#9557 = ( GEOMETRIC_REPRESENTATION_CONTEXT(2) 
PARAMETRIC_REPRESENTATION_CONTEXT() REPRESENTATION_CONTEXT('2D SPACE',''
  ) );
#9558 = ORIENTED_EDGE('',*,*,#9416,.T.);
#9559 = ORIENTED_EDGE('',*,*,#9560,.T.);
#9560 = EDGE_CURVE('',#9419,#9561,#9563,.T.);
#9561 = VERTEX_POINT('',#9562);
#9562 = CARTESIAN_POINT('',(121.,-105.,362.));
#9563 = SURFACE_CURVE('',#9564,(#9568,#9575),.PCURVE_S1.);
#9564 = LINE('',#9565,#9566);
#9565 = CARTESIAN_POINT('',(98.,-105.,362.));
#9566 = VECTOR('',#9567,1.);
#9567 = DIRECTION('',(1.,0.,-0.));
#9568 = PCURVE('',#9439,#9569);
#9569 = DEFINITIONAL_REPRESENTATION('',(#9570),#9574);
#9570 = LINE('',#9571,#9572);
#9571 = CARTESIAN_POINT('',(24.,0.));
#9572 = VECTOR('',#9573,1.);
#9573 = DIRECTION('',(0.,1.));
#9574 = ( GEOMETRIC_REPRESENTATION_CONTEXT(2) 
PARAMETRIC_REPRESENTATION_CONTEXT() REPRESENTATION_CONTEXT('2D SPACE',''
  ) );
#9575 = PCURVE('',#9521,#9576);
#9576 = DEFINITIONAL_REPRESENTATION('',(#9577),#9581);
#9577 = LINE('',#9578,#9579);
#9578 = CARTESIAN_POINT('',(0.,0.));
#9579 = VECTOR('',#9580,1.);
#9580 = DIRECTION('',(1.,0.));
#9581 = ( GEOMETRIC_REPRESENTATION_CONTEXT(2) 
PARAMETRIC_REPRESENTATION_CONTEXT() REPRESENTATION_CONTEXT('2D SPACE',''
  ) );
#9582 = ORIENTED_EDGE('',*,*,#9583,.F.);
#9583 = EDGE_CURVE('',#9537,#9561,#9584,.T.);
#9584 = SURFACE_CURVE('',#9585,(#9589,#9596),.PCURVE_S1.);
#9585 = LINE('',#9586,#9587);
#9586 = CARTESIAN_POINT('',(121.,-105.,338.));
#9587 = VECTOR('',#9588,1.);
#9588 = DIRECTION('',(0.,0.,1.));
#9589 = PCURVE('',#9439,#9590);
#9590 = DEFINITIONAL_REPRESENTATION('',(#9591),#9595);
#9591 = LINE('',#9592,#9593);
#9592 = CARTESIAN_POINT('',(0.,23.));
#9593 = VECTOR('',#9594,1.);
#9594 = DIRECTION('',(1.,0.));
#9595 = ( GEOMETRIC_REPRESENTATION_CONTEXT(2) 
PARAMETRIC_REPRESENTATION_CONTEXT() REPRESENTATION_CONTEXT('2D SPACE',''
  ) );
#9596 = PCURVE('',#9597,#9602);
#9597 = PLANE('',#9598);
#9598 = AXIS2_PLACEMENT_3D('',#9599,#9600,#9601);
#9599 = CARTESIAN_POINT('',(121.,-105.,338.));
#9600 = DIRECTION('',(1.,0.,-0.));
#9601 = DIRECTION('',(0.,0.,1.));
#9602 = DEFINITIONAL_REPRESENTATION('',(#9603),#9607);
#9603 = LINE('',#9604,#9605);
#9604 = CARTESIAN_POINT('',(0.,0.));
#9605 = VECTOR('',#9606,1.);
#9606 = DIRECTION('',(1.,0.));
#9607 = ( GEOMETRIC_REPRESENTATION_CONTEXT(2) 
PARAMETRIC_REPRESENTATION_CONTEXT() REPRESENTATION_CONTEXT('2D SPACE',''
  ) );
#9608 = FACE_BOUND('',#9609,.F.);
#9609 = EDGE_LOOP('',(#9610));
#9610 = ORIENTED_EDGE('',*,*,#9611,.F.);
#9611 = EDGE_CURVE('',#9612,#9612,#9614,.T.);
#9612 = VERTEX_POINT('',#9613);
#9613 = CARTESIAN_POINT('',(104.,-105.,352.2));
#9614 = SURFACE_CURVE('',#9615,(#9620,#9627),.PCURVE_S1.);
#9615 = CIRCLE('',#9616,2.2);
#9616 = AXIS2_PLACEMENT_3D('',#9617,#9618,#9619);
#9617 = CARTESIAN_POINT('',(104.,-105.,350.));
#9618 = DIRECTION('',(0.,1.,0.));
#9619 = DIRECTION('',(0.,-0.,1.));
#9620 = PCURVE('',#9439,#9621);
#9621 = DEFINITIONAL_REPRESENTATION('',(#9622),#9626);
#9622 = CIRCLE('',#9623,2.2);
#9623 = AXIS2_PLACEMENT_2D('',#9624,#9625);
#9624 = CARTESIAN_POINT('',(12.,6.));
#9625 = DIRECTION('',(1.,0.));
#9626 = ( GEOMETRIC_REPRESENTATION_CONTEXT(2) 
PARAMETRIC_REPRESENTATION_CONTEXT() REPRESENTATION_CONTEXT('2D SPACE',''
  ) );
#9627 = PCURVE('',#9628,#9633);
#9628 = CYLINDRICAL_SURFACE('',#9629,2.2);
#9629 = AXIS2_PLACEMENT_3D('',#9630,#9631,#9632);
#9630 = CARTESIAN_POINT('',(104.,-105.,350.));
#9631 = DIRECTION('',(0.,1.,0.));
#9632 = DIRECTION('',(0.,-0.,1.));
#9633 = DEFINITIONAL_REPRESENTATION('',(#9634),#9638);
#9634 = LINE('',#9635,#9636);
#9635 = CARTESIAN_POINT('',(0.,0.));
#9636 = VECTOR('',#9637,1.);
#9637 = DIRECTION('',(1.,0.));
#9638 = ( GEOMETRIC_REPRESENTATION_CONTEXT(2) 
PARAMETRIC_REPRESENTATION_CONTEXT() REPRESENTATION_CONTEXT('2D SPACE',''
  ) );
#9639 = FACE_BOUND('',#9640,.F.);
#9640 = EDGE_LOOP('',(#9641));
#9641 = ORIENTED_EDGE('',*,*,#9642,.F.);
#9642 = EDGE_CURVE('',#9643,#9643,#9645,.T.);
#9643 = VERTEX_POINT('',#9644);
#9644 = CARTESIAN_POINT('',(115.,-105.,352.2));
#9645 = SURFACE_CURVE('',#9646,(#9651,#9658),.PCURVE_S1.);
#9646 = CIRCLE('',#9647,2.2);
#9647 = AXIS2_PLACEMENT_3D('',#9648,#9649,#9650);
#9648 = CARTESIAN_POINT('',(115.,-105.,350.));
#9649 = DIRECTION('',(0.,1.,0.));
#9650 = DIRECTION('',(0.,-0.,1.));
#9651 = PCURVE('',#9439,#9652);
#9652 = DEFINITIONAL_REPRESENTATION('',(#9653),#9657);
#9653 = CIRCLE('',#9654,2.2);
#9654 = AXIS2_PLACEMENT_2D('',#9655,#9656);
#9655 = CARTESIAN_POINT('',(12.,17.));
#9656 = DIRECTION('',(1.,0.));
#9657 = ( GEOMETRIC_REPRESENTATION_CONTEXT(2) 
PARAMETRIC_REPRESENTATION_CONTEXT() REPRESENTATION_CONTEXT('2D SPACE',''
  ) );
#9658 = PCURVE('',#9659,#9664);
#9659 = CYLINDRICAL_SURFACE('',#9660,2.2);
#9660 = AXIS2_PLACEMENT_3D('',#9661,#9662,#9663);
#9661 = CARTESIAN_POINT('',(115.,-105.,350.));
#9662 = DIRECTION('',(0.,1.,0.));
#9663 = DIRECTION('',(0.,-0.,1.));
#9664 = DEFINITIONAL_REPRESENTATION('',(#9665),#9669);
#9665 = LINE('',#9666,#9667);
#9666 = CARTESIAN_POINT('',(0.,0.));
#9667 = VECTOR('',#9668,1.);
#9668 = DIRECTION('',(1.,0.));
#9669 = ( GEOMETRIC_REPRESENTATION_CONTEXT(2) 
PARAMETRIC_REPRESENTATION_CONTEXT() REPRESENTATION_CONTEXT('2D SPACE',''
  ) );
#9670 = ADVANCED_FACE('',(#9671,#9924,#10030,#10136,#10242),#9521,.T.);
#9671 = FACE_BOUND('',#9672,.T.);
#9672 = EDGE_LOOP('',(#9673,#9701,#9724,#9745,#9746,#9747,#9770,#9796,
    #9822,#9848,#9874,#9900));
#9673 = ORIENTED_EDGE('',*,*,#9674,.F.);
#9674 = EDGE_CURVE('',#9675,#9677,#9679,.T.);
#9675 = VERTEX_POINT('',#9676);
#9676 = CARTESIAN_POINT('',(121.,84.,362.));
#9677 = VERTEX_POINT('',#9678);
#9678 = CARTESIAN_POINT('',(110.1801948466,84.,362.));
#9679 = SURFACE_CURVE('',#9680,(#9684,#9690),.PCURVE_S1.);
#9680 = LINE('',#9681,#9682);
#9681 = CARTESIAN_POINT('',(102.33273811042,84.,362.));
#9682 = VECTOR('',#9683,1.);
#9683 = DIRECTION('',(-1.,0.,0.));
#9684 = PCURVE('',#9521,#9685);
#9685 = DEFINITIONAL_REPRESENTATION('',(#9686),#9689);
#9686 = B_SPLINE_CURVE_WITH_KNOTS('',1,(#9687,#9688),.UNSPECIFIED.,.F.,
  .F.,(2,2),(-18.66726188957,-7.847456736183),.PIECEWISE_BEZIER_KNOTS.);
#9687 = CARTESIAN_POINT('',(23.,189.));
#9688 = CARTESIAN_POINT('',(12.180194846605,189.));
#9689 = ( GEOMETRIC_REPRESENTATION_CONTEXT(2) 
PARAMETRIC_REPRESENTATION_CONTEXT() REPRESENTATION_CONTEXT('2D SPACE',''
  ) );
#9690 = PCURVE('',#9691,#9696);
#9691 = PLANE('',#9692);
#9692 = AXIS2_PLACEMENT_3D('',#9693,#9694,#9695);
#9693 = CARTESIAN_POINT('',(106.66547622084,84.,358.48528137423));
#9694 = DIRECTION('',(0.,1.,0.));
#9695 = DIRECTION('',(0.707106781187,0.,0.707106781187));
#9696 = DEFINITIONAL_REPRESENTATION('',(#9697),#9700);
#9697 = B_SPLINE_CURVE_WITH_KNOTS('',1,(#9698,#9699),.UNSPECIFIED.,.F.,
  .F.,(2,2),(-18.66726188957,-7.847456736183),.PIECEWISE_BEZIER_KNOTS.);
#9698 = CARTESIAN_POINT('',(12.62132034356,7.650757595083));
#9699 = CARTESIAN_POINT('',(4.970562748477,0.));
#9700 = ( GEOMETRIC_REPRESENTATION_CONTEXT(2) 
PARAMETRIC_REPRESENTATION_CONTEXT() REPRESENTATION_CONTEXT('2D SPACE',''
  ) );
#9701 = ORIENTED_EDGE('',*,*,#9702,.T.);
#9702 = EDGE_CURVE('',#9675,#9703,#9705,.T.);
#9703 = VERTEX_POINT('',#9704);
#9704 = CARTESIAN_POINT('',(121.,105.,362.));
#9705 = SURFACE_CURVE('',#9706,(#9710,#9717),.PCURVE_S1.);
#9706 = LINE('',#9707,#9708);
#9707 = CARTESIAN_POINT('',(121.,-105.,362.));
#9708 = VECTOR('',#9709,1.);
#9709 = DIRECTION('',(-0.,1.,0.));
#9710 = PCURVE('',#9521,#9711);
#9711 = DEFINITIONAL_REPRESENTATION('',(#9712),#9716);
#9712 = LINE('',#9713,#9714);
#9713 = CARTESIAN_POINT('',(23.,0.));
#9714 = VECTOR('',#9715,1.);
#9715 = DIRECTION('',(0.,1.));
#9716 = ( GEOMETRIC_REPRESENTATION_CONTEXT(2) 
PARAMETRIC_REPRESENTATION_CONTEXT() REPRESENTATION_CONTEXT('2D SPACE',''
  ) );
#9717 = PCURVE('',#9597,#9718);
#9718 = DEFINITIONAL_REPRESENTATION('',(#9719),#9723);
#9719 = LINE('',#9720,#9721);
#9720 = CARTESIAN_POINT('',(24.,0.));
#9721 = VECTOR('',#9722,1.);
#9722 = DIRECTION('',(0.,-1.));
#9723 = ( GEOMETRIC_REPRESENTATION_CONTEXT(2) 
PARAMETRIC_REPRESENTATION_CONTEXT() REPRESENTATION_CONTEXT('2D SPACE',''
  ) );
#9724 = ORIENTED_EDGE('',*,*,#9725,.F.);
#9725 = EDGE_CURVE('',#9480,#9703,#9726,.T.);
#9726 = SURFACE_CURVE('',#9727,(#9731,#9738),.PCURVE_S1.);
#9727 = LINE('',#9728,#9729);
#9728 = CARTESIAN_POINT('',(98.,105.,362.));
#9729 = VECTOR('',#9730,1.);
#9730 = DIRECTION('',(1.,0.,-0.));
#9731 = PCURVE('',#9521,#9732);
#9732 = DEFINITIONAL_REPRESENTATION('',(#9733),#9737);
#9733 = LINE('',#9734,#9735);
#9734 = CARTESIAN_POINT('',(0.,210.));
#9735 = VECTOR('',#9736,1.);
#9736 = DIRECTION('',(1.,0.));
#9737 = ( GEOMETRIC_REPRESENTATION_CONTEXT(2) 
PARAMETRIC_REPRESENTATION_CONTEXT() REPRESENTATION_CONTEXT('2D SPACE',''
  ) );
#9738 = PCURVE('',#9495,#9739);
#9739 = DEFINITIONAL_REPRESENTATION('',(#9740),#9744);
#9740 = LINE('',#9741,#9742);
#9741 = CARTESIAN_POINT('',(24.,0.));
#9742 = VECTOR('',#9743,1.);
#9743 = DIRECTION('',(0.,1.));
#9744 = ( GEOMETRIC_REPRESENTATION_CONTEXT(2) 
PARAMETRIC_REPRESENTATION_CONTEXT() REPRESENTATION_CONTEXT('2D SPACE',''
  ) );
#9745 = ORIENTED_EDGE('',*,*,#9507,.F.);
#9746 = ORIENTED_EDGE('',*,*,#9560,.T.);
#9747 = ORIENTED_EDGE('',*,*,#9748,.T.);
#9748 = EDGE_CURVE('',#9561,#9749,#9751,.T.);
#9749 = VERTEX_POINT('',#9750);
#9750 = CARTESIAN_POINT('',(121.,-84.,362.));
#9751 = SURFACE_CURVE('',#9752,(#9756,#9763),.PCURVE_S1.);
#9752 = LINE('',#9753,#9754);
#9753 = CARTESIAN_POINT('',(121.,-105.,362.));
#9754 = VECTOR('',#9755,1.);
#9755 = DIRECTION('',(-0.,1.,0.));
#9756 = PCURVE('',#9521,#9757);
#9757 = DEFINITIONAL_REPRESENTATION('',(#9758),#9762);
#9758 = LINE('',#9759,#9760);
#9759 = CARTESIAN_POINT('',(23.,0.));
#9760 = VECTOR('',#9761,1.);
#9761 = DIRECTION('',(0.,1.));
#9762 = ( GEOMETRIC_REPRESENTATION_CONTEXT(2) 
PARAMETRIC_REPRESENTATION_CONTEXT() REPRESENTATION_CONTEXT('2D SPACE',''
  ) );
#9763 = PCURVE('',#9597,#9764);
#9764 = DEFINITIONAL_REPRESENTATION('',(#9765),#9769);
#9765 = LINE('',#9766,#9767);
#9766 = CARTESIAN_POINT('',(24.,0.));
#9767 = VECTOR('',#9768,1.);
#9768 = DIRECTION('',(0.,-1.));
#9769 = ( GEOMETRIC_REPRESENTATION_CONTEXT(2) 
PARAMETRIC_REPRESENTATION_CONTEXT() REPRESENTATION_CONTEXT('2D SPACE',''
  ) );
#9770 = ORIENTED_EDGE('',*,*,#9771,.T.);
#9771 = EDGE_CURVE('',#9749,#9772,#9774,.T.);
#9772 = VERTEX_POINT('',#9773);
#9773 = CARTESIAN_POINT('',(110.1801948466,-84.,362.));
#9774 = SURFACE_CURVE('',#9775,(#9779,#9785),.PCURVE_S1.);
#9775 = LINE('',#9776,#9777);
#9776 = CARTESIAN_POINT('',(102.33273811042,-84.,362.));
#9777 = VECTOR('',#9778,1.);
#9778 = DIRECTION('',(-1.,0.,0.));
#9779 = PCURVE('',#9521,#9780);
#9780 = DEFINITIONAL_REPRESENTATION('',(#9781),#9784);
#9781 = B_SPLINE_CURVE_WITH_KNOTS('',1,(#9782,#9783),.UNSPECIFIED.,.F.,
  .F.,(2,2),(-18.66726188957,-7.847456736183),.PIECEWISE_BEZIER_KNOTS.);
#9782 = CARTESIAN_POINT('',(23.,21.));
#9783 = CARTESIAN_POINT('',(12.180194846605,21.));
#9784 = ( GEOMETRIC_REPRESENTATION_CONTEXT(2) 
PARAMETRIC_REPRESENTATION_CONTEXT() REPRESENTATION_CONTEXT('2D SPACE',''
  ) );
#9785 = PCURVE('',#9786,#9791);
#9786 = PLANE('',#9787);
#9787 = AXIS2_PLACEMENT_3D('',#9788,#9789,#9790);
#9788 = CARTESIAN_POINT('',(106.66547622084,-84.,358.48528137423));
#9789 = DIRECTION('',(0.,1.,0.));
#9790 = DIRECTION('',(0.707106781187,0.,0.707106781187));
#9791 = DEFINITIONAL_REPRESENTATION('',(#9792),#9795);
#9792 = B_SPLINE_CURVE_WITH_KNOTS('',1,(#9793,#9794),.UNSPECIFIED.,.F.,
  .F.,(2,2),(-18.66726188957,-7.847456736183),.PIECEWISE_BEZIER_KNOTS.);
#9793 = CARTESIAN_POINT('',(12.62132034356,7.650757595083));
#9794 = CARTESIAN_POINT('',(4.970562748477,0.));
#9795 = ( GEOMETRIC_REPRESENTATION_CONTEXT(2) 
PARAMETRIC_REPRESENTATION_CONTEXT() REPRESENTATION_CONTEXT('2D SPACE',''
  ) );
#9796 = ORIENTED_EDGE('',*,*,#9797,.T.);
#9797 = EDGE_CURVE('',#9772,#9798,#9800,.T.);
#9798 = VERTEX_POINT('',#9799);
#9799 = CARTESIAN_POINT('',(110.1801948466,-52.,362.));
#9800 = SURFACE_CURVE('',#9801,(#9805,#9811),.PCURVE_S1.);
#9801 = LINE('',#9802,#9803);
#9802 = CARTESIAN_POINT('',(110.1801948466,-94.5,362.));
#9803 = VECTOR('',#9804,1.);
#9804 = DIRECTION('',(-0.,1.,0.));
#9805 = PCURVE('',#9521,#9806);
#9806 = DEFINITIONAL_REPRESENTATION('',(#9807),#9810);
#9807 = B_SPLINE_CURVE_WITH_KNOTS('',1,(#9808,#9809),.UNSPECIFIED.,.F.,
  .F.,(2,2),(10.5,50.5),.PIECEWISE_BEZIER_KNOTS.);
#9808 = CARTESIAN_POINT('',(12.180194846605,21.));
#9809 = CARTESIAN_POINT('',(12.180194846605,61.));
#9810 = ( GEOMETRIC_REPRESENTATION_CONTEXT(2) 
PARAMETRIC_REPRESENTATION_CONTEXT() REPRESENTATION_CONTEXT('2D SPACE',''
  ) );
#9811 = PCURVE('',#9812,#9817);
#9812 = PLANE('',#9813);
#9813 = AXIS2_PLACEMENT_3D('',#9814,#9815,#9816);
#9814 = CARTESIAN_POINT('',(106.66547622084,-84.,358.48528137423));
#9815 = DIRECTION('',(0.707106781187,0.,-0.707106781187));
#9816 = DIRECTION('',(0.707106781187,0.,0.707106781187));
#9817 = DEFINITIONAL_REPRESENTATION('',(#9818),#9821);
#9818 = B_SPLINE_CURVE_WITH_KNOTS('',1,(#9819,#9820),.UNSPECIFIED.,.F.,
  .F.,(2,2),(10.5,50.5),.PIECEWISE_BEZIER_KNOTS.);
#9819 = CARTESIAN_POINT('',(4.970562748477,0.));
#9820 = CARTESIAN_POINT('',(4.970562748477,-40.));
#9821 = ( GEOMETRIC_REPRESENTATION_CONTEXT(2) 
PARAMETRIC_REPRESENTATION_CONTEXT() REPRESENTATION_CONTEXT('2D SPACE',''
  ) );
#9822 = ORIENTED_EDGE('',*,*,#9823,.T.);
#9823 = EDGE_CURVE('',#9798,#9824,#9826,.T.);
#9824 = VERTEX_POINT('',#9825);
#9825 = CARTESIAN_POINT('',(100.32233047033,-52.,362.));
#9826 = SURFACE_CURVE('',#9827,(#9831,#9837),.PCURVE_S1.);
#9827 = LINE('',#9828,#9829);
#9828 = CARTESIAN_POINT('',(91.019029611437,-52.,362.));
#9829 = VECTOR('',#9830,1.);
#9830 = DIRECTION('',(-1.,0.,0.));
#9831 = PCURVE('',#9521,#9832);
#9832 = DEFINITIONAL_REPRESENTATION('',(#9833),#9836);
#9833 = B_SPLINE_CURVE_WITH_KNOTS('',1,(#9834,#9835),.UNSPECIFIED.,.F.,
  .F.,(2,2),(-29.98097038856,-9.303300858899),.PIECEWISE_BEZIER_KNOTS.);
#9834 = CARTESIAN_POINT('',(23.,53.));
#9835 = CARTESIAN_POINT('',(2.322330470336,53.));
#9836 = ( GEOMETRIC_REPRESENTATION_CONTEXT(2) 
PARAMETRIC_REPRESENTATION_CONTEXT() REPRESENTATION_CONTEXT('2D SPACE',''
  ) );
#9837 = PCURVE('',#9838,#9843);
#9838 = PLANE('',#9839);
#9839 = AXIS2_PLACEMENT_3D('',#9840,#9841,#9842);
#9840 = CARTESIAN_POINT('',(84.038059222874,-52.,378.28427124746));
#9841 = DIRECTION('',(0.,1.,0.));
#9842 = DIRECTION('',(0.707106781187,0.,0.707106781187));
#9843 = DEFINITIONAL_REPRESENTATION('',(#9844),#9847);
#9844 = B_SPLINE_CURVE_WITH_KNOTS('',1,(#9845,#9846),.UNSPECIFIED.,.F.,
  .F.,(2,2),(-29.98097038856,-9.303300858899),.PIECEWISE_BEZIER_KNOTS.);
#9845 = CARTESIAN_POINT('',(14.62132034356,37.650757595083));
#9846 = CARTESIAN_POINT('',(-6.217248937901E-15,23.029437251523));
#9847 = ( GEOMETRIC_REPRESENTATION_CONTEXT(2) 
PARAMETRIC_REPRESENTATION_CONTEXT() REPRESENTATION_CONTEXT('2D SPACE',''
  ) );
#9848 = ORIENTED_EDGE('',*,*,#9849,.T.);
#9849 = EDGE_CURVE('',#9824,#9850,#9852,.T.);
#9850 = VERTEX_POINT('',#9851);
#9851 = CARTESIAN_POINT('',(100.32233047033,52.,362.));
#9852 = SURFACE_CURVE('',#9853,(#9857,#9863),.PCURVE_S1.);
#9853 = LINE('',#9854,#9855);
#9854 = CARTESIAN_POINT('',(100.32233047033,-78.5,362.));
#9855 = VECTOR('',#9856,1.);
#9856 = DIRECTION('',(0.,1.,0.));
#9857 = PCURVE('',#9521,#9858);
#9858 = DEFINITIONAL_REPRESENTATION('',(#9859),#9862);
#9859 = B_SPLINE_CURVE_WITH_KNOTS('',1,(#9860,#9861),.UNSPECIFIED.,.F.,
  .F.,(2,2),(26.5,130.5),.PIECEWISE_BEZIER_KNOTS.);
#9860 = CARTESIAN_POINT('',(2.322330470336,53.));
#9861 = CARTESIAN_POINT('',(2.322330470336,157.));
#9862 = ( GEOMETRIC_REPRESENTATION_CONTEXT(2) 
PARAMETRIC_REPRESENTATION_CONTEXT() REPRESENTATION_CONTEXT('2D SPACE',''
  ) );
#9863 = PCURVE('',#9864,#9869);
#9864 = PLANE('',#9865);
#9865 = AXIS2_PLACEMENT_3D('',#9866,#9867,#9868);
#9866 = CARTESIAN_POINT('',(84.038059222874,-52.,378.28427124746));
#9867 = DIRECTION('',(0.707106781187,0.,0.707106781187));
#9868 = DIRECTION('',(0.707106781187,0.,-0.707106781187));
#9869 = DEFINITIONAL_REPRESENTATION('',(#9870),#9873);
#9870 = B_SPLINE_CURVE_WITH_KNOTS('',1,(#9871,#9872),.UNSPECIFIED.,.F.,
  .F.,(2,2),(26.5,130.5),.PIECEWISE_BEZIER_KNOTS.);
#9871 = CARTESIAN_POINT('',(23.029437251523,0.));
#9872 = CARTESIAN_POINT('',(23.029437251523,104.));
#9873 = ( GEOMETRIC_REPRESENTATION_CONTEXT(2) 
PARAMETRIC_REPRESENTATION_CONTEXT() REPRESENTATION_CONTEXT('2D SPACE',''
  ) );
#9874 = ORIENTED_EDGE('',*,*,#9875,.F.);
#9875 = EDGE_CURVE('',#9876,#9850,#9878,.T.);
#9876 = VERTEX_POINT('',#9877);
#9877 = CARTESIAN_POINT('',(110.1801948466,52.,362.));
#9878 = SURFACE_CURVE('',#9879,(#9883,#9889),.PCURVE_S1.);
#9879 = LINE('',#9880,#9881);
#9880 = CARTESIAN_POINT('',(91.019029611437,52.,362.));
#9881 = VECTOR('',#9882,1.);
#9882 = DIRECTION('',(-1.,0.,0.));
#9883 = PCURVE('',#9521,#9884);
#9884 = DEFINITIONAL_REPRESENTATION('',(#9885),#9888);
#9885 = B_SPLINE_CURVE_WITH_KNOTS('',1,(#9886,#9887),.UNSPECIFIED.,.F.,
  .F.,(2,2),(-29.98097038856,-9.303300858899),.PIECEWISE_BEZIER_KNOTS.);
#9886 = CARTESIAN_POINT('',(23.,157.));
#9887 = CARTESIAN_POINT('',(2.322330470336,157.));
#9888 = ( GEOMETRIC_REPRESENTATION_CONTEXT(2) 
PARAMETRIC_REPRESENTATION_CONTEXT() REPRESENTATION_CONTEXT('2D SPACE',''
  ) );
#9889 = PCURVE('',#9890,#9895);
#9890 = PLANE('',#9891);
#9891 = AXIS2_PLACEMENT_3D('',#9892,#9893,#9894);
#9892 = CARTESIAN_POINT('',(84.038059222874,52.,378.28427124746));
#9893 = DIRECTION('',(0.,1.,0.));
#9894 = DIRECTION('',(0.707106781187,0.,0.707106781187));
#9895 = DEFINITIONAL_REPRESENTATION('',(#9896),#9899);
#9896 = B_SPLINE_CURVE_WITH_KNOTS('',1,(#9897,#9898),.UNSPECIFIED.,.F.,
  .F.,(2,2),(-29.98097038856,-9.303300858899),.PIECEWISE_BEZIER_KNOTS.);
#9897 = CARTESIAN_POINT('',(14.62132034356,37.650757595083));
#9898 = CARTESIAN_POINT('',(-6.217248937901E-15,23.029437251523));
#9899 = ( GEOMETRIC_REPRESENTATION_CONTEXT(2) 
PARAMETRIC_REPRESENTATION_CONTEXT() REPRESENTATION_CONTEXT('2D SPACE',''
  ) );
#9900 = ORIENTED_EDGE('',*,*,#9901,.T.);
#9901 = EDGE_CURVE('',#9876,#9677,#9902,.T.);
#9902 = SURFACE_CURVE('',#9903,(#9907,#9913),.PCURVE_S1.);
#9903 = LINE('',#9904,#9905);
#9904 = CARTESIAN_POINT('',(110.1801948466,-30.5,362.));
#9905 = VECTOR('',#9906,1.);
#9906 = DIRECTION('',(-0.,1.,0.));
#9907 = PCURVE('',#9521,#9908);
#9908 = DEFINITIONAL_REPRESENTATION('',(#9909),#9912);
#9909 = B_SPLINE_CURVE_WITH_KNOTS('',1,(#9910,#9911),.UNSPECIFIED.,.F.,
  .F.,(2,2),(74.5,114.5),.PIECEWISE_BEZIER_KNOTS.);
#9910 = CARTESIAN_POINT('',(12.180194846605,149.));
#9911 = CARTESIAN_POINT('',(12.180194846605,189.));
#9912 = ( GEOMETRIC_REPRESENTATION_CONTEXT(2) 
PARAMETRIC_REPRESENTATION_CONTEXT() REPRESENTATION_CONTEXT('2D SPACE',''
  ) );
#9913 = PCURVE('',#9914,#9919);
#9914 = PLANE('',#9915);
#9915 = AXIS2_PLACEMENT_3D('',#9916,#9917,#9918);
#9916 = CARTESIAN_POINT('',(106.66547622084,44.,358.48528137423));
#9917 = DIRECTION('',(0.707106781187,0.,-0.707106781187));
#9918 = DIRECTION('',(0.707106781187,0.,0.707106781187));
#9919 = DEFINITIONAL_REPRESENTATION('',(#9920),#9923);
#9920 = B_SPLINE_CURVE_WITH_KNOTS('',1,(#9921,#9922),.UNSPECIFIED.,.F.,
  .F.,(2,2),(74.5,114.5),.PIECEWISE_BEZIER_KNOTS.);
#9921 = CARTESIAN_POINT('',(4.970562748477,0.));
#9922 = CARTESIAN_POINT('',(4.970562748477,-40.));
#9923 = ( GEOMETRIC_REPRESENTATION_CONTEXT(2) 
PARAMETRIC_REPRESENTATION_CONTEXT() REPRESENTATION_CONTEXT('2D SPACE',''
  ) );
#9924 = FACE_BOUND('',#9925,.T.);
#9925 = EDGE_LOOP('',(#9926,#9954,#9980,#10006));
#9926 = ORIENTED_EDGE('',*,*,#9927,.T.);
#9927 = EDGE_CURVE('',#9928,#9930,#9932,.T.);
#9928 = VERTEX_POINT('',#9929);
#9929 = CARTESIAN_POINT('',(107.7,-95.,362.));
#9930 = VERTEX_POINT('',#9931);
#9931 = CARTESIAN_POINT('',(100.3,-95.,362.));
#9932 = SURFACE_CURVE('',#9933,(#9937,#9943),.PCURVE_S1.);
#9933 = LINE('',#9934,#9935);
#9934 = CARTESIAN_POINT('',(99.15,-95.,362.));
#9935 = VECTOR('',#9936,1.);
#9936 = DIRECTION('',(-1.,-0.,0.));
#9937 = PCURVE('',#9521,#9938);
#9938 = DEFINITIONAL_REPRESENTATION('',(#9939),#9942);
#9939 = B_SPLINE_CURVE_WITH_KNOTS('',1,(#9940,#9941),.UNSPECIFIED.,.F.,
  .F.,(2,2),(-8.55,-1.15),.PIECEWISE_BEZIER_KNOTS.);
#9940 = CARTESIAN_POINT('',(9.7,10.));
#9941 = CARTESIAN_POINT('',(2.3,10.));
#9942 = ( GEOMETRIC_REPRESENTATION_CONTEXT(2) 
PARAMETRIC_REPRESENTATION_CONTEXT() REPRESENTATION_CONTEXT('2D SPACE',''
  ) );
#9943 = PCURVE('',#9944,#9949);
#9944 = PLANE('',#9945);
#9945 = AXIS2_PLACEMENT_3D('',#9946,#9947,#9948);
#9946 = CARTESIAN_POINT('',(100.3,-95.,346.3));
#9947 = DIRECTION('',(-0.,1.,0.));
#9948 = DIRECTION('',(0.,0.,1.));
#9949 = DEFINITIONAL_REPRESENTATION('',(#9950),#9953);
#9950 = B_SPLINE_CURVE_WITH_KNOTS('',1,(#9951,#9952),.UNSPECIFIED.,.F.,
  .F.,(2,2),(-8.55,-1.15),.PIECEWISE_BEZIER_KNOTS.);
#9951 = CARTESIAN_POINT('',(15.7,7.4));
#9952 = CARTESIAN_POINT('',(15.7,0.));
#9953 = ( GEOMETRIC_REPRESENTATION_CONTEXT(2) 
PARAMETRIC_REPRESENTATION_CONTEXT() REPRESENTATION_CONTEXT('2D SPACE',''
  ) );
#9954 = ORIENTED_EDGE('',*,*,#9955,.T.);
#9955 = EDGE_CURVE('',#9930,#9956,#9958,.T.);
#9956 = VERTEX_POINT('',#9957);
#9957 = CARTESIAN_POINT('',(100.3,-91.4,362.));
#9958 = SURFACE_CURVE('',#9959,(#9963,#9969),.PCURVE_S1.);
#9959 = LINE('',#9960,#9961);
#9960 = CARTESIAN_POINT('',(100.3,-100.,362.));
#9961 = VECTOR('',#9962,1.);
#9962 = DIRECTION('',(-0.,1.,0.));
#9963 = PCURVE('',#9521,#9964);
#9964 = DEFINITIONAL_REPRESENTATION('',(#9965),#9968);
#9965 = B_SPLINE_CURVE_WITH_KNOTS('',1,(#9966,#9967),.UNSPECIFIED.,.F.,
  .F.,(2,2),(5.,8.6),.PIECEWISE_BEZIER_KNOTS.);
#9966 = CARTESIAN_POINT('',(2.3,10.));
#9967 = CARTESIAN_POINT('',(2.3,13.6));
#9968 = ( GEOMETRIC_REPRESENTATION_CONTEXT(2) 
PARAMETRIC_REPRESENTATION_CONTEXT() REPRESENTATION_CONTEXT('2D SPACE',''
  ) );
#9969 = PCURVE('',#9970,#9975);
#9970 = PLANE('',#9971);
#9971 = AXIS2_PLACEMENT_3D('',#9972,#9973,#9974);
#9972 = CARTESIAN_POINT('',(100.3,-95.,346.3));
#9973 = DIRECTION('',(1.,0.,-0.));
#9974 = DIRECTION('',(0.,0.,1.));
#9975 = DEFINITIONAL_REPRESENTATION('',(#9976),#9979);
#9976 = B_SPLINE_CURVE_WITH_KNOTS('',1,(#9977,#9978),.UNSPECIFIED.,.F.,
  .F.,(2,2),(5.,8.6),.PIECEWISE_BEZIER_KNOTS.);
#9977 = CARTESIAN_POINT('',(15.7,0.));
#9978 = CARTESIAN_POINT('',(15.7,-3.6));
#9979 = ( GEOMETRIC_REPRESENTATION_CONTEXT(2) 
PARAMETRIC_REPRESENTATION_CONTEXT() REPRESENTATION_CONTEXT('2D SPACE',''
  ) );
#9980 = ORIENTED_EDGE('',*,*,#9981,.F.);
#9981 = EDGE_CURVE('',#9982,#9956,#9984,.T.);
#9982 = VERTEX_POINT('',#9983);
#9983 = CARTESIAN_POINT('',(107.7,-91.4,362.));
#9984 = SURFACE_CURVE('',#9985,(#9989,#9995),.PCURVE_S1.);
#9985 = LINE('',#9986,#9987);
#9986 = CARTESIAN_POINT('',(99.15,-91.4,362.));
#9987 = VECTOR('',#9988,1.);
#9988 = DIRECTION('',(-1.,-0.,0.));
#9989 = PCURVE('',#9521,#9990);
#9990 = DEFINITIONAL_REPRESENTATION('',(#9991),#9994);
#9991 = B_SPLINE_CURVE_WITH_KNOTS('',1,(#9992,#9993),.UNSPECIFIED.,.F.,
  .F.,(2,2),(-8.55,-1.15),.PIECEWISE_BEZIER_KNOTS.);
#9992 = CARTESIAN_POINT('',(9.7,13.6));
#9993 = CARTESIAN_POINT('',(2.3,13.6));
#9994 = ( GEOMETRIC_REPRESENTATION_CONTEXT(2) 
PARAMETRIC_REPRESENTATION_CONTEXT() REPRESENTATION_CONTEXT('2D SPACE',''
  ) );
#9995 = PCURVE('',#9996,#10001);
#9996 = PLANE('',#9997);
#9997 = AXIS2_PLACEMENT_3D('',#9998,#9999,#10000);
#9998 = CARTESIAN_POINT('',(100.3,-91.4,346.3));
#9999 = DIRECTION('',(-0.,1.,0.));
#10000 = DIRECTION('',(0.,0.,1.));
#10001 = DEFINITIONAL_REPRESENTATION('',(#10002),#10005);
#10002 = B_SPLINE_CURVE_WITH_KNOTS('',1,(#10003,#10004),.UNSPECIFIED.,
  .F.,.F.,(2,2),(-8.55,-1.15),.PIECEWISE_BEZIER_KNOTS.);
#10003 = CARTESIAN_POINT('',(15.7,7.4));
#10004 = CARTESIAN_POINT('',(15.7,0.));
#10005 = ( GEOMETRIC_REPRESENTATION_CONTEXT(2) 
PARAMETRIC_REPRESENTATION_CONTEXT() REPRESENTATION_CONTEXT('2D SPACE',''
  ) );
#10006 = ORIENTED_EDGE('',*,*,#10007,.F.);
#10007 = EDGE_CURVE('',#9928,#9982,#10008,.T.);
#10008 = SURFACE_CURVE('',#10009,(#10013,#10019),.PCURVE_S1.);
#10009 = LINE('',#10010,#10011);
#10010 = CARTESIAN_POINT('',(107.7,-100.,362.));
#10011 = VECTOR('',#10012,1.);
#10012 = DIRECTION('',(-0.,1.,0.));
#10013 = PCURVE('',#9521,#10014);
#10014 = DEFINITIONAL_REPRESENTATION('',(#10015),#10018);
#10015 = B_SPLINE_CURVE_WITH_KNOTS('',1,(#10016,#10017),.UNSPECIFIED.,
  .F.,.F.,(2,2),(5.,8.6),.PIECEWISE_BEZIER_KNOTS.);
#10016 = CARTESIAN_POINT('',(9.7,10.));
#10017 = CARTESIAN_POINT('',(9.7,13.6));
#10018 = ( GEOMETRIC_REPRESENTATION_CONTEXT(2) 
PARAMETRIC_REPRESENTATION_CONTEXT() REPRESENTATION_CONTEXT('2D SPACE',''
  ) );
#10019 = PCURVE('',#10020,#10025);
#10020 = PLANE('',#10021);
#10021 = AXIS2_PLACEMENT_3D('',#10022,#10023,#10024);
#10022 = CARTESIAN_POINT('',(107.7,-95.,346.3));
#10023 = DIRECTION('',(1.,0.,-0.));
#10024 = DIRECTION('',(0.,0.,1.));
#10025 = DEFINITIONAL_REPRESENTATION('',(#10026),#10029);
#10026 = B_SPLINE_CURVE_WITH_KNOTS('',1,(#10027,#10028),.UNSPECIFIED.,
  .F.,.F.,(2,2),(5.,8.6),.PIECEWISE_BEZIER_KNOTS.);
#10027 = CARTESIAN_POINT('',(15.7,0.));
#10028 = CARTESIAN_POINT('',(15.7,-3.6));
#10029 = ( GEOMETRIC_REPRESENTATION_CONTEXT(2) 
PARAMETRIC_REPRESENTATION_CONTEXT() REPRESENTATION_CONTEXT('2D SPACE',''
  ) );
#10030 = FACE_BOUND('',#10031,.T.);
#10031 = EDGE_LOOP('',(#10032,#10060,#10086,#10112));
#10032 = ORIENTED_EDGE('',*,*,#10033,.T.);
#10033 = EDGE_CURVE('',#10034,#10036,#10038,.T.);
#10034 = VERTEX_POINT('',#10035);
#10035 = CARTESIAN_POINT('',(118.7,-95.,362.));
#10036 = VERTEX_POINT('',#10037);
#10037 = CARTESIAN_POINT('',(111.3,-95.,362.));
#10038 = SURFACE_CURVE('',#10039,(#10043,#10049),.PCURVE_S1.);
#10039 = LINE('',#10040,#10041);
#10040 = CARTESIAN_POINT('',(104.65,-95.,362.));
#10041 = VECTOR('',#10042,1.);
#10042 = DIRECTION('',(-1.,-0.,0.));
#10043 = PCURVE('',#9521,#10044);
#10044 = DEFINITIONAL_REPRESENTATION('',(#10045),#10048);
#10045 = B_SPLINE_CURVE_WITH_KNOTS('',1,(#10046,#10047),.UNSPECIFIED.,
  .F.,.F.,(2,2),(-14.05,-6.65),.PIECEWISE_BEZIER_KNOTS.);
#10046 = CARTESIAN_POINT('',(20.7,10.));
#10047 = CARTESIAN_POINT('',(13.3,10.));
#10048 = ( GEOMETRIC_REPRESENTATION_CONTEXT(2) 
PARAMETRIC_REPRESENTATION_CONTEXT() REPRESENTATION_CONTEXT('2D SPACE',''
  ) );
#10049 = PCURVE('',#10050,#10055);
#10050 = PLANE('',#10051);
#10051 = AXIS2_PLACEMENT_3D('',#10052,#10053,#10054);
#10052 = CARTESIAN_POINT('',(111.3,-95.,346.3));
#10053 = DIRECTION('',(-0.,1.,0.));
#10054 = DIRECTION('',(0.,0.,1.));
#10055 = DEFINITIONAL_REPRESENTATION('',(#10056),#10059);
#10056 = B_SPLINE_CURVE_WITH_KNOTS('',1,(#10057,#10058),.UNSPECIFIED.,
  .F.,.F.,(2,2),(-14.05,-6.65),.PIECEWISE_BEZIER_KNOTS.);
#10057 = CARTESIAN_POINT('',(15.7,7.4));
#10058 = CARTESIAN_POINT('',(15.7,0.));
#10059 = ( GEOMETRIC_REPRESENTATION_CONTEXT(2) 
PARAMETRIC_REPRESENTATION_CONTEXT() REPRESENTATION_CONTEXT('2D SPACE',''
  ) );
#10060 = ORIENTED_EDGE('',*,*,#10061,.T.);
#10061 = EDGE_CURVE('',#10036,#10062,#10064,.T.);
#10062 = VERTEX_POINT('',#10063);
#10063 = CARTESIAN_POINT('',(111.3,-91.4,362.));
#10064 = SURFACE_CURVE('',#10065,(#10069,#10075),.PCURVE_S1.);
#10065 = LINE('',#10066,#10067);
#10066 = CARTESIAN_POINT('',(111.3,-100.,362.));
#10067 = VECTOR('',#10068,1.);
#10068 = DIRECTION('',(-0.,1.,0.));
#10069 = PCURVE('',#9521,#10070);
#10070 = DEFINITIONAL_REPRESENTATION('',(#10071),#10074);
#10071 = B_SPLINE_CURVE_WITH_KNOTS('',1,(#10072,#10073),.UNSPECIFIED.,
  .F.,.F.,(2,2),(5.,8.6),.PIECEWISE_BEZIER_KNOTS.);
#10072 = CARTESIAN_POINT('',(13.3,10.));
#10073 = CARTESIAN_POINT('',(13.3,13.6));
#10074 = ( GEOMETRIC_REPRESENTATION_CONTEXT(2) 
PARAMETRIC_REPRESENTATION_CONTEXT() REPRESENTATION_CONTEXT('2D SPACE',''
  ) );
#10075 = PCURVE('',#10076,#10081);
#10076 = PLANE('',#10077);
#10077 = AXIS2_PLACEMENT_3D('',#10078,#10079,#10080);
#10078 = CARTESIAN_POINT('',(111.3,-95.,346.3));
#10079 = DIRECTION('',(1.,0.,-0.));
#10080 = DIRECTION('',(0.,0.,1.));
#10081 = DEFINITIONAL_REPRESENTATION('',(#10082),#10085);
#10082 = B_SPLINE_CURVE_WITH_KNOTS('',1,(#10083,#10084),.UNSPECIFIED.,
  .F.,.F.,(2,2),(5.,8.6),.PIECEWISE_BEZIER_KNOTS.);
#10083 = CARTESIAN_POINT('',(15.7,0.));
#10084 = CARTESIAN_POINT('',(15.7,-3.6));
#10085 = ( GEOMETRIC_REPRESENTATION_CONTEXT(2) 
PARAMETRIC_REPRESENTATION_CONTEXT() REPRESENTATION_CONTEXT('2D SPACE',''
  ) );
#10086 = ORIENTED_EDGE('',*,*,#10087,.F.);
#10087 = EDGE_CURVE('',#10088,#10062,#10090,.T.);
#10088 = VERTEX_POINT('',#10089);
#10089 = CARTESIAN_POINT('',(118.7,-91.4,362.));
#10090 = SURFACE_CURVE('',#10091,(#10095,#10101),.PCURVE_S1.);
#10091 = LINE('',#10092,#10093);
#10092 = CARTESIAN_POINT('',(104.65,-91.4,362.));
#10093 = VECTOR('',#10094,1.);
#10094 = DIRECTION('',(-1.,-0.,0.));
#10095 = PCURVE('',#9521,#10096);
#10096 = DEFINITIONAL_REPRESENTATION('',(#10097),#10100);
#10097 = B_SPLINE_CURVE_WITH_KNOTS('',1,(#10098,#10099),.UNSPECIFIED.,
  .F.,.F.,(2,2),(-14.05,-6.65),.PIECEWISE_BEZIER_KNOTS.);
#10098 = CARTESIAN_POINT('',(20.7,13.6));
#10099 = CARTESIAN_POINT('',(13.3,13.6));
#10100 = ( GEOMETRIC_REPRESENTATION_CONTEXT(2) 
PARAMETRIC_REPRESENTATION_CONTEXT() REPRESENTATION_CONTEXT('2D SPACE',''
  ) );
#10101 = PCURVE('',#10102,#10107);
#10102 = PLANE('',#10103);
#10103 = AXIS2_PLACEMENT_3D('',#10104,#10105,#10106);
#10104 = CARTESIAN_POINT('',(111.3,-91.4,346.3));
#10105 = DIRECTION('',(-0.,1.,0.));
#10106 = DIRECTION('',(0.,0.,1.));
#10107 = DEFINITIONAL_REPRESENTATION('',(#10108),#10111);
#10108 = B_SPLINE_CURVE_WITH_KNOTS('',1,(#10109,#10110),.UNSPECIFIED.,
  .F.,.F.,(2,2),(-14.05,-6.65),.PIECEWISE_BEZIER_KNOTS.);
#10109 = CARTESIAN_POINT('',(15.7,7.4));
#10110 = CARTESIAN_POINT('',(15.7,0.));
#10111 = ( GEOMETRIC_REPRESENTATION_CONTEXT(2) 
PARAMETRIC_REPRESENTATION_CONTEXT() REPRESENTATION_CONTEXT('2D SPACE',''
  ) );
#10112 = ORIENTED_EDGE('',*,*,#10113,.F.);
#10113 = EDGE_CURVE('',#10034,#10088,#10114,.T.);
#10114 = SURFACE_CURVE('',#10115,(#10119,#10125),.PCURVE_S1.);
#10115 = LINE('',#10116,#10117);
#10116 = CARTESIAN_POINT('',(118.7,-100.,362.));
#10117 = VECTOR('',#10118,1.);
#10118 = DIRECTION('',(-0.,1.,0.));
#10119 = PCURVE('',#9521,#10120);
#10120 = DEFINITIONAL_REPRESENTATION('',(#10121),#10124);
#10121 = B_SPLINE_CURVE_WITH_KNOTS('',1,(#10122,#10123),.UNSPECIFIED.,
  .F.,.F.,(2,2),(5.,8.6),.PIECEWISE_BEZIER_KNOTS.);
#10122 = CARTESIAN_POINT('',(20.7,10.));
#10123 = CARTESIAN_POINT('',(20.7,13.6));
#10124 = ( GEOMETRIC_REPRESENTATION_CONTEXT(2) 
PARAMETRIC_REPRESENTATION_CONTEXT() REPRESENTATION_CONTEXT('2D SPACE',''
  ) );
#10125 = PCURVE('',#10126,#10131);
#10126 = PLANE('',#10127);
#10127 = AXIS2_PLACEMENT_3D('',#10128,#10129,#10130);
#10128 = CARTESIAN_POINT('',(118.7,-95.,346.3));
#10129 = DIRECTION('',(1.,0.,-0.));
#10130 = DIRECTION('',(0.,0.,1.));
#10131 = DEFINITIONAL_REPRESENTATION('',(#10132),#10135);
#10132 = B_SPLINE_CURVE_WITH_KNOTS('',1,(#10133,#10134),.UNSPECIFIED.,
  .F.,.F.,(2,2),(5.,8.6),.PIECEWISE_BEZIER_KNOTS.);
#10133 = CARTESIAN_POINT('',(15.7,0.));
#10134 = CARTESIAN_POINT('',(15.7,-3.6));
#10135 = ( GEOMETRIC_REPRESENTATION_CONTEXT(2) 
PARAMETRIC_REPRESENTATION_CONTEXT() REPRESENTATION_CONTEXT('2D SPACE',''
  ) );
#10136 = FACE_BOUND('',#10137,.T.);
#10137 = EDGE_LOOP('',(#10138,#10166,#10192,#10218));
#10138 = ORIENTED_EDGE('',*,*,#10139,.T.);
#10139 = EDGE_CURVE('',#10140,#10142,#10144,.T.);
#10140 = VERTEX_POINT('',#10141);
#10141 = CARTESIAN_POINT('',(107.7,91.4,362.));
#10142 = VERTEX_POINT('',#10143);
#10143 = CARTESIAN_POINT('',(100.3,91.4,362.));
#10144 = SURFACE_CURVE('',#10145,(#10149,#10155),.PCURVE_S1.);
#10145 = LINE('',#10146,#10147);
#10146 = CARTESIAN_POINT('',(99.15,91.4,362.));
#10147 = VECTOR('',#10148,1.);
#10148 = DIRECTION('',(-1.,-0.,0.));
#10149 = PCURVE('',#9521,#10150);
#10150 = DEFINITIONAL_REPRESENTATION('',(#10151),#10154);
#10151 = B_SPLINE_CURVE_WITH_KNOTS('',1,(#10152,#10153),.UNSPECIFIED.,
  .F.,.F.,(2,2),(-8.55,-1.15),.PIECEWISE_BEZIER_KNOTS.);
#10152 = CARTESIAN_POINT('',(9.7,196.4));
#10153 = CARTESIAN_POINT('',(2.3,196.4));
#10154 = ( GEOMETRIC_REPRESENTATION_CONTEXT(2) 
PARAMETRIC_REPRESENTATION_CONTEXT() REPRESENTATION_CONTEXT('2D SPACE',''
  ) );
#10155 = PCURVE('',#10156,#10161);
#10156 = PLANE('',#10157);
#10157 = AXIS2_PLACEMENT_3D('',#10158,#10159,#10160);
#10158 = CARTESIAN_POINT('',(100.3,91.4,346.3));
#10159 = DIRECTION('',(-0.,1.,0.));
#10160 = DIRECTION('',(0.,0.,1.));
#10161 = DEFINITIONAL_REPRESENTATION('',(#10162),#10165);
#10162 = B_SPLINE_CURVE_WITH_KNOTS('',1,(#10163,#10164),.UNSPECIFIED.,
  .F.,.F.,(2,2),(-8.55,-1.15),.PIECEWISE_BEZIER_KNOTS.);
#10163 = CARTESIAN_POINT('',(15.7,7.4));
#10164 = CARTESIAN_POINT('',(15.7,0.));
#10165 = ( GEOMETRIC_REPRESENTATION_CONTEXT(2) 
PARAMETRIC_REPRESENTATION_CONTEXT() REPRESENTATION_CONTEXT('2D SPACE',''
  ) );
#10166 = ORIENTED_EDGE('',*,*,#10167,.T.);
#10167 = EDGE_CURVE('',#10142,#10168,#10170,.T.);
#10168 = VERTEX_POINT('',#10169);
#10169 = CARTESIAN_POINT('',(100.3,95.,362.));
#10170 = SURFACE_CURVE('',#10171,(#10175,#10181),.PCURVE_S1.);
#10171 = LINE('',#10172,#10173);
#10172 = CARTESIAN_POINT('',(100.3,-6.8,362.));
#10173 = VECTOR('',#10174,1.);
#10174 = DIRECTION('',(-0.,1.,0.));
#10175 = PCURVE('',#9521,#10176);
#10176 = DEFINITIONAL_REPRESENTATION('',(#10177),#10180);
#10177 = B_SPLINE_CURVE_WITH_KNOTS('',1,(#10178,#10179),.UNSPECIFIED.,
  .F.,.F.,(2,2),(98.2,101.8),.PIECEWISE_BEZIER_KNOTS.);
#10178 = CARTESIAN_POINT('',(2.3,196.4));
#10179 = CARTESIAN_POINT('',(2.3,200.));
#10180 = ( GEOMETRIC_REPRESENTATION_CONTEXT(2) 
PARAMETRIC_REPRESENTATION_CONTEXT() REPRESENTATION_CONTEXT('2D SPACE',''
  ) );
#10181 = PCURVE('',#10182,#10187);
#10182 = PLANE('',#10183);
#10183 = AXIS2_PLACEMENT_3D('',#10184,#10185,#10186);
#10184 = CARTESIAN_POINT('',(100.3,91.4,346.3));
#10185 = DIRECTION('',(1.,0.,-0.));
#10186 = DIRECTION('',(0.,0.,1.));
#10187 = DEFINITIONAL_REPRESENTATION('',(#10188),#10191);
#10188 = B_SPLINE_CURVE_WITH_KNOTS('',1,(#10189,#10190),.UNSPECIFIED.,
  .F.,.F.,(2,2),(98.2,101.8),.PIECEWISE_BEZIER_KNOTS.);
#10189 = CARTESIAN_POINT('',(15.7,0.));
#10190 = CARTESIAN_POINT('',(15.7,-3.6));
#10191 = ( GEOMETRIC_REPRESENTATION_CONTEXT(2) 
PARAMETRIC_REPRESENTATION_CONTEXT() REPRESENTATION_CONTEXT('2D SPACE',''
  ) );
#10192 = ORIENTED_EDGE('',*,*,#10193,.F.);
#10193 = EDGE_CURVE('',#10194,#10168,#10196,.T.);
#10194 = VERTEX_POINT('',#10195);
#10195 = CARTESIAN_POINT('',(107.7,95.,362.));
#10196 = SURFACE_CURVE('',#10197,(#10201,#10207),.PCURVE_S1.);
#10197 = LINE('',#10198,#10199);
#10198 = CARTESIAN_POINT('',(99.15,95.,362.));
#10199 = VECTOR('',#10200,1.);
#10200 = DIRECTION('',(-1.,-0.,0.));
#10201 = PCURVE('',#9521,#10202);
#10202 = DEFINITIONAL_REPRESENTATION('',(#10203),#10206);
#10203 = B_SPLINE_CURVE_WITH_KNOTS('',1,(#10204,#10205),.UNSPECIFIED.,
  .F.,.F.,(2,2),(-8.55,-1.15),.PIECEWISE_BEZIER_KNOTS.);
#10204 = CARTESIAN_POINT('',(9.7,200.));
#10205 = CARTESIAN_POINT('',(2.3,200.));
#10206 = ( GEOMETRIC_REPRESENTATION_CONTEXT(2) 
PARAMETRIC_REPRESENTATION_CONTEXT() REPRESENTATION_CONTEXT('2D SPACE',''
  ) );
#10207 = PCURVE('',#10208,#10213);
#10208 = PLANE('',#10209);
#10209 = AXIS2_PLACEMENT_3D('',#10210,#10211,#10212);
#10210 = CARTESIAN_POINT('',(100.3,95.,346.3));
#10211 = DIRECTION('',(-0.,1.,0.));
#10212 = DIRECTION('',(0.,0.,1.));
#10213 = DEFINITIONAL_REPRESENTATION('',(#10214),#10217);
#10214 = B_SPLINE_CURVE_WITH_KNOTS('',1,(#10215,#10216),.UNSPECIFIED.,
  .F.,.F.,(2,2),(-8.55,-1.15),.PIECEWISE_BEZIER_KNOTS.);
#10215 = CARTESIAN_POINT('',(15.7,7.4));
#10216 = CARTESIAN_POINT('',(15.7,0.));
#10217 = ( GEOMETRIC_REPRESENTATION_CONTEXT(2) 
PARAMETRIC_REPRESENTATION_CONTEXT() REPRESENTATION_CONTEXT('2D SPACE',''
  ) );
#10218 = ORIENTED_EDGE('',*,*,#10219,.F.);
#10219 = EDGE_CURVE('',#10140,#10194,#10220,.T.);
#10220 = SURFACE_CURVE('',#10221,(#10225,#10231),.PCURVE_S1.);
#10221 = LINE('',#10222,#10223);
#10222 = CARTESIAN_POINT('',(107.7,-6.8,362.));
#10223 = VECTOR('',#10224,1.);
#10224 = DIRECTION('',(-0.,1.,0.));
#10225 = PCURVE('',#9521,#10226);
#10226 = DEFINITIONAL_REPRESENTATION('',(#10227),#10230);
#10227 = B_SPLINE_CURVE_WITH_KNOTS('',1,(#10228,#10229),.UNSPECIFIED.,
  .F.,.F.,(2,2),(98.2,101.8),.PIECEWISE_BEZIER_KNOTS.);
#10228 = CARTESIAN_POINT('',(9.7,196.4));
#10229 = CARTESIAN_POINT('',(9.7,200.));
#10230 = ( GEOMETRIC_REPRESENTATION_CONTEXT(2) 
PARAMETRIC_REPRESENTATION_CONTEXT() REPRESENTATION_CONTEXT('2D SPACE',''
  ) );
#10231 = PCURVE('',#10232,#10237);
#10232 = PLANE('',#10233);
#10233 = AXIS2_PLACEMENT_3D('',#10234,#10235,#10236);
#10234 = CARTESIAN_POINT('',(107.7,91.4,346.3));
#10235 = DIRECTION('',(1.,0.,-0.));
#10236 = DIRECTION('',(0.,0.,1.));
#10237 = DEFINITIONAL_REPRESENTATION('',(#10238),#10241);
#10238 = B_SPLINE_CURVE_WITH_KNOTS('',1,(#10239,#10240),.UNSPECIFIED.,
  .F.,.F.,(2,2),(98.2,101.8),.PIECEWISE_BEZIER_KNOTS.);
#10239 = CARTESIAN_POINT('',(15.7,0.));
#10240 = CARTESIAN_POINT('',(15.7,-3.6));
#10241 = ( GEOMETRIC_REPRESENTATION_CONTEXT(2) 
PARAMETRIC_REPRESENTATION_CONTEXT() REPRESENTATION_CONTEXT('2D SPACE',''
  ) );
#10242 = FACE_BOUND('',#10243,.T.);
#10243 = EDGE_LOOP('',(#10244,#10272,#10298,#10324));
#10244 = ORIENTED_EDGE('',*,*,#10245,.T.);
#10245 = EDGE_CURVE('',#10246,#10248,#10250,.T.);
#10246 = VERTEX_POINT('',#10247);
#10247 = CARTESIAN_POINT('',(118.7,91.4,362.));
#10248 = VERTEX_POINT('',#10249);
#10249 = CARTESIAN_POINT('',(111.3,91.4,362.));
#10250 = SURFACE_CURVE('',#10251,(#10255,#10261),.PCURVE_S1.);
#10251 = LINE('',#10252,#10253);
#10252 = CARTESIAN_POINT('',(104.65,91.4,362.));
#10253 = VECTOR('',#10254,1.);
#10254 = DIRECTION('',(-1.,-0.,0.));
#10255 = PCURVE('',#9521,#10256);
#10256 = DEFINITIONAL_REPRESENTATION('',(#10257),#10260);
#10257 = B_SPLINE_CURVE_WITH_KNOTS('',1,(#10258,#10259),.UNSPECIFIED.,
  .F.,.F.,(2,2),(-14.05,-6.65),.PIECEWISE_BEZIER_KNOTS.);
#10258 = CARTESIAN_POINT('',(20.7,196.4));
#10259 = CARTESIAN_POINT('',(13.3,196.4));
#10260 = ( GEOMETRIC_REPRESENTATION_CONTEXT(2) 
PARAMETRIC_REPRESENTATION_CONTEXT() REPRESENTATION_CONTEXT('2D SPACE',''
  ) );
#10261 = PCURVE('',#10262,#10267);
#10262 = PLANE('',#10263);
#10263 = AXIS2_PLACEMENT_3D('',#10264,#10265,#10266);
#10264 = CARTESIAN_POINT('',(111.3,91.4,346.3));
#10265 = DIRECTION('',(-0.,1.,0.));
#10266 = DIRECTION('',(0.,0.,1.));
#10267 = DEFINITIONAL_REPRESENTATION('',(#10268),#10271);
#10268 = B_SPLINE_CURVE_WITH_KNOTS('',1,(#10269,#10270),.UNSPECIFIED.,
  .F.,.F.,(2,2),(-14.05,-6.65),.PIECEWISE_BEZIER_KNOTS.);
#10269 = CARTESIAN_POINT('',(15.7,7.4));
#10270 = CARTESIAN_POINT('',(15.7,0.));
#10271 = ( GEOMETRIC_REPRESENTATION_CONTEXT(2) 
PARAMETRIC_REPRESENTATION_CONTEXT() REPRESENTATION_CONTEXT('2D SPACE',''
  ) );
#10272 = ORIENTED_EDGE('',*,*,#10273,.T.);
#10273 = EDGE_CURVE('',#10248,#10274,#10276,.T.);
#10274 = VERTEX_POINT('',#10275);
#10275 = CARTESIAN_POINT('',(111.3,95.,362.));
#10276 = SURFACE_CURVE('',#10277,(#10281,#10287),.PCURVE_S1.);
#10277 = LINE('',#10278,#10279);
#10278 = CARTESIAN_POINT('',(111.3,-6.8,362.));
#10279 = VECTOR('',#10280,1.);
#10280 = DIRECTION('',(-0.,1.,0.));
#10281 = PCURVE('',#9521,#10282);
#10282 = DEFINITIONAL_REPRESENTATION('',(#10283),#10286);
#10283 = B_SPLINE_CURVE_WITH_KNOTS('',1,(#10284,#10285),.UNSPECIFIED.,
  .F.,.F.,(2,2),(98.2,101.8),.PIECEWISE_BEZIER_KNOTS.);
#10284 = CARTESIAN_POINT('',(13.3,196.4));
#10285 = CARTESIAN_POINT('',(13.3,200.));
#10286 = ( GEOMETRIC_REPRESENTATION_CONTEXT(2) 
PARAMETRIC_REPRESENTATION_CONTEXT() REPRESENTATION_CONTEXT('2D SPACE',''
  ) );
#10287 = PCURVE('',#10288,#10293);
#10288 = PLANE('',#10289);
#10289 = AXIS2_PLACEMENT_3D('',#10290,#10291,#10292);
#10290 = CARTESIAN_POINT('',(111.3,91.4,346.3));
#10291 = DIRECTION('',(1.,0.,-0.));
#10292 = DIRECTION('',(0.,0.,1.));
#10293 = DEFINITIONAL_REPRESENTATION('',(#10294),#10297);
#10294 = B_SPLINE_CURVE_WITH_KNOTS('',1,(#10295,#10296),.UNSPECIFIED.,
  .F.,.F.,(2,2),(98.2,101.8),.PIECEWISE_BEZIER_KNOTS.);
#10295 = CARTESIAN_POINT('',(15.7,0.));
#10296 = CARTESIAN_POINT('',(15.7,-3.6));
#10297 = ( GEOMETRIC_REPRESENTATION_CONTEXT(2) 
PARAMETRIC_REPRESENTATION_CONTEXT() REPRESENTATION_CONTEXT('2D SPACE',''
  ) );
#10298 = ORIENTED_EDGE('',*,*,#10299,.F.);
#10299 = EDGE_CURVE('',#10300,#10274,#10302,.T.);
#10300 = VERTEX_POINT('',#10301);
#10301 = CARTESIAN_POINT('',(118.7,95.,362.));
#10302 = SURFACE_CURVE('',#10303,(#10307,#10313),.PCURVE_S1.);
#10303 = LINE('',#10304,#10305);
#10304 = CARTESIAN_POINT('',(104.65,95.,362.));
#10305 = VECTOR('',#10306,1.);
#10306 = DIRECTION('',(-1.,-0.,0.));
#10307 = PCURVE('',#9521,#10308);
#10308 = DEFINITIONAL_REPRESENTATION('',(#10309),#10312);
#10309 = B_SPLINE_CURVE_WITH_KNOTS('',1,(#10310,#10311),.UNSPECIFIED.,
  .F.,.F.,(2,2),(-14.05,-6.65),.PIECEWISE_BEZIER_KNOTS.);
#10310 = CARTESIAN_POINT('',(20.7,200.));
#10311 = CARTESIAN_POINT('',(13.3,200.));
#10312 = ( GEOMETRIC_REPRESENTATION_CONTEXT(2) 
PARAMETRIC_REPRESENTATION_CONTEXT() REPRESENTATION_CONTEXT('2D SPACE',''
  ) );
#10313 = PCURVE('',#10314,#10319);
#10314 = PLANE('',#10315);
#10315 = AXIS2_PLACEMENT_3D('',#10316,#10317,#10318);
#10316 = CARTESIAN_POINT('',(111.3,95.,346.3));
#10317 = DIRECTION('',(-0.,1.,0.));
#10318 = DIRECTION('',(0.,0.,1.));
#10319 = DEFINITIONAL_REPRESENTATION('',(#10320),#10323);
#10320 = B_SPLINE_CURVE_WITH_KNOTS('',1,(#10321,#10322),.UNSPECIFIED.,
  .F.,.F.,(2,2),(-14.05,-6.65),.PIECEWISE_BEZIER_KNOTS.);
#10321 = CARTESIAN_POINT('',(15.7,7.4));
#10322 = CARTESIAN_POINT('',(15.7,0.));
#10323 = ( GEOMETRIC_REPRESENTATION_CONTEXT(2) 
PARAMETRIC_REPRESENTATION_CONTEXT() REPRESENTATION_CONTEXT('2D SPACE',''
  ) );
#10324 = ORIENTED_EDGE('',*,*,#10325,.F.);
#10325 = EDGE_CURVE('',#10246,#10300,#10326,.T.);
#10326 = SURFACE_CURVE('',#10327,(#10331,#10337),.PCURVE_S1.);
#10327 = LINE('',#10328,#10329);
#10328 = CARTESIAN_POINT('',(118.7,-6.8,362.));
#10329 = VECTOR('',#10330,1.);
#10330 = DIRECTION('',(-0.,1.,0.));
#10331 = PCURVE('',#9521,#10332);
#10332 = DEFINITIONAL_REPRESENTATION('',(#10333),#10336);
#10333 = B_SPLINE_CURVE_WITH_KNOTS('',1,(#10334,#10335),.UNSPECIFIED.,
  .F.,.F.,(2,2),(98.2,101.8),.PIECEWISE_BEZIER_KNOTS.);
#10334 = CARTESIAN_POINT('',(20.7,196.4));
#10335 = CARTESIAN_POINT('',(20.7,200.));
#10336 = ( GEOMETRIC_REPRESENTATION_CONTEXT(2) 
PARAMETRIC_REPRESENTATION_CONTEXT() REPRESENTATION_CONTEXT('2D SPACE',''
  ) );
#10337 = PCURVE('',#10338,#10343);
#10338 = PLANE('',#10339);
#10339 = AXIS2_PLACEMENT_3D('',#10340,#10341,#10342);
#10340 = CARTESIAN_POINT('',(118.7,91.4,346.3));
#10341 = DIRECTION('',(1.,0.,-0.));
#10342 = DIRECTION('',(0.,0.,1.));
#10343 = DEFINITIONAL_REPRESENTATION('',(#10344),#10347);
#10344 = B_SPLINE_CURVE_WITH_KNOTS('',1,(#10345,#10346),.UNSPECIFIED.,
  .F.,.F.,(2,2),(98.2,101.8),.PIECEWISE_BEZIER_KNOTS.);
#10345 = CARTESIAN_POINT('',(15.7,0.));
#10346 = CARTESIAN_POINT('',(15.7,-3.6));
#10347 = ( GEOMETRIC_REPRESENTATION_CONTEXT(2) 
PARAMETRIC_REPRESENTATION_CONTEXT() REPRESENTATION_CONTEXT('2D SPACE',''
  ) );
#10348 = ADVANCED_FACE('',(#10349,#10397,#10428),#9495,.T.);
#10349 = FACE_BOUND('',#10350,.T.);
#10350 = EDGE_LOOP('',(#10351,#10374,#10375,#10376));
#10351 = ORIENTED_EDGE('',*,*,#10352,.F.);
#10352 = EDGE_CURVE('',#9452,#10353,#10355,.T.);
#10353 = VERTEX_POINT('',#10354);
#10354 = CARTESIAN_POINT('',(121.,105.,338.));
#10355 = SURFACE_CURVE('',#10356,(#10360,#10367),.PCURVE_S1.);
#10356 = LINE('',#10357,#10358);
#10357 = CARTESIAN_POINT('',(98.,105.,338.));
#10358 = VECTOR('',#10359,1.);
#10359 = DIRECTION('',(1.,0.,-0.));
#10360 = PCURVE('',#9495,#10361);
#10361 = DEFINITIONAL_REPRESENTATION('',(#10362),#10366);
#10362 = LINE('',#10363,#10364);
#10363 = CARTESIAN_POINT('',(0.,0.));
#10364 = VECTOR('',#10365,1.);
#10365 = DIRECTION('',(0.,1.));
#10366 = ( GEOMETRIC_REPRESENTATION_CONTEXT(2) 
PARAMETRIC_REPRESENTATION_CONTEXT() REPRESENTATION_CONTEXT('2D SPACE',''
  ) );
#10367 = PCURVE('',#9467,#10368);
#10368 = DEFINITIONAL_REPRESENTATION('',(#10369),#10373);
#10369 = LINE('',#10370,#10371);
#10370 = CARTESIAN_POINT('',(0.,210.));
#10371 = VECTOR('',#10372,1.);
#10372 = DIRECTION('',(1.,0.));
#10373 = ( GEOMETRIC_REPRESENTATION_CONTEXT(2) 
PARAMETRIC_REPRESENTATION_CONTEXT() REPRESENTATION_CONTEXT('2D SPACE',''
  ) );
#10374 = ORIENTED_EDGE('',*,*,#9479,.T.);
#10375 = ORIENTED_EDGE('',*,*,#9725,.T.);
#10376 = ORIENTED_EDGE('',*,*,#10377,.F.);
#10377 = EDGE_CURVE('',#10353,#9703,#10378,.T.);
#10378 = SURFACE_CURVE('',#10379,(#10383,#10390),.PCURVE_S1.);
#10379 = LINE('',#10380,#10381);
#10380 = CARTESIAN_POINT('',(121.,105.,338.));
#10381 = VECTOR('',#10382,1.);
#10382 = DIRECTION('',(0.,0.,1.));
#10383 = PCURVE('',#9495,#10384);
#10384 = DEFINITIONAL_REPRESENTATION('',(#10385),#10389);
#10385 = LINE('',#10386,#10387);
#10386 = CARTESIAN_POINT('',(0.,23.));
#10387 = VECTOR('',#10388,1.);
#10388 = DIRECTION('',(1.,0.));
#10389 = ( GEOMETRIC_REPRESENTATION_CONTEXT(2) 
PARAMETRIC_REPRESENTATION_CONTEXT() REPRESENTATION_CONTEXT('2D SPACE',''
  ) );
#10390 = PCURVE('',#9597,#10391);
#10391 = DEFINITIONAL_REPRESENTATION('',(#10392),#10396);
#10392 = LINE('',#10393,#10394);
#10393 = CARTESIAN_POINT('',(0.,-210.));
#10394 = VECTOR('',#10395,1.);
#10395 = DIRECTION('',(1.,0.));
#10396 = ( GEOMETRIC_REPRESENTATION_CONTEXT(2) 
PARAMETRIC_REPRESENTATION_CONTEXT() REPRESENTATION_CONTEXT('2D SPACE',''
  ) );
#10397 = FACE_BOUND('',#10398,.T.);
#10398 = EDGE_LOOP('',(#10399));
#10399 = ORIENTED_EDGE('',*,*,#10400,.F.);
#10400 = EDGE_CURVE('',#10401,#10401,#10403,.T.);
#10401 = VERTEX_POINT('',#10402);
#10402 = CARTESIAN_POINT('',(104.,105.,352.2));
#10403 = SURFACE_CURVE('',#10404,(#10409,#10416),.PCURVE_S1.);
#10404 = CIRCLE('',#10405,2.2);
#10405 = AXIS2_PLACEMENT_3D('',#10406,#10407,#10408);
#10406 = CARTESIAN_POINT('',(104.,105.,350.));
#10407 = DIRECTION('',(0.,1.,0.));
#10408 = DIRECTION('',(0.,-0.,1.));
#10409 = PCURVE('',#9495,#10410);
#10410 = DEFINITIONAL_REPRESENTATION('',(#10411),#10415);
#10411 = CIRCLE('',#10412,2.2);
#10412 = AXIS2_PLACEMENT_2D('',#10413,#10414);
#10413 = CARTESIAN_POINT('',(12.,6.));
#10414 = DIRECTION('',(1.,0.));
#10415 = ( GEOMETRIC_REPRESENTATION_CONTEXT(2) 
PARAMETRIC_REPRESENTATION_CONTEXT() REPRESENTATION_CONTEXT('2D SPACE',''
  ) );
#10416 = PCURVE('',#10417,#10422);
#10417 = CYLINDRICAL_SURFACE('',#10418,2.2);
#10418 = AXIS2_PLACEMENT_3D('',#10419,#10420,#10421);
#10419 = CARTESIAN_POINT('',(104.,86.,350.));
#10420 = DIRECTION('',(0.,1.,0.));
#10421 = DIRECTION('',(0.,-0.,1.));
#10422 = DEFINITIONAL_REPRESENTATION('',(#10423),#10427);
#10423 = LINE('',#10424,#10425);
#10424 = CARTESIAN_POINT('',(0.,19.));
#10425 = VECTOR('',#10426,1.);
#10426 = DIRECTION('',(1.,0.));
#10427 = ( GEOMETRIC_REPRESENTATION_CONTEXT(2) 
PARAMETRIC_REPRESENTATION_CONTEXT() REPRESENTATION_CONTEXT('2D SPACE',''
  ) );
#10428 = FACE_BOUND('',#10429,.T.);
#10429 = EDGE_LOOP('',(#10430));
#10430 = ORIENTED_EDGE('',*,*,#10431,.F.);
#10431 = EDGE_CURVE('',#10432,#10432,#10434,.T.);
#10432 = VERTEX_POINT('',#10433);
#10433 = CARTESIAN_POINT('',(115.,105.,352.2));
#10434 = SURFACE_CURVE('',#10435,(#10440,#10447),.PCURVE_S1.);
#10435 = CIRCLE('',#10436,2.2);
#10436 = AXIS2_PLACEMENT_3D('',#10437,#10438,#10439);
#10437 = CARTESIAN_POINT('',(115.,105.,350.));
#10438 = DIRECTION('',(0.,1.,0.));
#10439 = DIRECTION('',(0.,-0.,1.));
#10440 = PCURVE('',#9495,#10441);
#10441 = DEFINITIONAL_REPRESENTATION('',(#10442),#10446);
#10442 = CIRCLE('',#10443,2.2);
#10443 = AXIS2_PLACEMENT_2D('',#10444,#10445);
#10444 = CARTESIAN_POINT('',(12.,17.));
#10445 = DIRECTION('',(1.,0.));
#10446 = ( GEOMETRIC_REPRESENTATION_CONTEXT(2) 
PARAMETRIC_REPRESENTATION_CONTEXT() REPRESENTATION_CONTEXT('2D SPACE',''
  ) );
#10447 = PCURVE('',#10448,#10453);
#10448 = CYLINDRICAL_SURFACE('',#10449,2.2);
#10449 = AXIS2_PLACEMENT_3D('',#10450,#10451,#10452);
#10450 = CARTESIAN_POINT('',(115.,86.,350.));
#10451 = DIRECTION('',(0.,1.,0.));
#10452 = DIRECTION('',(0.,-0.,1.));
#10453 = DEFINITIONAL_REPRESENTATION('',(#10454),#10458);
#10454 = LINE('',#10455,#10456);
#10455 = CARTESIAN_POINT('',(0.,19.));
#10456 = VECTOR('',#10457,1.);
#10457 = DIRECTION('',(1.,0.));
#10458 = ( GEOMETRIC_REPRESENTATION_CONTEXT(2) 
PARAMETRIC_REPRESENTATION_CONTEXT() REPRESENTATION_CONTEXT('2D SPACE',''
  ) );
#10459 = ADVANCED_FACE('',(#10460),#9467,.F.);
#10460 = FACE_BOUND('',#10461,.F.);
#10461 = EDGE_LOOP('',(#10462,#10463,#10464,#10485));
#10462 = ORIENTED_EDGE('',*,*,#9451,.F.);
#10463 = ORIENTED_EDGE('',*,*,#9536,.T.);
#10464 = ORIENTED_EDGE('',*,*,#10465,.T.);
#10465 = EDGE_CURVE('',#9537,#10353,#10466,.T.);
#10466 = SURFACE_CURVE('',#10467,(#10471,#10478),.PCURVE_S1.);
#10467 = LINE('',#10468,#10469);
#10468 = CARTESIAN_POINT('',(121.,-105.,338.));
#10469 = VECTOR('',#10470,1.);
#10470 = DIRECTION('',(-0.,1.,0.));
#10471 = PCURVE('',#9467,#10472);
#10472 = DEFINITIONAL_REPRESENTATION('',(#10473),#10477);
#10473 = LINE('',#10474,#10475);
#10474 = CARTESIAN_POINT('',(23.,0.));
#10475 = VECTOR('',#10476,1.);
#10476 = DIRECTION('',(0.,1.));
#10477 = ( GEOMETRIC_REPRESENTATION_CONTEXT(2) 
PARAMETRIC_REPRESENTATION_CONTEXT() REPRESENTATION_CONTEXT('2D SPACE',''
  ) );
#10478 = PCURVE('',#9597,#10479);
#10479 = DEFINITIONAL_REPRESENTATION('',(#10480),#10484);
#10480 = LINE('',#10481,#10482);
#10481 = CARTESIAN_POINT('',(0.,0.));
#10482 = VECTOR('',#10483,1.);
#10483 = DIRECTION('',(0.,-1.));
#10484 = ( GEOMETRIC_REPRESENTATION_CONTEXT(2) 
PARAMETRIC_REPRESENTATION_CONTEXT() REPRESENTATION_CONTEXT('2D SPACE',''
  ) );
#10485 = ORIENTED_EDGE('',*,*,#10352,.F.);
#10486 = ADVANCED_FACE('',(#10487),#9597,.T.);
#10487 = FACE_BOUND('',#10488,.T.);
#10488 = EDGE_LOOP('',(#10489,#10490,#10491,#10492,#10493,#10494,#10515,
    #10541,#10562,#10583,#10604,#10630));
#10489 = ORIENTED_EDGE('',*,*,#9748,.F.);
#10490 = ORIENTED_EDGE('',*,*,#9583,.F.);
#10491 = ORIENTED_EDGE('',*,*,#10465,.T.);
#10492 = ORIENTED_EDGE('',*,*,#10377,.T.);
#10493 = ORIENTED_EDGE('',*,*,#9702,.F.);
#10494 = ORIENTED_EDGE('',*,*,#10495,.F.);
#10495 = EDGE_CURVE('',#10496,#9675,#10498,.T.);
#10496 = VERTEX_POINT('',#10497);
#10497 = CARTESIAN_POINT('',(121.,84.,344.53553390593));
#10498 = SURFACE_CURVE('',#10499,(#10503,#10509),.PCURVE_S1.);
#10499 = LINE('',#10500,#10501);
#10500 = CARTESIAN_POINT('',(121.,84.,348.24264068711));
#10501 = VECTOR('',#10502,1.);
#10502 = DIRECTION('',(0.,-0.,1.));
#10503 = PCURVE('',#9597,#10504);
#10504 = DEFINITIONAL_REPRESENTATION('',(#10505),#10508);
#10505 = B_SPLINE_CURVE_WITH_KNOTS('',1,(#10506,#10507),.UNSPECIFIED.,
  .F.,.F.,(2,2),(-3.707106781187,13.757359312881),
  .PIECEWISE_BEZIER_KNOTS.);
#10506 = CARTESIAN_POINT('',(6.535533905933,-189.));
#10507 = CARTESIAN_POINT('',(24.,-189.));
#10508 = ( GEOMETRIC_REPRESENTATION_CONTEXT(2) 
PARAMETRIC_REPRESENTATION_CONTEXT() REPRESENTATION_CONTEXT('2D SPACE',''
  ) );
#10509 = PCURVE('',#9691,#10510);
#10510 = DEFINITIONAL_REPRESENTATION('',(#10511),#10514);
#10511 = B_SPLINE_CURVE_WITH_KNOTS('',1,(#10512,#10513),.UNSPECIFIED.,
  .F.,.F.,(2,2),(-3.707106781187,13.757359312881),
  .PIECEWISE_BEZIER_KNOTS.);
#10512 = CARTESIAN_POINT('',(0.272077938642,20.));
#10513 = CARTESIAN_POINT('',(12.62132034356,7.650757595083));
#10514 = ( GEOMETRIC_REPRESENTATION_CONTEXT(2) 
PARAMETRIC_REPRESENTATION_CONTEXT() REPRESENTATION_CONTEXT('2D SPACE',''
  ) );
#10515 = ORIENTED_EDGE('',*,*,#10516,.F.);
#10516 = EDGE_CURVE('',#10517,#10496,#10519,.T.);
#10517 = VERTEX_POINT('',#10518);
#10518 = CARTESIAN_POINT('',(121.,52.,344.53553390593));
#10519 = SURFACE_CURVE('',#10520,(#10524,#10530),.PCURVE_S1.);
#10520 = LINE('',#10521,#10522);
#10521 = CARTESIAN_POINT('',(121.,-30.5,344.53553390593));
#10522 = VECTOR('',#10523,1.);
#10523 = DIRECTION('',(0.,1.,0.));
#10524 = PCURVE('',#9597,#10525);
#10525 = DEFINITIONAL_REPRESENTATION('',(#10526),#10529);
#10526 = B_SPLINE_CURVE_WITH_KNOTS('',1,(#10527,#10528),.UNSPECIFIED.,
  .F.,.F.,(2,2),(74.5,114.5),.PIECEWISE_BEZIER_KNOTS.);
#10527 = CARTESIAN_POINT('',(6.535533905933,-149.));
#10528 = CARTESIAN_POINT('',(6.535533905933,-189.));
#10529 = ( GEOMETRIC_REPRESENTATION_CONTEXT(2) 
PARAMETRIC_REPRESENTATION_CONTEXT() REPRESENTATION_CONTEXT('2D SPACE',''
  ) );
#10530 = PCURVE('',#10531,#10536);
#10531 = PLANE('',#10532);
#10532 = AXIS2_PLACEMENT_3D('',#10533,#10534,#10535);
#10533 = CARTESIAN_POINT('',(120.80761184457,44.,344.3431457505));
#10534 = DIRECTION('',(0.707106781187,0.,-0.707106781187));
#10535 = DIRECTION('',(0.707106781187,0.,0.707106781187));
#10536 = DEFINITIONAL_REPRESENTATION('',(#10537),#10540);
#10537 = B_SPLINE_CURVE_WITH_KNOTS('',1,(#10538,#10539),.UNSPECIFIED.,
  .F.,.F.,(2,2),(74.5,114.5),.PIECEWISE_BEZIER_KNOTS.);
#10538 = CARTESIAN_POINT('',(0.272077938642,0.));
#10539 = CARTESIAN_POINT('',(0.272077938642,-40.));
#10540 = ( GEOMETRIC_REPRESENTATION_CONTEXT(2) 
PARAMETRIC_REPRESENTATION_CONTEXT() REPRESENTATION_CONTEXT('2D SPACE',''
  ) );
#10541 = ORIENTED_EDGE('',*,*,#10542,.F.);
#10542 = EDGE_CURVE('',#10543,#10517,#10545,.T.);
#10543 = VERTEX_POINT('',#10544);
#10544 = CARTESIAN_POINT('',(121.,52.,341.32233047033));
#10545 = SURFACE_CURVE('',#10546,(#10550,#10556),.PCURVE_S1.);
#10546 = LINE('',#10547,#10548);
#10547 = CARTESIAN_POINT('',(121.,52.,358.14213562373));
#10548 = VECTOR('',#10549,1.);
#10549 = DIRECTION('',(0.,-0.,1.));
#10550 = PCURVE('',#9597,#10551);
#10551 = DEFINITIONAL_REPRESENTATION('',(#10552),#10555);
#10552 = B_SPLINE_CURVE_WITH_KNOTS('',1,(#10553,#10554),.UNSPECIFIED.,
  .F.,.F.,(2,2),(-16.81980515339,3.857864376269),
  .PIECEWISE_BEZIER_KNOTS.);
#10553 = CARTESIAN_POINT('',(3.322330470336,-157.));
#10554 = CARTESIAN_POINT('',(24.,-157.));
#10555 = ( GEOMETRIC_REPRESENTATION_CONTEXT(2) 
PARAMETRIC_REPRESENTATION_CONTEXT() REPRESENTATION_CONTEXT('2D SPACE',''
  ) );
#10556 = PCURVE('',#9890,#10557);
#10557 = DEFINITIONAL_REPRESENTATION('',(#10558),#10561);
#10558 = B_SPLINE_CURVE_WITH_KNOTS('',1,(#10559,#10560),.UNSPECIFIED.,
  .F.,.F.,(2,2),(-16.81980515339,3.857864376269),
  .PIECEWISE_BEZIER_KNOTS.);
#10559 = CARTESIAN_POINT('',(-1.42108547152E-14,52.272077938642));
#10560 = CARTESIAN_POINT('',(14.62132034356,37.650757595083));
#10561 = ( GEOMETRIC_REPRESENTATION_CONTEXT(2) 
PARAMETRIC_REPRESENTATION_CONTEXT() REPRESENTATION_CONTEXT('2D SPACE',''
  ) );
#10562 = ORIENTED_EDGE('',*,*,#10563,.T.);
#10563 = EDGE_CURVE('',#10543,#10564,#10566,.T.);
#10564 = VERTEX_POINT('',#10565);
#10565 = CARTESIAN_POINT('',(121.,-52.,341.32233047033));
#10566 = SURFACE_CURVE('',#10567,(#10571,#10577),.PCURVE_S1.);
#10567 = LINE('',#10568,#10569);
#10568 = CARTESIAN_POINT('',(121.,-78.5,341.32233047033));
#10569 = VECTOR('',#10570,1.);
#10570 = DIRECTION('',(0.,-1.,0.));
#10571 = PCURVE('',#9597,#10572);
#10572 = DEFINITIONAL_REPRESENTATION('',(#10573),#10576);
#10573 = B_SPLINE_CURVE_WITH_KNOTS('',1,(#10574,#10575),.UNSPECIFIED.,
  .F.,.F.,(2,2),(-130.5,-26.5),.PIECEWISE_BEZIER_KNOTS.);
#10574 = CARTESIAN_POINT('',(3.322330470336,-157.));
#10575 = CARTESIAN_POINT('',(3.322330470336,-53.));
#10576 = ( GEOMETRIC_REPRESENTATION_CONTEXT(2) 
PARAMETRIC_REPRESENTATION_CONTEXT() REPRESENTATION_CONTEXT('2D SPACE',''
  ) );
#10577 = PCURVE('',#9864,#10578);
#10578 = DEFINITIONAL_REPRESENTATION('',(#10579),#10582);
#10579 = B_SPLINE_CURVE_WITH_KNOTS('',1,(#10580,#10581),.UNSPECIFIED.,
  .F.,.F.,(2,2),(-130.5,-26.5),.PIECEWISE_BEZIER_KNOTS.);
#10580 = CARTESIAN_POINT('',(52.272077938642,104.));
#10581 = CARTESIAN_POINT('',(52.272077938642,0.));
#10582 = ( GEOMETRIC_REPRESENTATION_CONTEXT(2) 
PARAMETRIC_REPRESENTATION_CONTEXT() REPRESENTATION_CONTEXT('2D SPACE',''
  ) );
#10583 = ORIENTED_EDGE('',*,*,#10584,.T.);
#10584 = EDGE_CURVE('',#10564,#10585,#10587,.T.);
#10585 = VERTEX_POINT('',#10586);
#10586 = CARTESIAN_POINT('',(121.,-52.,344.53553390593));
#10587 = SURFACE_CURVE('',#10588,(#10592,#10598),.PCURVE_S1.);
#10588 = LINE('',#10589,#10590);
#10589 = CARTESIAN_POINT('',(121.,-52.,358.14213562373));
#10590 = VECTOR('',#10591,1.);
#10591 = DIRECTION('',(0.,-0.,1.));
#10592 = PCURVE('',#9597,#10593);
#10593 = DEFINITIONAL_REPRESENTATION('',(#10594),#10597);
#10594 = B_SPLINE_CURVE_WITH_KNOTS('',1,(#10595,#10596),.UNSPECIFIED.,
  .F.,.F.,(2,2),(-16.81980515339,3.857864376269),
  .PIECEWISE_BEZIER_KNOTS.);
#10595 = CARTESIAN_POINT('',(3.322330470336,-53.));
#10596 = CARTESIAN_POINT('',(24.,-53.));
#10597 = ( GEOMETRIC_REPRESENTATION_CONTEXT(2) 
PARAMETRIC_REPRESENTATION_CONTEXT() REPRESENTATION_CONTEXT('2D SPACE',''
  ) );
#10598 = PCURVE('',#9838,#10599);
#10599 = DEFINITIONAL_REPRESENTATION('',(#10600),#10603);
#10600 = B_SPLINE_CURVE_WITH_KNOTS('',1,(#10601,#10602),.UNSPECIFIED.,
  .F.,.F.,(2,2),(-16.81980515339,3.857864376269),
  .PIECEWISE_BEZIER_KNOTS.);
#10601 = CARTESIAN_POINT('',(-1.42108547152E-14,52.272077938642));
#10602 = CARTESIAN_POINT('',(14.62132034356,37.650757595083));
#10603 = ( GEOMETRIC_REPRESENTATION_CONTEXT(2) 
PARAMETRIC_REPRESENTATION_CONTEXT() REPRESENTATION_CONTEXT('2D SPACE',''
  ) );
#10604 = ORIENTED_EDGE('',*,*,#10605,.F.);
#10605 = EDGE_CURVE('',#10606,#10585,#10608,.T.);
#10606 = VERTEX_POINT('',#10607);
#10607 = CARTESIAN_POINT('',(121.,-84.,344.53553390593));
#10608 = SURFACE_CURVE('',#10609,(#10613,#10619),.PCURVE_S1.);
#10609 = LINE('',#10610,#10611);
#10610 = CARTESIAN_POINT('',(121.,-94.5,344.53553390593));
#10611 = VECTOR('',#10612,1.);
#10612 = DIRECTION('',(0.,1.,0.));
#10613 = PCURVE('',#9597,#10614);
#10614 = DEFINITIONAL_REPRESENTATION('',(#10615),#10618);
#10615 = B_SPLINE_CURVE_WITH_KNOTS('',1,(#10616,#10617),.UNSPECIFIED.,
  .F.,.F.,(2,2),(10.5,50.5),.PIECEWISE_BEZIER_KNOTS.);
#10616 = CARTESIAN_POINT('',(6.535533905933,-21.));
#10617 = CARTESIAN_POINT('',(6.535533905933,-61.));
#10618 = ( GEOMETRIC_REPRESENTATION_CONTEXT(2) 
PARAMETRIC_REPRESENTATION_CONTEXT() REPRESENTATION_CONTEXT('2D SPACE',''
  ) );
#10619 = PCURVE('',#10620,#10625);
#10620 = PLANE('',#10621);
#10621 = AXIS2_PLACEMENT_3D('',#10622,#10623,#10624);
#10622 = CARTESIAN_POINT('',(120.80761184457,-84.,344.3431457505));
#10623 = DIRECTION('',(0.707106781187,0.,-0.707106781187));
#10624 = DIRECTION('',(0.707106781187,0.,0.707106781187));
#10625 = DEFINITIONAL_REPRESENTATION('',(#10626),#10629);
#10626 = B_SPLINE_CURVE_WITH_KNOTS('',1,(#10627,#10628),.UNSPECIFIED.,
  .F.,.F.,(2,2),(10.5,50.5),.PIECEWISE_BEZIER_KNOTS.);
#10627 = CARTESIAN_POINT('',(0.272077938642,0.));
#10628 = CARTESIAN_POINT('',(0.272077938642,-40.));
#10629 = ( GEOMETRIC_REPRESENTATION_CONTEXT(2) 
PARAMETRIC_REPRESENTATION_CONTEXT() REPRESENTATION_CONTEXT('2D SPACE',''
  ) );
#10630 = ORIENTED_EDGE('',*,*,#10631,.T.);
#10631 = EDGE_CURVE('',#10606,#9749,#10632,.T.);
#10632 = SURFACE_CURVE('',#10633,(#10637,#10643),.PCURVE_S1.);
#10633 = LINE('',#10634,#10635);
#10634 = CARTESIAN_POINT('',(121.,-84.,348.24264068711));
#10635 = VECTOR('',#10636,1.);
#10636 = DIRECTION('',(0.,-0.,1.));
#10637 = PCURVE('',#9597,#10638);
#10638 = DEFINITIONAL_REPRESENTATION('',(#10639),#10642);
#10639 = B_SPLINE_CURVE_WITH_KNOTS('',1,(#10640,#10641),.UNSPECIFIED.,
  .F.,.F.,(2,2),(-3.707106781187,13.757359312881),
  .PIECEWISE_BEZIER_KNOTS.);
#10640 = CARTESIAN_POINT('',(6.535533905933,-21.));
#10641 = CARTESIAN_POINT('',(24.,-21.));
#10642 = ( GEOMETRIC_REPRESENTATION_CONTEXT(2) 
PARAMETRIC_REPRESENTATION_CONTEXT() REPRESENTATION_CONTEXT('2D SPACE',''
  ) );
#10643 = PCURVE('',#9786,#10644);
#10644 = DEFINITIONAL_REPRESENTATION('',(#10645),#10648);
#10645 = B_SPLINE_CURVE_WITH_KNOTS('',1,(#10646,#10647),.UNSPECIFIED.,
  .F.,.F.,(2,2),(-3.707106781187,13.757359312881),
  .PIECEWISE_BEZIER_KNOTS.);
#10646 = CARTESIAN_POINT('',(0.272077938642,20.));
#10647 = CARTESIAN_POINT('',(12.62132034356,7.650757595083));
#10648 = ( GEOMETRIC_REPRESENTATION_CONTEXT(2) 
PARAMETRIC_REPRESENTATION_CONTEXT() REPRESENTATION_CONTEXT('2D SPACE',''
  ) );
#10649 = ADVANCED_FACE('',(#10650),#9628,.F.);
#10650 = FACE_BOUND('',#10651,.F.);
#10651 = EDGE_LOOP('',(#10652,#10676,#10697,#10698));
#10652 = ORIENTED_EDGE('',*,*,#10653,.F.);
#10653 = EDGE_CURVE('',#10654,#10654,#10656,.T.);
#10654 = VERTEX_POINT('',#10655);
#10655 = CARTESIAN_POINT('',(104.,-95.,352.2));
#10656 = SURFACE_CURVE('',#10657,(#10662,#10669),.PCURVE_S1.);
#10657 = CIRCLE('',#10658,2.2);
#10658 = AXIS2_PLACEMENT_3D('',#10659,#10660,#10661);
#10659 = CARTESIAN_POINT('',(104.,-95.,350.));
#10660 = DIRECTION('',(0.,1.,0.));
#10661 = DIRECTION('',(0.,-0.,1.));
#10662 = PCURVE('',#9628,#10663);
#10663 = DEFINITIONAL_REPRESENTATION('',(#10664),#10668);
#10664 = LINE('',#10665,#10666);
#10665 = CARTESIAN_POINT('',(0.,10.));
#10666 = VECTOR('',#10667,1.);
#10667 = DIRECTION('',(1.,0.));
#10668 = ( GEOMETRIC_REPRESENTATION_CONTEXT(2) 
PARAMETRIC_REPRESENTATION_CONTEXT() REPRESENTATION_CONTEXT('2D SPACE',''
  ) );
#10669 = PCURVE('',#9944,#10670);
#10670 = DEFINITIONAL_REPRESENTATION('',(#10671),#10675);
#10671 = CIRCLE('',#10672,2.2);
#10672 = AXIS2_PLACEMENT_2D('',#10673,#10674);
#10673 = CARTESIAN_POINT('',(3.7,3.7));
#10674 = DIRECTION('',(1.,0.));
#10675 = ( GEOMETRIC_REPRESENTATION_CONTEXT(2) 
PARAMETRIC_REPRESENTATION_CONTEXT() REPRESENTATION_CONTEXT('2D SPACE',''
  ) );
#10676 = ORIENTED_EDGE('',*,*,#10677,.F.);
#10677 = EDGE_CURVE('',#9612,#10654,#10678,.T.);
#10678 = SEAM_CURVE('',#10679,(#10683,#10690),.PCURVE_S1.);
#10679 = LINE('',#10680,#10681);
#10680 = CARTESIAN_POINT('',(104.,-105.,352.2));
#10681 = VECTOR('',#10682,1.);
#10682 = DIRECTION('',(0.,1.,0.));
#10683 = PCURVE('',#9628,#10684);
#10684 = DEFINITIONAL_REPRESENTATION('',(#10685),#10689);
#10685 = LINE('',#10686,#10687);
#10686 = CARTESIAN_POINT('',(6.28318530718,-0.));
#10687 = VECTOR('',#10688,1.);
#10688 = DIRECTION('',(0.,1.));
#10689 = ( GEOMETRIC_REPRESENTATION_CONTEXT(2) 
PARAMETRIC_REPRESENTATION_CONTEXT() REPRESENTATION_CONTEXT('2D SPACE',''
  ) );
#10690 = PCURVE('',#9628,#10691);
#10691 = DEFINITIONAL_REPRESENTATION('',(#10692),#10696);
#10692 = LINE('',#10693,#10694);
#10693 = CARTESIAN_POINT('',(0.,-0.));
#10694 = VECTOR('',#10695,1.);
#10695 = DIRECTION('',(0.,1.));
#10696 = ( GEOMETRIC_REPRESENTATION_CONTEXT(2) 
PARAMETRIC_REPRESENTATION_CONTEXT() REPRESENTATION_CONTEXT('2D SPACE',''
  ) );
#10697 = ORIENTED_EDGE('',*,*,#9611,.T.);
#10698 = ORIENTED_EDGE('',*,*,#10677,.T.);
#10699 = ADVANCED_FACE('',(#10700),#9659,.F.);
#10700 = FACE_BOUND('',#10701,.F.);
#10701 = EDGE_LOOP('',(#10702,#10726,#10747,#10748));
#10702 = ORIENTED_EDGE('',*,*,#10703,.F.);
#10703 = EDGE_CURVE('',#10704,#10704,#10706,.T.);
#10704 = VERTEX_POINT('',#10705);
#10705 = CARTESIAN_POINT('',(115.,-95.,352.2));
#10706 = SURFACE_CURVE('',#10707,(#10712,#10719),.PCURVE_S1.);
#10707 = CIRCLE('',#10708,2.2);
#10708 = AXIS2_PLACEMENT_3D('',#10709,#10710,#10711);
#10709 = CARTESIAN_POINT('',(115.,-95.,350.));
#10710 = DIRECTION('',(0.,1.,0.));
#10711 = DIRECTION('',(0.,-0.,1.));
#10712 = PCURVE('',#9659,#10713);
#10713 = DEFINITIONAL_REPRESENTATION('',(#10714),#10718);
#10714 = LINE('',#10715,#10716);
#10715 = CARTESIAN_POINT('',(0.,10.));
#10716 = VECTOR('',#10717,1.);
#10717 = DIRECTION('',(1.,0.));
#10718 = ( GEOMETRIC_REPRESENTATION_CONTEXT(2) 
PARAMETRIC_REPRESENTATION_CONTEXT() REPRESENTATION_CONTEXT('2D SPACE',''
  ) );
#10719 = PCURVE('',#10050,#10720);
#10720 = DEFINITIONAL_REPRESENTATION('',(#10721),#10725);
#10721 = CIRCLE('',#10722,2.2);
#10722 = AXIS2_PLACEMENT_2D('',#10723,#10724);
#10723 = CARTESIAN_POINT('',(3.7,3.7));
#10724 = DIRECTION('',(1.,0.));
#10725 = ( GEOMETRIC_REPRESENTATION_CONTEXT(2) 
PARAMETRIC_REPRESENTATION_CONTEXT() REPRESENTATION_CONTEXT('2D SPACE',''
  ) );
#10726 = ORIENTED_EDGE('',*,*,#10727,.F.);
#10727 = EDGE_CURVE('',#9643,#10704,#10728,.T.);
#10728 = SEAM_CURVE('',#10729,(#10733,#10740),.PCURVE_S1.);
#10729 = LINE('',#10730,#10731);
#10730 = CARTESIAN_POINT('',(115.,-105.,352.2));
#10731 = VECTOR('',#10732,1.);
#10732 = DIRECTION('',(0.,1.,0.));
#10733 = PCURVE('',#9659,#10734);
#10734 = DEFINITIONAL_REPRESENTATION('',(#10735),#10739);
#10735 = LINE('',#10736,#10737);
#10736 = CARTESIAN_POINT('',(6.28318530718,-0.));
#10737 = VECTOR('',#10738,1.);
#10738 = DIRECTION('',(0.,1.));
#10739 = ( GEOMETRIC_REPRESENTATION_CONTEXT(2) 
PARAMETRIC_REPRESENTATION_CONTEXT() REPRESENTATION_CONTEXT('2D SPACE',''
  ) );
#10740 = PCURVE('',#9659,#10741);
#10741 = DEFINITIONAL_REPRESENTATION('',(#10742),#10746);
#10742 = LINE('',#10743,#10744);
#10743 = CARTESIAN_POINT('',(0.,-0.));
#10744 = VECTOR('',#10745,1.);
#10745 = DIRECTION('',(0.,1.));
#10746 = ( GEOMETRIC_REPRESENTATION_CONTEXT(2) 
PARAMETRIC_REPRESENTATION_CONTEXT() REPRESENTATION_CONTEXT('2D SPACE',''
  ) );
#10747 = ORIENTED_EDGE('',*,*,#9642,.T.);
#10748 = ORIENTED_EDGE('',*,*,#10727,.T.);
#10749 = ADVANCED_FACE('',(#10750),#9691,.F.);
#10750 = FACE_BOUND('',#10751,.F.);
#10751 = EDGE_LOOP('',(#10752,#10775,#10803,#10824,#10825));
#10752 = ORIENTED_EDGE('',*,*,#10753,.F.);
#10753 = EDGE_CURVE('',#10754,#10496,#10756,.T.);
#10754 = VERTEX_POINT('',#10755);
#10755 = CARTESIAN_POINT('',(120.80761184457,84.,344.3431457505));
#10756 = SURFACE_CURVE('',#10757,(#10761,#10768),.PCURVE_S1.);
#10757 = LINE('',#10758,#10759);
#10758 = CARTESIAN_POINT('',(120.80761184457,84.,344.3431457505));
#10759 = VECTOR('',#10760,1.);
#10760 = DIRECTION('',(0.707106781187,0.,0.707106781187));
#10761 = PCURVE('',#9691,#10762);
#10762 = DEFINITIONAL_REPRESENTATION('',(#10763),#10767);
#10763 = LINE('',#10764,#10765);
#10764 = CARTESIAN_POINT('',(-1.7763568394E-15,20.));
#10765 = VECTOR('',#10766,1.);
#10766 = DIRECTION('',(1.,0.));
#10767 = ( GEOMETRIC_REPRESENTATION_CONTEXT(2) 
PARAMETRIC_REPRESENTATION_CONTEXT() REPRESENTATION_CONTEXT('2D SPACE',''
  ) );
#10768 = PCURVE('',#10531,#10769);
#10769 = DEFINITIONAL_REPRESENTATION('',(#10770),#10774);
#10770 = LINE('',#10771,#10772);
#10771 = CARTESIAN_POINT('',(0.,-40.));
#10772 = VECTOR('',#10773,1.);
#10773 = DIRECTION('',(1.,0.));
#10774 = ( GEOMETRIC_REPRESENTATION_CONTEXT(2) 
PARAMETRIC_REPRESENTATION_CONTEXT() REPRESENTATION_CONTEXT('2D SPACE',''
  ) );
#10775 = ORIENTED_EDGE('',*,*,#10776,.F.);
#10776 = EDGE_CURVE('',#10777,#10754,#10779,.T.);
#10777 = VERTEX_POINT('',#10778);
#10778 = CARTESIAN_POINT('',(106.66547622084,84.,358.48528137423));
#10779 = SURFACE_CURVE('',#10780,(#10784,#10791),.PCURVE_S1.);
#10780 = LINE('',#10781,#10782);
#10781 = CARTESIAN_POINT('',(106.66547622084,84.,358.48528137423));
#10782 = VECTOR('',#10783,1.);
#10783 = DIRECTION('',(0.707106781187,0.,-0.707106781187));
#10784 = PCURVE('',#9691,#10785);
#10785 = DEFINITIONAL_REPRESENTATION('',(#10786),#10790);
#10786 = LINE('',#10787,#10788);
#10787 = CARTESIAN_POINT('',(0.,0.));
#10788 = VECTOR('',#10789,1.);
#10789 = DIRECTION('',(0.,1.));
#10790 = ( GEOMETRIC_REPRESENTATION_CONTEXT(2) 
PARAMETRIC_REPRESENTATION_CONTEXT() REPRESENTATION_CONTEXT('2D SPACE',''
  ) );
#10791 = PCURVE('',#10792,#10797);
#10792 = PLANE('',#10793);
#10793 = AXIS2_PLACEMENT_3D('',#10794,#10795,#10796);
#10794 = CARTESIAN_POINT('',(106.66547622084,44.,358.48528137423));
#10795 = DIRECTION('',(0.707106781187,0.,0.707106781187));
#10796 = DIRECTION('',(0.707106781187,0.,-0.707106781187));
#10797 = DEFINITIONAL_REPRESENTATION('',(#10798),#10802);
#10798 = LINE('',#10799,#10800);
#10799 = CARTESIAN_POINT('',(0.,40.));
#10800 = VECTOR('',#10801,1.);
#10801 = DIRECTION('',(1.,0.));
#10802 = ( GEOMETRIC_REPRESENTATION_CONTEXT(2) 
PARAMETRIC_REPRESENTATION_CONTEXT() REPRESENTATION_CONTEXT('2D SPACE',''
  ) );
#10803 = ORIENTED_EDGE('',*,*,#10804,.T.);
#10804 = EDGE_CURVE('',#10777,#9677,#10805,.T.);
#10805 = SURFACE_CURVE('',#10806,(#10810,#10817),.PCURVE_S1.);
#10806 = LINE('',#10807,#10808);
#10807 = CARTESIAN_POINT('',(106.66547622084,84.,358.48528137423));
#10808 = VECTOR('',#10809,1.);
#10809 = DIRECTION('',(0.707106781187,0.,0.707106781187));
#10810 = PCURVE('',#9691,#10811);
#10811 = DEFINITIONAL_REPRESENTATION('',(#10812),#10816);
#10812 = LINE('',#10813,#10814);
#10813 = CARTESIAN_POINT('',(0.,0.));
#10814 = VECTOR('',#10815,1.);
#10815 = DIRECTION('',(1.,0.));
#10816 = ( GEOMETRIC_REPRESENTATION_CONTEXT(2) 
PARAMETRIC_REPRESENTATION_CONTEXT() REPRESENTATION_CONTEXT('2D SPACE',''
  ) );
#10817 = PCURVE('',#9914,#10818);
#10818 = DEFINITIONAL_REPRESENTATION('',(#10819),#10823);
#10819 = LINE('',#10820,#10821);
#10820 = CARTESIAN_POINT('',(0.,-40.));
#10821 = VECTOR('',#10822,1.);
#10822 = DIRECTION('',(1.,0.));
#10823 = ( GEOMETRIC_REPRESENTATION_CONTEXT(2) 
PARAMETRIC_REPRESENTATION_CONTEXT() REPRESENTATION_CONTEXT('2D SPACE',''
  ) );
#10824 = ORIENTED_EDGE('',*,*,#9674,.F.);
#10825 = ORIENTED_EDGE('',*,*,#10495,.F.);
#10826 = ADVANCED_FACE('',(#10827),#9914,.T.);
#10827 = FACE_BOUND('',#10828,.T.);
#10828 = EDGE_LOOP('',(#10829,#10850,#10871,#10872));
#10829 = ORIENTED_EDGE('',*,*,#10830,.T.);
#10830 = EDGE_CURVE('',#9876,#10831,#10833,.T.);
#10831 = VERTEX_POINT('',#10832);
#10832 = CARTESIAN_POINT('',(106.66547622084,52.,358.48528137423));
#10833 = SURFACE_CURVE('',#10834,(#10838,#10844),.PCURVE_S1.);
#10834 = LINE('',#10835,#10836);
#10835 = CARTESIAN_POINT('',(105.95836943965,52.,357.77817459305));
#10836 = VECTOR('',#10837,1.);
#10837 = DIRECTION('',(-0.707106781187,0.,-0.707106781187));
#10838 = PCURVE('',#9914,#10839);
#10839 = DEFINITIONAL_REPRESENTATION('',(#10840),#10843);
#10840 = B_SPLINE_CURVE_WITH_KNOTS('',1,(#10841,#10842),.UNSPECIFIED.,
  .F.,.F.,(2,2),(-13.62132034356,-1.),.PIECEWISE_BEZIER_KNOTS.);
#10841 = CARTESIAN_POINT('',(12.62132034356,-8.));
#10842 = CARTESIAN_POINT('',(0.,-8.));
#10843 = ( GEOMETRIC_REPRESENTATION_CONTEXT(2) 
PARAMETRIC_REPRESENTATION_CONTEXT() REPRESENTATION_CONTEXT('2D SPACE',''
  ) );
#10844 = PCURVE('',#9890,#10845);
#10845 = DEFINITIONAL_REPRESENTATION('',(#10846),#10849);
#10846 = B_SPLINE_CURVE_WITH_KNOTS('',1,(#10847,#10848),.UNSPECIFIED.,
  .F.,.F.,(2,2),(-13.62132034356,-1.),.PIECEWISE_BEZIER_KNOTS.);
#10847 = CARTESIAN_POINT('',(14.62132034356,30.));
#10848 = CARTESIAN_POINT('',(2.,30.));
#10849 = ( GEOMETRIC_REPRESENTATION_CONTEXT(2) 
PARAMETRIC_REPRESENTATION_CONTEXT() REPRESENTATION_CONTEXT('2D SPACE',''
  ) );
#10850 = ORIENTED_EDGE('',*,*,#10851,.T.);
#10851 = EDGE_CURVE('',#10831,#10777,#10852,.T.);
#10852 = SURFACE_CURVE('',#10853,(#10857,#10864),.PCURVE_S1.);
#10853 = LINE('',#10854,#10855);
#10854 = CARTESIAN_POINT('',(106.66547622084,44.,358.48528137423));
#10855 = VECTOR('',#10856,1.);
#10856 = DIRECTION('',(0.,1.,0.));
#10857 = PCURVE('',#9914,#10858);
#10858 = DEFINITIONAL_REPRESENTATION('',(#10859),#10863);
#10859 = LINE('',#10860,#10861);
#10860 = CARTESIAN_POINT('',(0.,0.));
#10861 = VECTOR('',#10862,1.);
#10862 = DIRECTION('',(0.,-1.));
#10863 = ( GEOMETRIC_REPRESENTATION_CONTEXT(2) 
PARAMETRIC_REPRESENTATION_CONTEXT() REPRESENTATION_CONTEXT('2D SPACE',''
  ) );
#10864 = PCURVE('',#10792,#10865);
#10865 = DEFINITIONAL_REPRESENTATION('',(#10866),#10870);
#10866 = LINE('',#10867,#10868);
#10867 = CARTESIAN_POINT('',(0.,0.));
#10868 = VECTOR('',#10869,1.);
#10869 = DIRECTION('',(0.,1.));
#10870 = ( GEOMETRIC_REPRESENTATION_CONTEXT(2) 
PARAMETRIC_REPRESENTATION_CONTEXT() REPRESENTATION_CONTEXT('2D SPACE',''
  ) );
#10871 = ORIENTED_EDGE('',*,*,#10804,.T.);
#10872 = ORIENTED_EDGE('',*,*,#9901,.F.);
#10873 = ADVANCED_FACE('',(#10874),#9890,.F.);
#10874 = FACE_BOUND('',#10875,.F.);
#10875 = EDGE_LOOP('',(#10876,#10897,#10898,#10899,#10920,#10939));
#10876 = ORIENTED_EDGE('',*,*,#10877,.F.);
#10877 = EDGE_CURVE('',#9850,#10543,#10878,.T.);
#10878 = SURFACE_CURVE('',#10879,(#10883,#10890),.PCURVE_S1.);
#10879 = LINE('',#10880,#10881);
#10880 = CARTESIAN_POINT('',(84.038059222874,52.,378.28427124746));
#10881 = VECTOR('',#10882,1.);
#10882 = DIRECTION('',(0.707106781187,0.,-0.707106781187));
#10883 = PCURVE('',#9890,#10884);
#10884 = DEFINITIONAL_REPRESENTATION('',(#10885),#10889);
#10885 = LINE('',#10886,#10887);
#10886 = CARTESIAN_POINT('',(0.,0.));
#10887 = VECTOR('',#10888,1.);
#10888 = DIRECTION('',(0.,1.));
#10889 = ( GEOMETRIC_REPRESENTATION_CONTEXT(2) 
PARAMETRIC_REPRESENTATION_CONTEXT() REPRESENTATION_CONTEXT('2D SPACE',''
  ) );
#10890 = PCURVE('',#9864,#10891);
#10891 = DEFINITIONAL_REPRESENTATION('',(#10892),#10896);
#10892 = LINE('',#10893,#10894);
#10893 = CARTESIAN_POINT('',(0.,104.));
#10894 = VECTOR('',#10895,1.);
#10895 = DIRECTION('',(1.,0.));
#10896 = ( GEOMETRIC_REPRESENTATION_CONTEXT(2) 
PARAMETRIC_REPRESENTATION_CONTEXT() REPRESENTATION_CONTEXT('2D SPACE',''
  ) );
#10897 = ORIENTED_EDGE('',*,*,#9875,.F.);
#10898 = ORIENTED_EDGE('',*,*,#10830,.T.);
#10899 = ORIENTED_EDGE('',*,*,#10900,.T.);
#10900 = EDGE_CURVE('',#10831,#10901,#10903,.T.);
#10901 = VERTEX_POINT('',#10902);
#10902 = CARTESIAN_POINT('',(120.80761184457,52.,344.3431457505));
#10903 = SURFACE_CURVE('',#10904,(#10908,#10914),.PCURVE_S1.);
#10904 = LINE('',#10905,#10906);
#10905 = CARTESIAN_POINT('',(96.058874503046,52.,369.09188309203));
#10906 = VECTOR('',#10907,1.);
#10907 = DIRECTION('',(0.707106781187,0.,-0.707106781187));
#10908 = PCURVE('',#9890,#10909);
#10909 = DEFINITIONAL_REPRESENTATION('',(#10910),#10913);
#10910 = B_SPLINE_CURVE_WITH_KNOTS('',1,(#10911,#10912),.UNSPECIFIED.,
  .F.,.F.,(2,2),(15.,35.),.PIECEWISE_BEZIER_KNOTS.);
#10911 = CARTESIAN_POINT('',(2.,30.));
#10912 = CARTESIAN_POINT('',(2.,50.));
#10913 = ( GEOMETRIC_REPRESENTATION_CONTEXT(2) 
PARAMETRIC_REPRESENTATION_CONTEXT() REPRESENTATION_CONTEXT('2D SPACE',''
  ) );
#10914 = PCURVE('',#10792,#10915);
#10915 = DEFINITIONAL_REPRESENTATION('',(#10916),#10919);
#10916 = B_SPLINE_CURVE_WITH_KNOTS('',1,(#10917,#10918),.UNSPECIFIED.,
  .F.,.F.,(2,2),(15.,35.),.PIECEWISE_BEZIER_KNOTS.);
#10917 = CARTESIAN_POINT('',(0.,8.));
#10918 = CARTESIAN_POINT('',(20.,8.));
#10919 = ( GEOMETRIC_REPRESENTATION_CONTEXT(2) 
PARAMETRIC_REPRESENTATION_CONTEXT() REPRESENTATION_CONTEXT('2D SPACE',''
  ) );
#10920 = ORIENTED_EDGE('',*,*,#10921,.F.);
#10921 = EDGE_CURVE('',#10517,#10901,#10922,.T.);
#10922 = SURFACE_CURVE('',#10923,(#10927,#10933),.PCURVE_S1.);
#10923 = LINE('',#10924,#10925);
#10924 = CARTESIAN_POINT('',(120.10050506338,52.,343.63603896932));
#10925 = VECTOR('',#10926,1.);
#10926 = DIRECTION('',(-0.707106781187,0.,-0.707106781187));
#10927 = PCURVE('',#9890,#10928);
#10928 = DEFINITIONAL_REPRESENTATION('',(#10929),#10932);
#10929 = B_SPLINE_CURVE_WITH_KNOTS('',1,(#10930,#10931),.UNSPECIFIED.,
  .F.,.F.,(2,2),(-13.62132034356,-1.),.PIECEWISE_BEZIER_KNOTS.);
#10930 = CARTESIAN_POINT('',(14.62132034356,50.));
#10931 = CARTESIAN_POINT('',(2.,50.));
#10932 = ( GEOMETRIC_REPRESENTATION_CONTEXT(2) 
PARAMETRIC_REPRESENTATION_CONTEXT() REPRESENTATION_CONTEXT('2D SPACE',''
  ) );
#10933 = PCURVE('',#10531,#10934);
#10934 = DEFINITIONAL_REPRESENTATION('',(#10935),#10938);
#10935 = B_SPLINE_CURVE_WITH_KNOTS('',1,(#10936,#10937),.UNSPECIFIED.,
  .F.,.F.,(2,2),(-13.62132034356,-1.),.PIECEWISE_BEZIER_KNOTS.);
#10936 = CARTESIAN_POINT('',(12.62132034356,-8.));
#10937 = CARTESIAN_POINT('',(0.,-8.));
#10938 = ( GEOMETRIC_REPRESENTATION_CONTEXT(2) 
PARAMETRIC_REPRESENTATION_CONTEXT() REPRESENTATION_CONTEXT('2D SPACE',''
  ) );
#10939 = ORIENTED_EDGE('',*,*,#10542,.F.);
#10940 = ADVANCED_FACE('',(#10941,#10967),#9864,.T.);
#10941 = FACE_BOUND('',#10942,.T.);
#10942 = EDGE_LOOP('',(#10943,#10944,#10945,#10966));
#10943 = ORIENTED_EDGE('',*,*,#10877,.F.);
#10944 = ORIENTED_EDGE('',*,*,#9849,.F.);
#10945 = ORIENTED_EDGE('',*,*,#10946,.T.);
#10946 = EDGE_CURVE('',#9824,#10564,#10947,.T.);
#10947 = SURFACE_CURVE('',#10948,(#10952,#10959),.PCURVE_S1.);
#10948 = LINE('',#10949,#10950);
#10949 = CARTESIAN_POINT('',(84.038059222874,-52.,378.28427124746));
#10950 = VECTOR('',#10951,1.);
#10951 = DIRECTION('',(0.707106781187,0.,-0.707106781187));
#10952 = PCURVE('',#9864,#10953);
#10953 = DEFINITIONAL_REPRESENTATION('',(#10954),#10958);
#10954 = LINE('',#10955,#10956);
#10955 = CARTESIAN_POINT('',(0.,0.));
#10956 = VECTOR('',#10957,1.);
#10957 = DIRECTION('',(1.,0.));
#10958 = ( GEOMETRIC_REPRESENTATION_CONTEXT(2) 
PARAMETRIC_REPRESENTATION_CONTEXT() REPRESENTATION_CONTEXT('2D SPACE',''
  ) );
#10959 = PCURVE('',#9838,#10960);
#10960 = DEFINITIONAL_REPRESENTATION('',(#10961),#10965);
#10961 = LINE('',#10962,#10963);
#10962 = CARTESIAN_POINT('',(0.,0.));
#10963 = VECTOR('',#10964,1.);
#10964 = DIRECTION('',(0.,1.));
#10965 = ( GEOMETRIC_REPRESENTATION_CONTEXT(2) 
PARAMETRIC_REPRESENTATION_CONTEXT() REPRESENTATION_CONTEXT('2D SPACE',''
  ) );
#10966 = ORIENTED_EDGE('',*,*,#10563,.F.);
#10967 = FACE_BOUND('',#10968,.T.);
#10968 = EDGE_LOOP('',(#10969,#10997,#11023,#11049));
#10969 = ORIENTED_EDGE('',*,*,#10970,.T.);
#10970 = EDGE_CURVE('',#10971,#10973,#10975,.T.);
#10971 = VERTEX_POINT('',#10972);
#10972 = CARTESIAN_POINT('',(103.4834957055,-32.,358.83883476483));
#10973 = VERTEX_POINT('',#10974);
#10974 = CARTESIAN_POINT('',(100.65506858075,-32.,361.66726188957));
#10975 = SURFACE_CURVE('',#10976,(#10980,#10986),.PCURVE_S1.);
#10976 = LINE('',#10977,#10978);
#10977 = CARTESIAN_POINT('',(92.346563901816,-32.,369.97576656852));
#10978 = VECTOR('',#10979,1.);
#10979 = DIRECTION('',(-0.707106781187,0.,0.707106781187));
#10980 = PCURVE('',#9864,#10981);
#10981 = DEFINITIONAL_REPRESENTATION('',(#10982),#10985);
#10982 = B_SPLINE_CURVE_WITH_KNOTS('',1,(#10983,#10984),.UNSPECIFIED.,
  .F.,.F.,(2,2),(-15.75,-11.75),.PIECEWISE_BEZIER_KNOTS.);
#10983 = CARTESIAN_POINT('',(27.5,20.));
#10984 = CARTESIAN_POINT('',(23.5,20.));
#10985 = ( GEOMETRIC_REPRESENTATION_CONTEXT(2) 
PARAMETRIC_REPRESENTATION_CONTEXT() REPRESENTATION_CONTEXT('2D SPACE',''
  ) );
#10986 = PCURVE('',#10987,#10992);
#10987 = PLANE('',#10988);
#10988 = AXIS2_PLACEMENT_3D('',#10989,#10990,#10991);
#10989 = CARTESIAN_POINT('',(98.533748237199,-32.,359.54594154601));
#10990 = DIRECTION('',(0.,1.,0.));
#10991 = DIRECTION('',(0.707106781187,0.,0.707106781187));
#10992 = DEFINITIONAL_REPRESENTATION('',(#10993),#10996);
#10993 = B_SPLINE_CURVE_WITH_KNOTS('',1,(#10994,#10995),.UNSPECIFIED.,
  .F.,.F.,(2,2),(-15.75,-11.75),.PIECEWISE_BEZIER_KNOTS.);
#10994 = CARTESIAN_POINT('',(3.,4.));
#10995 = CARTESIAN_POINT('',(3.,0.));
#10996 = ( GEOMETRIC_REPRESENTATION_CONTEXT(2) 
PARAMETRIC_REPRESENTATION_CONTEXT() REPRESENTATION_CONTEXT('2D SPACE',''
  ) );
#10997 = ORIENTED_EDGE('',*,*,#10998,.T.);
#10998 = EDGE_CURVE('',#10973,#10999,#11001,.T.);
#10999 = VERTEX_POINT('',#11000);
#11000 = CARTESIAN_POINT('',(100.65506858075,32.,361.66726188957));
#11001 = SURFACE_CURVE('',#11002,(#11006,#11012),.PCURVE_S1.);
#11002 = LINE('',#11003,#11004);
#11003 = CARTESIAN_POINT('',(100.65506858075,-42.,361.66726188957));
#11004 = VECTOR('',#11005,1.);
#11005 = DIRECTION('',(-0.,1.,0.));
#11006 = PCURVE('',#9864,#11007);
#11007 = DEFINITIONAL_REPRESENTATION('',(#11008),#11011);
#11008 = B_SPLINE_CURVE_WITH_KNOTS('',1,(#11009,#11010),.UNSPECIFIED.,
  .F.,.F.,(2,2),(10.,74.),.PIECEWISE_BEZIER_KNOTS.);
#11009 = CARTESIAN_POINT('',(23.5,20.));
#11010 = CARTESIAN_POINT('',(23.5,84.));
#11011 = ( GEOMETRIC_REPRESENTATION_CONTEXT(2) 
PARAMETRIC_REPRESENTATION_CONTEXT() REPRESENTATION_CONTEXT('2D SPACE',''
  ) );
#11012 = PCURVE('',#11013,#11018);
#11013 = PLANE('',#11014);
#11014 = AXIS2_PLACEMENT_3D('',#11015,#11016,#11017);
#11015 = CARTESIAN_POINT('',(98.533748237199,-32.,359.54594154601));
#11016 = DIRECTION('',(0.707106781187,0.,-0.707106781187));
#11017 = DIRECTION('',(0.707106781187,0.,0.707106781187));
#11018 = DEFINITIONAL_REPRESENTATION('',(#11019),#11022);
#11019 = B_SPLINE_CURVE_WITH_KNOTS('',1,(#11020,#11021),.UNSPECIFIED.,
  .F.,.F.,(2,2),(10.,74.),.PIECEWISE_BEZIER_KNOTS.);
#11020 = CARTESIAN_POINT('',(3.,0.));
#11021 = CARTESIAN_POINT('',(3.,-64.));
#11022 = ( GEOMETRIC_REPRESENTATION_CONTEXT(2) 
PARAMETRIC_REPRESENTATION_CONTEXT() REPRESENTATION_CONTEXT('2D SPACE',''
  ) );
#11023 = ORIENTED_EDGE('',*,*,#11024,.F.);
#11024 = EDGE_CURVE('',#11025,#10999,#11027,.T.);
#11025 = VERTEX_POINT('',#11026);
#11026 = CARTESIAN_POINT('',(103.4834957055,32.,358.83883476483));
#11027 = SURFACE_CURVE('',#11028,(#11032,#11038),.PCURVE_S1.);
#11028 = LINE('',#11029,#11030);
#11029 = CARTESIAN_POINT('',(92.346563901816,32.,369.97576656852));
#11030 = VECTOR('',#11031,1.);
#11031 = DIRECTION('',(-0.707106781187,0.,0.707106781187));
#11032 = PCURVE('',#9864,#11033);
#11033 = DEFINITIONAL_REPRESENTATION('',(#11034),#11037);
#11034 = B_SPLINE_CURVE_WITH_KNOTS('',1,(#11035,#11036),.UNSPECIFIED.,
  .F.,.F.,(2,2),(-15.75,-11.75),.PIECEWISE_BEZIER_KNOTS.);
#11035 = CARTESIAN_POINT('',(27.5,84.));
#11036 = CARTESIAN_POINT('',(23.5,84.));
#11037 = ( GEOMETRIC_REPRESENTATION_CONTEXT(2) 
PARAMETRIC_REPRESENTATION_CONTEXT() REPRESENTATION_CONTEXT('2D SPACE',''
  ) );
#11038 = PCURVE('',#11039,#11044);
#11039 = PLANE('',#11040);
#11040 = AXIS2_PLACEMENT_3D('',#11041,#11042,#11043);
#11041 = CARTESIAN_POINT('',(98.533748237199,32.,359.54594154601));
#11042 = DIRECTION('',(0.,1.,0.));
#11043 = DIRECTION('',(0.707106781187,0.,0.707106781187));
#11044 = DEFINITIONAL_REPRESENTATION('',(#11045),#11048);
#11045 = B_SPLINE_CURVE_WITH_KNOTS('',1,(#11046,#11047),.UNSPECIFIED.,
  .F.,.F.,(2,2),(-15.75,-11.75),.PIECEWISE_BEZIER_KNOTS.);
#11046 = CARTESIAN_POINT('',(3.,4.));
#11047 = CARTESIAN_POINT('',(3.,0.));
#11048 = ( GEOMETRIC_REPRESENTATION_CONTEXT(2) 
PARAMETRIC_REPRESENTATION_CONTEXT() REPRESENTATION_CONTEXT('2D SPACE',''
  ) );
#11049 = ORIENTED_EDGE('',*,*,#11050,.F.);
#11050 = EDGE_CURVE('',#10971,#11025,#11051,.T.);
#11051 = SURFACE_CURVE('',#11052,(#11056,#11062),.PCURVE_S1.);
#11052 = LINE('',#11053,#11054);
#11053 = CARTESIAN_POINT('',(103.4834957055,-42.,358.83883476483));
#11054 = VECTOR('',#11055,1.);
#11055 = DIRECTION('',(-0.,1.,0.));
#11056 = PCURVE('',#9864,#11057);
#11057 = DEFINITIONAL_REPRESENTATION('',(#11058),#11061);
#11058 = B_SPLINE_CURVE_WITH_KNOTS('',1,(#11059,#11060),.UNSPECIFIED.,
  .F.,.F.,(2,2),(10.,74.),.PIECEWISE_BEZIER_KNOTS.);
#11059 = CARTESIAN_POINT('',(27.5,20.));
#11060 = CARTESIAN_POINT('',(27.5,84.));
#11061 = ( GEOMETRIC_REPRESENTATION_CONTEXT(2) 
PARAMETRIC_REPRESENTATION_CONTEXT() REPRESENTATION_CONTEXT('2D SPACE',''
  ) );
#11062 = PCURVE('',#11063,#11068);
#11063 = PLANE('',#11064);
#11064 = AXIS2_PLACEMENT_3D('',#11065,#11066,#11067);
#11065 = CARTESIAN_POINT('',(101.36217536194,-32.,356.71751442127));
#11066 = DIRECTION('',(0.707106781187,0.,-0.707106781187));
#11067 = DIRECTION('',(0.707106781187,0.,0.707106781187));
#11068 = DEFINITIONAL_REPRESENTATION('',(#11069),#11072);
#11069 = B_SPLINE_CURVE_WITH_KNOTS('',1,(#11070,#11071),.UNSPECIFIED.,
  .F.,.F.,(2,2),(10.,74.),.PIECEWISE_BEZIER_KNOTS.);
#11070 = CARTESIAN_POINT('',(3.,0.));
#11071 = CARTESIAN_POINT('',(3.,-64.));
#11072 = ( GEOMETRIC_REPRESENTATION_CONTEXT(2) 
PARAMETRIC_REPRESENTATION_CONTEXT() REPRESENTATION_CONTEXT('2D SPACE',''
  ) );
#11073 = ADVANCED_FACE('',(#11074),#9838,.T.);
#11074 = FACE_BOUND('',#11075,.T.);
#11075 = EDGE_LOOP('',(#11076,#11077,#11078,#11099,#11125,#11144));
#11076 = ORIENTED_EDGE('',*,*,#10946,.F.);
#11077 = ORIENTED_EDGE('',*,*,#9823,.F.);
#11078 = ORIENTED_EDGE('',*,*,#11079,.T.);
#11079 = EDGE_CURVE('',#9798,#11080,#11082,.T.);
#11080 = VERTEX_POINT('',#11081);
#11081 = CARTESIAN_POINT('',(106.66547622084,-52.,358.48528137423));
#11082 = SURFACE_CURVE('',#11083,(#11087,#11093),.PCURVE_S1.);
#11083 = LINE('',#11084,#11085);
#11084 = CARTESIAN_POINT('',(105.95836943965,-52.,357.77817459305));
#11085 = VECTOR('',#11086,1.);
#11086 = DIRECTION('',(-0.707106781187,0.,-0.707106781187));
#11087 = PCURVE('',#9838,#11088);
#11088 = DEFINITIONAL_REPRESENTATION('',(#11089),#11092);
#11089 = B_SPLINE_CURVE_WITH_KNOTS('',1,(#11090,#11091),.UNSPECIFIED.,
  .F.,.F.,(2,2),(-13.62132034356,-1.),.PIECEWISE_BEZIER_KNOTS.);
#11090 = CARTESIAN_POINT('',(14.62132034356,30.));
#11091 = CARTESIAN_POINT('',(2.,30.));
#11092 = ( GEOMETRIC_REPRESENTATION_CONTEXT(2) 
PARAMETRIC_REPRESENTATION_CONTEXT() REPRESENTATION_CONTEXT('2D SPACE',''
  ) );
#11093 = PCURVE('',#9812,#11094);
#11094 = DEFINITIONAL_REPRESENTATION('',(#11095),#11098);
#11095 = B_SPLINE_CURVE_WITH_KNOTS('',1,(#11096,#11097),.UNSPECIFIED.,
  .F.,.F.,(2,2),(-13.62132034356,-1.),.PIECEWISE_BEZIER_KNOTS.);
#11096 = CARTESIAN_POINT('',(12.62132034356,-32.));
#11097 = CARTESIAN_POINT('',(0.,-32.));
#11098 = ( GEOMETRIC_REPRESENTATION_CONTEXT(2) 
PARAMETRIC_REPRESENTATION_CONTEXT() REPRESENTATION_CONTEXT('2D SPACE',''
  ) );
#11099 = ORIENTED_EDGE('',*,*,#11100,.T.);
#11100 = EDGE_CURVE('',#11080,#11101,#11103,.T.);
#11101 = VERTEX_POINT('',#11102);
#11102 = CARTESIAN_POINT('',(120.80761184457,-52.,344.3431457505));
#11103 = SURFACE_CURVE('',#11104,(#11108,#11114),.PCURVE_S1.);
#11104 = LINE('',#11105,#11106);
#11105 = CARTESIAN_POINT('',(96.058874503046,-52.,369.09188309203));
#11106 = VECTOR('',#11107,1.);
#11107 = DIRECTION('',(0.707106781187,0.,-0.707106781187));
#11108 = PCURVE('',#9838,#11109);
#11109 = DEFINITIONAL_REPRESENTATION('',(#11110),#11113);
#11110 = B_SPLINE_CURVE_WITH_KNOTS('',1,(#11111,#11112),.UNSPECIFIED.,
  .F.,.F.,(2,2),(15.,35.),.PIECEWISE_BEZIER_KNOTS.);
#11111 = CARTESIAN_POINT('',(2.,30.));
#11112 = CARTESIAN_POINT('',(2.,50.));
#11113 = ( GEOMETRIC_REPRESENTATION_CONTEXT(2) 
PARAMETRIC_REPRESENTATION_CONTEXT() REPRESENTATION_CONTEXT('2D SPACE',''
  ) );
#11114 = PCURVE('',#11115,#11120);
#11115 = PLANE('',#11116);
#11116 = AXIS2_PLACEMENT_3D('',#11117,#11118,#11119);
#11117 = CARTESIAN_POINT('',(106.66547622084,-84.,358.48528137423));
#11118 = DIRECTION('',(0.707106781187,0.,0.707106781187));
#11119 = DIRECTION('',(0.707106781187,0.,-0.707106781187));
#11120 = DEFINITIONAL_REPRESENTATION('',(#11121),#11124);
#11121 = B_SPLINE_CURVE_WITH_KNOTS('',1,(#11122,#11123),.UNSPECIFIED.,
  .F.,.F.,(2,2),(15.,35.),.PIECEWISE_BEZIER_KNOTS.);
#11122 = CARTESIAN_POINT('',(0.,32.));
#11123 = CARTESIAN_POINT('',(20.,32.));
#11124 = ( GEOMETRIC_REPRESENTATION_CONTEXT(2) 
PARAMETRIC_REPRESENTATION_CONTEXT() REPRESENTATION_CONTEXT('2D SPACE',''
  ) );
#11125 = ORIENTED_EDGE('',*,*,#11126,.F.);
#11126 = EDGE_CURVE('',#10585,#11101,#11127,.T.);
#11127 = SURFACE_CURVE('',#11128,(#11132,#11138),.PCURVE_S1.);
#11128 = LINE('',#11129,#11130);
#11129 = CARTESIAN_POINT('',(120.10050506338,-52.,343.63603896932));
#11130 = VECTOR('',#11131,1.);
#11131 = DIRECTION('',(-0.707106781187,0.,-0.707106781187));
#11132 = PCURVE('',#9838,#11133);
#11133 = DEFINITIONAL_REPRESENTATION('',(#11134),#11137);
#11134 = B_SPLINE_CURVE_WITH_KNOTS('',1,(#11135,#11136),.UNSPECIFIED.,
  .F.,.F.,(2,2),(-13.62132034356,-1.),.PIECEWISE_BEZIER_KNOTS.);
#11135 = CARTESIAN_POINT('',(14.62132034356,50.));
#11136 = CARTESIAN_POINT('',(2.,50.));
#11137 = ( GEOMETRIC_REPRESENTATION_CONTEXT(2) 
PARAMETRIC_REPRESENTATION_CONTEXT() REPRESENTATION_CONTEXT('2D SPACE',''
  ) );
#11138 = PCURVE('',#10620,#11139);
#11139 = DEFINITIONAL_REPRESENTATION('',(#11140),#11143);
#11140 = B_SPLINE_CURVE_WITH_KNOTS('',1,(#11141,#11142),.UNSPECIFIED.,
  .F.,.F.,(2,2),(-13.62132034356,-1.),.PIECEWISE_BEZIER_KNOTS.);
#11141 = CARTESIAN_POINT('',(12.62132034356,-32.));
#11142 = CARTESIAN_POINT('',(0.,-32.));
#11143 = ( GEOMETRIC_REPRESENTATION_CONTEXT(2) 
PARAMETRIC_REPRESENTATION_CONTEXT() REPRESENTATION_CONTEXT('2D SPACE',''
  ) );
#11144 = ORIENTED_EDGE('',*,*,#10584,.F.);
#11145 = ADVANCED_FACE('',(#11146),#9812,.T.);
#11146 = FACE_BOUND('',#11147,.T.);
#11147 = EDGE_LOOP('',(#11148,#11171,#11192,#11193));
#11148 = ORIENTED_EDGE('',*,*,#11149,.F.);
#11149 = EDGE_CURVE('',#11150,#9772,#11152,.T.);
#11150 = VERTEX_POINT('',#11151);
#11151 = CARTESIAN_POINT('',(106.66547622084,-84.,358.48528137423));
#11152 = SURFACE_CURVE('',#11153,(#11157,#11164),.PCURVE_S1.);
#11153 = LINE('',#11154,#11155);
#11154 = CARTESIAN_POINT('',(106.66547622084,-84.,358.48528137423));
#11155 = VECTOR('',#11156,1.);
#11156 = DIRECTION('',(0.707106781187,0.,0.707106781187));
#11157 = PCURVE('',#9812,#11158);
#11158 = DEFINITIONAL_REPRESENTATION('',(#11159),#11163);
#11159 = LINE('',#11160,#11161);
#11160 = CARTESIAN_POINT('',(0.,0.));
#11161 = VECTOR('',#11162,1.);
#11162 = DIRECTION('',(1.,0.));
#11163 = ( GEOMETRIC_REPRESENTATION_CONTEXT(2) 
PARAMETRIC_REPRESENTATION_CONTEXT() REPRESENTATION_CONTEXT('2D SPACE',''
  ) );
#11164 = PCURVE('',#9786,#11165);
#11165 = DEFINITIONAL_REPRESENTATION('',(#11166),#11170);
#11166 = LINE('',#11167,#11168);
#11167 = CARTESIAN_POINT('',(0.,0.));
#11168 = VECTOR('',#11169,1.);
#11169 = DIRECTION('',(1.,0.));
#11170 = ( GEOMETRIC_REPRESENTATION_CONTEXT(2) 
PARAMETRIC_REPRESENTATION_CONTEXT() REPRESENTATION_CONTEXT('2D SPACE',''
  ) );
#11171 = ORIENTED_EDGE('',*,*,#11172,.T.);
#11172 = EDGE_CURVE('',#11150,#11080,#11173,.T.);
#11173 = SURFACE_CURVE('',#11174,(#11178,#11185),.PCURVE_S1.);
#11174 = LINE('',#11175,#11176);
#11175 = CARTESIAN_POINT('',(106.66547622084,-84.,358.48528137423));
#11176 = VECTOR('',#11177,1.);
#11177 = DIRECTION('',(0.,1.,0.));
#11178 = PCURVE('',#9812,#11179);
#11179 = DEFINITIONAL_REPRESENTATION('',(#11180),#11184);
#11180 = LINE('',#11181,#11182);
#11181 = CARTESIAN_POINT('',(0.,0.));
#11182 = VECTOR('',#11183,1.);
#11183 = DIRECTION('',(0.,-1.));
#11184 = ( GEOMETRIC_REPRESENTATION_CONTEXT(2) 
PARAMETRIC_REPRESENTATION_CONTEXT() REPRESENTATION_CONTEXT('2D SPACE',''
  ) );
#11185 = PCURVE('',#11115,#11186);
#11186 = DEFINITIONAL_REPRESENTATION('',(#11187),#11191);
#11187 = LINE('',#11188,#11189);
#11188 = CARTESIAN_POINT('',(0.,0.));
#11189 = VECTOR('',#11190,1.);
#11190 = DIRECTION('',(0.,1.));
#11191 = ( GEOMETRIC_REPRESENTATION_CONTEXT(2) 
PARAMETRIC_REPRESENTATION_CONTEXT() REPRESENTATION_CONTEXT('2D SPACE',''
  ) );
#11192 = ORIENTED_EDGE('',*,*,#11079,.F.);
#11193 = ORIENTED_EDGE('',*,*,#9797,.F.);
#11194 = ADVANCED_FACE('',(#11195),#9786,.T.);
#11195 = FACE_BOUND('',#11196,.T.);
#11196 = EDGE_LOOP('',(#11197,#11220,#11241,#11242,#11243));
#11197 = ORIENTED_EDGE('',*,*,#11198,.F.);
#11198 = EDGE_CURVE('',#11199,#10606,#11201,.T.);
#11199 = VERTEX_POINT('',#11200);
#11200 = CARTESIAN_POINT('',(120.80761184457,-84.,344.3431457505));
#11201 = SURFACE_CURVE('',#11202,(#11206,#11213),.PCURVE_S1.);
#11202 = LINE('',#11203,#11204);
#11203 = CARTESIAN_POINT('',(120.80761184457,-84.,344.3431457505));
#11204 = VECTOR('',#11205,1.);
#11205 = DIRECTION('',(0.707106781187,0.,0.707106781187));
#11206 = PCURVE('',#9786,#11207);
#11207 = DEFINITIONAL_REPRESENTATION('',(#11208),#11212);
#11208 = LINE('',#11209,#11210);
#11209 = CARTESIAN_POINT('',(-1.7763568394E-15,20.));
#11210 = VECTOR('',#11211,1.);
#11211 = DIRECTION('',(1.,0.));
#11212 = ( GEOMETRIC_REPRESENTATION_CONTEXT(2) 
PARAMETRIC_REPRESENTATION_CONTEXT() REPRESENTATION_CONTEXT('2D SPACE',''
  ) );
#11213 = PCURVE('',#10620,#11214);
#11214 = DEFINITIONAL_REPRESENTATION('',(#11215),#11219);
#11215 = LINE('',#11216,#11217);
#11216 = CARTESIAN_POINT('',(0.,0.));
#11217 = VECTOR('',#11218,1.);
#11218 = DIRECTION('',(1.,0.));
#11219 = ( GEOMETRIC_REPRESENTATION_CONTEXT(2) 
PARAMETRIC_REPRESENTATION_CONTEXT() REPRESENTATION_CONTEXT('2D SPACE',''
  ) );
#11220 = ORIENTED_EDGE('',*,*,#11221,.F.);
#11221 = EDGE_CURVE('',#11150,#11199,#11222,.T.);
#11222 = SURFACE_CURVE('',#11223,(#11227,#11234),.PCURVE_S1.);
#11223 = LINE('',#11224,#11225);
#11224 = CARTESIAN_POINT('',(106.66547622084,-84.,358.48528137423));
#11225 = VECTOR('',#11226,1.);
#11226 = DIRECTION('',(0.707106781187,0.,-0.707106781187));
#11227 = PCURVE('',#9786,#11228);
#11228 = DEFINITIONAL_REPRESENTATION('',(#11229),#11233);
#11229 = LINE('',#11230,#11231);
#11230 = CARTESIAN_POINT('',(0.,0.));
#11231 = VECTOR('',#11232,1.);
#11232 = DIRECTION('',(0.,1.));
#11233 = ( GEOMETRIC_REPRESENTATION_CONTEXT(2) 
PARAMETRIC_REPRESENTATION_CONTEXT() REPRESENTATION_CONTEXT('2D SPACE',''
  ) );
#11234 = PCURVE('',#11115,#11235);
#11235 = DEFINITIONAL_REPRESENTATION('',(#11236),#11240);
#11236 = LINE('',#11237,#11238);
#11237 = CARTESIAN_POINT('',(0.,0.));
#11238 = VECTOR('',#11239,1.);
#11239 = DIRECTION('',(1.,0.));
#11240 = ( GEOMETRIC_REPRESENTATION_CONTEXT(2) 
PARAMETRIC_REPRESENTATION_CONTEXT() REPRESENTATION_CONTEXT('2D SPACE',''
  ) );
#11241 = ORIENTED_EDGE('',*,*,#11149,.T.);
#11242 = ORIENTED_EDGE('',*,*,#9771,.F.);
#11243 = ORIENTED_EDGE('',*,*,#10631,.F.);
#11244 = ADVANCED_FACE('',(#11245,#11320),#9944,.T.);
#11245 = FACE_BOUND('',#11246,.T.);
#11246 = EDGE_LOOP('',(#11247,#11270,#11298,#11319));
#11247 = ORIENTED_EDGE('',*,*,#11248,.F.);
#11248 = EDGE_CURVE('',#11249,#9928,#11251,.T.);
#11249 = VERTEX_POINT('',#11250);
#11250 = CARTESIAN_POINT('',(107.7,-95.,346.3));
#11251 = SURFACE_CURVE('',#11252,(#11256,#11263),.PCURVE_S1.);
#11252 = LINE('',#11253,#11254);
#11253 = CARTESIAN_POINT('',(107.7,-95.,346.3));
#11254 = VECTOR('',#11255,1.);
#11255 = DIRECTION('',(0.,0.,1.));
#11256 = PCURVE('',#9944,#11257);
#11257 = DEFINITIONAL_REPRESENTATION('',(#11258),#11262);
#11258 = LINE('',#11259,#11260);
#11259 = CARTESIAN_POINT('',(0.,7.4));
#11260 = VECTOR('',#11261,1.);
#11261 = DIRECTION('',(1.,0.));
#11262 = ( GEOMETRIC_REPRESENTATION_CONTEXT(2) 
PARAMETRIC_REPRESENTATION_CONTEXT() REPRESENTATION_CONTEXT('2D SPACE',''
  ) );
#11263 = PCURVE('',#10020,#11264);
#11264 = DEFINITIONAL_REPRESENTATION('',(#11265),#11269);
#11265 = LINE('',#11266,#11267);
#11266 = CARTESIAN_POINT('',(0.,0.));
#11267 = VECTOR('',#11268,1.);
#11268 = DIRECTION('',(1.,0.));
#11269 = ( GEOMETRIC_REPRESENTATION_CONTEXT(2) 
PARAMETRIC_REPRESENTATION_CONTEXT() REPRESENTATION_CONTEXT('2D SPACE',''
  ) );
#11270 = ORIENTED_EDGE('',*,*,#11271,.F.);
#11271 = EDGE_CURVE('',#11272,#11249,#11274,.T.);
#11272 = VERTEX_POINT('',#11273);
#11273 = CARTESIAN_POINT('',(100.3,-95.,346.3));
#11274 = SURFACE_CURVE('',#11275,(#11279,#11286),.PCURVE_S1.);
#11275 = LINE('',#11276,#11277);
#11276 = CARTESIAN_POINT('',(100.3,-95.,346.3));
#11277 = VECTOR('',#11278,1.);
#11278 = DIRECTION('',(1.,0.,-0.));
#11279 = PCURVE('',#9944,#11280);
#11280 = DEFINITIONAL_REPRESENTATION('',(#11281),#11285);
#11281 = LINE('',#11282,#11283);
#11282 = CARTESIAN_POINT('',(0.,0.));
#11283 = VECTOR('',#11284,1.);
#11284 = DIRECTION('',(0.,1.));
#11285 = ( GEOMETRIC_REPRESENTATION_CONTEXT(2) 
PARAMETRIC_REPRESENTATION_CONTEXT() REPRESENTATION_CONTEXT('2D SPACE',''
  ) );
#11286 = PCURVE('',#11287,#11292);
#11287 = PLANE('',#11288);
#11288 = AXIS2_PLACEMENT_3D('',#11289,#11290,#11291);
#11289 = CARTESIAN_POINT('',(100.3,-95.,346.3));
#11290 = DIRECTION('',(0.,0.,1.));
#11291 = DIRECTION('',(1.,0.,-0.));
#11292 = DEFINITIONAL_REPRESENTATION('',(#11293),#11297);
#11293 = LINE('',#11294,#11295);
#11294 = CARTESIAN_POINT('',(0.,0.));
#11295 = VECTOR('',#11296,1.);
#11296 = DIRECTION('',(1.,0.));
#11297 = ( GEOMETRIC_REPRESENTATION_CONTEXT(2) 
PARAMETRIC_REPRESENTATION_CONTEXT() REPRESENTATION_CONTEXT('2D SPACE',''
  ) );
#11298 = ORIENTED_EDGE('',*,*,#11299,.T.);
#11299 = EDGE_CURVE('',#11272,#9930,#11300,.T.);
#11300 = SURFACE_CURVE('',#11301,(#11305,#11312),.PCURVE_S1.);
#11301 = LINE('',#11302,#11303);
#11302 = CARTESIAN_POINT('',(100.3,-95.,346.3));
#11303 = VECTOR('',#11304,1.);
#11304 = DIRECTION('',(0.,0.,1.));
#11305 = PCURVE('',#9944,#11306);
#11306 = DEFINITIONAL_REPRESENTATION('',(#11307),#11311);
#11307 = LINE('',#11308,#11309);
#11308 = CARTESIAN_POINT('',(0.,0.));
#11309 = VECTOR('',#11310,1.);
#11310 = DIRECTION('',(1.,0.));
#11311 = ( GEOMETRIC_REPRESENTATION_CONTEXT(2) 
PARAMETRIC_REPRESENTATION_CONTEXT() REPRESENTATION_CONTEXT('2D SPACE',''
  ) );
#11312 = PCURVE('',#9970,#11313);
#11313 = DEFINITIONAL_REPRESENTATION('',(#11314),#11318);
#11314 = LINE('',#11315,#11316);
#11315 = CARTESIAN_POINT('',(0.,0.));
#11316 = VECTOR('',#11317,1.);
#11317 = DIRECTION('',(1.,0.));
#11318 = ( GEOMETRIC_REPRESENTATION_CONTEXT(2) 
PARAMETRIC_REPRESENTATION_CONTEXT() REPRESENTATION_CONTEXT('2D SPACE',''
  ) );
#11319 = ORIENTED_EDGE('',*,*,#9927,.F.);
#11320 = FACE_BOUND('',#11321,.T.);
#11321 = EDGE_LOOP('',(#11322));
#11322 = ORIENTED_EDGE('',*,*,#10653,.F.);
#11323 = ADVANCED_FACE('',(#11324),#10020,.F.);
#11324 = FACE_BOUND('',#11325,.F.);
#11325 = EDGE_LOOP('',(#11326,#11327,#11350,#11371));
#11326 = ORIENTED_EDGE('',*,*,#11248,.F.);
#11327 = ORIENTED_EDGE('',*,*,#11328,.T.);
#11328 = EDGE_CURVE('',#11249,#11329,#11331,.T.);
#11329 = VERTEX_POINT('',#11330);
#11330 = CARTESIAN_POINT('',(107.7,-91.4,346.3));
#11331 = SURFACE_CURVE('',#11332,(#11336,#11343),.PCURVE_S1.);
#11332 = LINE('',#11333,#11334);
#11333 = CARTESIAN_POINT('',(107.7,-95.,346.3));
#11334 = VECTOR('',#11335,1.);
#11335 = DIRECTION('',(-0.,1.,0.));
#11336 = PCURVE('',#10020,#11337);
#11337 = DEFINITIONAL_REPRESENTATION('',(#11338),#11342);
#11338 = LINE('',#11339,#11340);
#11339 = CARTESIAN_POINT('',(0.,0.));
#11340 = VECTOR('',#11341,1.);
#11341 = DIRECTION('',(0.,-1.));
#11342 = ( GEOMETRIC_REPRESENTATION_CONTEXT(2) 
PARAMETRIC_REPRESENTATION_CONTEXT() REPRESENTATION_CONTEXT('2D SPACE',''
  ) );
#11343 = PCURVE('',#11287,#11344);
#11344 = DEFINITIONAL_REPRESENTATION('',(#11345),#11349);
#11345 = LINE('',#11346,#11347);
#11346 = CARTESIAN_POINT('',(7.4,0.));
#11347 = VECTOR('',#11348,1.);
#11348 = DIRECTION('',(0.,1.));
#11349 = ( GEOMETRIC_REPRESENTATION_CONTEXT(2) 
PARAMETRIC_REPRESENTATION_CONTEXT() REPRESENTATION_CONTEXT('2D SPACE',''
  ) );
#11350 = ORIENTED_EDGE('',*,*,#11351,.T.);
#11351 = EDGE_CURVE('',#11329,#9982,#11352,.T.);
#11352 = SURFACE_CURVE('',#11353,(#11357,#11364),.PCURVE_S1.);
#11353 = LINE('',#11354,#11355);
#11354 = CARTESIAN_POINT('',(107.7,-91.4,346.3));
#11355 = VECTOR('',#11356,1.);
#11356 = DIRECTION('',(0.,0.,1.));
#11357 = PCURVE('',#10020,#11358);
#11358 = DEFINITIONAL_REPRESENTATION('',(#11359),#11363);
#11359 = LINE('',#11360,#11361);
#11360 = CARTESIAN_POINT('',(0.,-3.6));
#11361 = VECTOR('',#11362,1.);
#11362 = DIRECTION('',(1.,0.));
#11363 = ( GEOMETRIC_REPRESENTATION_CONTEXT(2) 
PARAMETRIC_REPRESENTATION_CONTEXT() REPRESENTATION_CONTEXT('2D SPACE',''
  ) );
#11364 = PCURVE('',#9996,#11365);
#11365 = DEFINITIONAL_REPRESENTATION('',(#11366),#11370);
#11366 = LINE('',#11367,#11368);
#11367 = CARTESIAN_POINT('',(0.,7.4));
#11368 = VECTOR('',#11369,1.);
#11369 = DIRECTION('',(1.,0.));
#11370 = ( GEOMETRIC_REPRESENTATION_CONTEXT(2) 
PARAMETRIC_REPRESENTATION_CONTEXT() REPRESENTATION_CONTEXT('2D SPACE',''
  ) );
#11371 = ORIENTED_EDGE('',*,*,#10007,.F.);
#11372 = ADVANCED_FACE('',(#11373),#9970,.T.);
#11373 = FACE_BOUND('',#11374,.T.);
#11374 = EDGE_LOOP('',(#11375,#11376,#11399,#11420));
#11375 = ORIENTED_EDGE('',*,*,#11299,.F.);
#11376 = ORIENTED_EDGE('',*,*,#11377,.T.);
#11377 = EDGE_CURVE('',#11272,#11378,#11380,.T.);
#11378 = VERTEX_POINT('',#11379);
#11379 = CARTESIAN_POINT('',(100.3,-91.4,346.3));
#11380 = SURFACE_CURVE('',#11381,(#11385,#11392),.PCURVE_S1.);
#11381 = LINE('',#11382,#11383);
#11382 = CARTESIAN_POINT('',(100.3,-95.,346.3));
#11383 = VECTOR('',#11384,1.);
#11384 = DIRECTION('',(-0.,1.,0.));
#11385 = PCURVE('',#9970,#11386);
#11386 = DEFINITIONAL_REPRESENTATION('',(#11387),#11391);
#11387 = LINE('',#11388,#11389);
#11388 = CARTESIAN_POINT('',(0.,0.));
#11389 = VECTOR('',#11390,1.);
#11390 = DIRECTION('',(0.,-1.));
#11391 = ( GEOMETRIC_REPRESENTATION_CONTEXT(2) 
PARAMETRIC_REPRESENTATION_CONTEXT() REPRESENTATION_CONTEXT('2D SPACE',''
  ) );
#11392 = PCURVE('',#11287,#11393);
#11393 = DEFINITIONAL_REPRESENTATION('',(#11394),#11398);
#11394 = LINE('',#11395,#11396);
#11395 = CARTESIAN_POINT('',(0.,0.));
#11396 = VECTOR('',#11397,1.);
#11397 = DIRECTION('',(0.,1.));
#11398 = ( GEOMETRIC_REPRESENTATION_CONTEXT(2) 
PARAMETRIC_REPRESENTATION_CONTEXT() REPRESENTATION_CONTEXT('2D SPACE',''
  ) );
#11399 = ORIENTED_EDGE('',*,*,#11400,.T.);
#11400 = EDGE_CURVE('',#11378,#9956,#11401,.T.);
#11401 = SURFACE_CURVE('',#11402,(#11406,#11413),.PCURVE_S1.);
#11402 = LINE('',#11403,#11404);
#11403 = CARTESIAN_POINT('',(100.3,-91.4,346.3));
#11404 = VECTOR('',#11405,1.);
#11405 = DIRECTION('',(0.,0.,1.));
#11406 = PCURVE('',#9970,#11407);
#11407 = DEFINITIONAL_REPRESENTATION('',(#11408),#11412);
#11408 = LINE('',#11409,#11410);
#11409 = CARTESIAN_POINT('',(0.,-3.6));
#11410 = VECTOR('',#11411,1.);
#11411 = DIRECTION('',(1.,0.));
#11412 = ( GEOMETRIC_REPRESENTATION_CONTEXT(2) 
PARAMETRIC_REPRESENTATION_CONTEXT() REPRESENTATION_CONTEXT('2D SPACE',''
  ) );
#11413 = PCURVE('',#9996,#11414);
#11414 = DEFINITIONAL_REPRESENTATION('',(#11415),#11419);
#11415 = LINE('',#11416,#11417);
#11416 = CARTESIAN_POINT('',(0.,0.));
#11417 = VECTOR('',#11418,1.);
#11418 = DIRECTION('',(1.,0.));
#11419 = ( GEOMETRIC_REPRESENTATION_CONTEXT(2) 
PARAMETRIC_REPRESENTATION_CONTEXT() REPRESENTATION_CONTEXT('2D SPACE',''
  ) );
#11420 = ORIENTED_EDGE('',*,*,#9955,.F.);
#11421 = ADVANCED_FACE('',(#11422,#11448),#9996,.F.);
#11422 = FACE_BOUND('',#11423,.F.);
#11423 = EDGE_LOOP('',(#11424,#11425,#11446,#11447));
#11424 = ORIENTED_EDGE('',*,*,#11351,.F.);
#11425 = ORIENTED_EDGE('',*,*,#11426,.F.);
#11426 = EDGE_CURVE('',#11378,#11329,#11427,.T.);
#11427 = SURFACE_CURVE('',#11428,(#11432,#11439),.PCURVE_S1.);
#11428 = LINE('',#11429,#11430);
#11429 = CARTESIAN_POINT('',(100.3,-91.4,346.3));
#11430 = VECTOR('',#11431,1.);
#11431 = DIRECTION('',(1.,0.,-0.));
#11432 = PCURVE('',#9996,#11433);
#11433 = DEFINITIONAL_REPRESENTATION('',(#11434),#11438);
#11434 = LINE('',#11435,#11436);
#11435 = CARTESIAN_POINT('',(0.,0.));
#11436 = VECTOR('',#11437,1.);
#11437 = DIRECTION('',(0.,1.));
#11438 = ( GEOMETRIC_REPRESENTATION_CONTEXT(2) 
PARAMETRIC_REPRESENTATION_CONTEXT() REPRESENTATION_CONTEXT('2D SPACE',''
  ) );
#11439 = PCURVE('',#11287,#11440);
#11440 = DEFINITIONAL_REPRESENTATION('',(#11441),#11445);
#11441 = LINE('',#11442,#11443);
#11442 = CARTESIAN_POINT('',(0.,3.6));
#11443 = VECTOR('',#11444,1.);
#11444 = DIRECTION('',(1.,0.));
#11445 = ( GEOMETRIC_REPRESENTATION_CONTEXT(2) 
PARAMETRIC_REPRESENTATION_CONTEXT() REPRESENTATION_CONTEXT('2D SPACE',''
  ) );
#11446 = ORIENTED_EDGE('',*,*,#11400,.T.);
#11447 = ORIENTED_EDGE('',*,*,#9981,.F.);
#11448 = FACE_BOUND('',#11449,.F.);
#11449 = EDGE_LOOP('',(#11450));
#11450 = ORIENTED_EDGE('',*,*,#11451,.F.);
#11451 = EDGE_CURVE('',#11452,#11452,#11454,.T.);
#11452 = VERTEX_POINT('',#11453);
#11453 = CARTESIAN_POINT('',(104.,-91.4,352.2));
#11454 = SURFACE_CURVE('',#11455,(#11460,#11467),.PCURVE_S1.);
#11455 = CIRCLE('',#11456,2.2);
#11456 = AXIS2_PLACEMENT_3D('',#11457,#11458,#11459);
#11457 = CARTESIAN_POINT('',(104.,-91.4,350.));
#11458 = DIRECTION('',(0.,1.,0.));
#11459 = DIRECTION('',(0.,-0.,1.));
#11460 = PCURVE('',#9996,#11461);
#11461 = DEFINITIONAL_REPRESENTATION('',(#11462),#11466);
#11462 = CIRCLE('',#11463,2.2);
#11463 = AXIS2_PLACEMENT_2D('',#11464,#11465);
#11464 = CARTESIAN_POINT('',(3.7,3.7));
#11465 = DIRECTION('',(1.,0.));
#11466 = ( GEOMETRIC_REPRESENTATION_CONTEXT(2) 
PARAMETRIC_REPRESENTATION_CONTEXT() REPRESENTATION_CONTEXT('2D SPACE',''
  ) );
#11467 = PCURVE('',#11468,#11473);
#11468 = CYLINDRICAL_SURFACE('',#11469,2.2);
#11469 = AXIS2_PLACEMENT_3D('',#11470,#11471,#11472);
#11470 = CARTESIAN_POINT('',(104.,-105.,350.));
#11471 = DIRECTION('',(0.,1.,0.));
#11472 = DIRECTION('',(0.,-0.,1.));
#11473 = DEFINITIONAL_REPRESENTATION('',(#11474),#11478);
#11474 = LINE('',#11475,#11476);
#11475 = CARTESIAN_POINT('',(0.,13.6));
#11476 = VECTOR('',#11477,1.);
#11477 = DIRECTION('',(1.,0.));
#11478 = ( GEOMETRIC_REPRESENTATION_CONTEXT(2) 
PARAMETRIC_REPRESENTATION_CONTEXT() REPRESENTATION_CONTEXT('2D SPACE',''
  ) );
#11479 = ADVANCED_FACE('',(#11480,#11555),#10050,.T.);
#11480 = FACE_BOUND('',#11481,.T.);
#11481 = EDGE_LOOP('',(#11482,#11505,#11533,#11554));
#11482 = ORIENTED_EDGE('',*,*,#11483,.F.);
#11483 = EDGE_CURVE('',#11484,#10034,#11486,.T.);
#11484 = VERTEX_POINT('',#11485);
#11485 = CARTESIAN_POINT('',(118.7,-95.,346.3));
#11486 = SURFACE_CURVE('',#11487,(#11491,#11498),.PCURVE_S1.);
#11487 = LINE('',#11488,#11489);
#11488 = CARTESIAN_POINT('',(118.7,-95.,346.3));
#11489 = VECTOR('',#11490,1.);
#11490 = DIRECTION('',(0.,0.,1.));
#11491 = PCURVE('',#10050,#11492);
#11492 = DEFINITIONAL_REPRESENTATION('',(#11493),#11497);
#11493 = LINE('',#11494,#11495);
#11494 = CARTESIAN_POINT('',(0.,7.4));
#11495 = VECTOR('',#11496,1.);
#11496 = DIRECTION('',(1.,0.));
#11497 = ( GEOMETRIC_REPRESENTATION_CONTEXT(2) 
PARAMETRIC_REPRESENTATION_CONTEXT() REPRESENTATION_CONTEXT('2D SPACE',''
  ) );
#11498 = PCURVE('',#10126,#11499);
#11499 = DEFINITIONAL_REPRESENTATION('',(#11500),#11504);
#11500 = LINE('',#11501,#11502);
#11501 = CARTESIAN_POINT('',(0.,0.));
#11502 = VECTOR('',#11503,1.);
#11503 = DIRECTION('',(1.,0.));
#11504 = ( GEOMETRIC_REPRESENTATION_CONTEXT(2) 
PARAMETRIC_REPRESENTATION_CONTEXT() REPRESENTATION_CONTEXT('2D SPACE',''
  ) );
#11505 = ORIENTED_EDGE('',*,*,#11506,.F.);
#11506 = EDGE_CURVE('',#11507,#11484,#11509,.T.);
#11507 = VERTEX_POINT('',#11508);
#11508 = CARTESIAN_POINT('',(111.3,-95.,346.3));
#11509 = SURFACE_CURVE('',#11510,(#11514,#11521),.PCURVE_S1.);
#11510 = LINE('',#11511,#11512);
#11511 = CARTESIAN_POINT('',(111.3,-95.,346.3));
#11512 = VECTOR('',#11513,1.);
#11513 = DIRECTION('',(1.,0.,-0.));
#11514 = PCURVE('',#10050,#11515);
#11515 = DEFINITIONAL_REPRESENTATION('',(#11516),#11520);
#11516 = LINE('',#11517,#11518);
#11517 = CARTESIAN_POINT('',(0.,0.));
#11518 = VECTOR('',#11519,1.);
#11519 = DIRECTION('',(0.,1.));
#11520 = ( GEOMETRIC_REPRESENTATION_CONTEXT(2) 
PARAMETRIC_REPRESENTATION_CONTEXT() REPRESENTATION_CONTEXT('2D SPACE',''
  ) );
#11521 = PCURVE('',#11522,#11527);
#11522 = PLANE('',#11523);
#11523 = AXIS2_PLACEMENT_3D('',#11524,#11525,#11526);
#11524 = CARTESIAN_POINT('',(111.3,-95.,346.3));
#11525 = DIRECTION('',(0.,0.,1.));
#11526 = DIRECTION('',(1.,0.,-0.));
#11527 = DEFINITIONAL_REPRESENTATION('',(#11528),#11532);
#11528 = LINE('',#11529,#11530);
#11529 = CARTESIAN_POINT('',(0.,0.));
#11530 = VECTOR('',#11531,1.);
#11531 = DIRECTION('',(1.,0.));
#11532 = ( GEOMETRIC_REPRESENTATION_CONTEXT(2) 
PARAMETRIC_REPRESENTATION_CONTEXT() REPRESENTATION_CONTEXT('2D SPACE',''
  ) );
#11533 = ORIENTED_EDGE('',*,*,#11534,.T.);
#11534 = EDGE_CURVE('',#11507,#10036,#11535,.T.);
#11535 = SURFACE_CURVE('',#11536,(#11540,#11547),.PCURVE_S1.);
#11536 = LINE('',#11537,#11538);
#11537 = CARTESIAN_POINT('',(111.3,-95.,346.3));
#11538 = VECTOR('',#11539,1.);
#11539 = DIRECTION('',(0.,0.,1.));
#11540 = PCURVE('',#10050,#11541);
#11541 = DEFINITIONAL_REPRESENTATION('',(#11542),#11546);
#11542 = LINE('',#11543,#11544);
#11543 = CARTESIAN_POINT('',(0.,0.));
#11544 = VECTOR('',#11545,1.);
#11545 = DIRECTION('',(1.,0.));
#11546 = ( GEOMETRIC_REPRESENTATION_CONTEXT(2) 
PARAMETRIC_REPRESENTATION_CONTEXT() REPRESENTATION_CONTEXT('2D SPACE',''
  ) );
#11547 = PCURVE('',#10076,#11548);
#11548 = DEFINITIONAL_REPRESENTATION('',(#11549),#11553);
#11549 = LINE('',#11550,#11551);
#11550 = CARTESIAN_POINT('',(0.,0.));
#11551 = VECTOR('',#11552,1.);
#11552 = DIRECTION('',(1.,0.));
#11553 = ( GEOMETRIC_REPRESENTATION_CONTEXT(2) 
PARAMETRIC_REPRESENTATION_CONTEXT() REPRESENTATION_CONTEXT('2D SPACE',''
  ) );
#11554 = ORIENTED_EDGE('',*,*,#10033,.F.);
#11555 = FACE_BOUND('',#11556,.T.);
#11556 = EDGE_LOOP('',(#11557));
#11557 = ORIENTED_EDGE('',*,*,#10703,.F.);
#11558 = ADVANCED_FACE('',(#11559),#10126,.F.);
#11559 = FACE_BOUND('',#11560,.F.);
#11560 = EDGE_LOOP('',(#11561,#11562,#11585,#11606));
#11561 = ORIENTED_EDGE('',*,*,#11483,.F.);
#11562 = ORIENTED_EDGE('',*,*,#11563,.T.);
#11563 = EDGE_CURVE('',#11484,#11564,#11566,.T.);
#11564 = VERTEX_POINT('',#11565);
#11565 = CARTESIAN_POINT('',(118.7,-91.4,346.3));
#11566 = SURFACE_CURVE('',#11567,(#11571,#11578),.PCURVE_S1.);
#11567 = LINE('',#11568,#11569);
#11568 = CARTESIAN_POINT('',(118.7,-95.,346.3));
#11569 = VECTOR('',#11570,1.);
#11570 = DIRECTION('',(-0.,1.,0.));
#11571 = PCURVE('',#10126,#11572);
#11572 = DEFINITIONAL_REPRESENTATION('',(#11573),#11577);
#11573 = LINE('',#11574,#11575);
#11574 = CARTESIAN_POINT('',(0.,0.));
#11575 = VECTOR('',#11576,1.);
#11576 = DIRECTION('',(0.,-1.));
#11577 = ( GEOMETRIC_REPRESENTATION_CONTEXT(2) 
PARAMETRIC_REPRESENTATION_CONTEXT() REPRESENTATION_CONTEXT('2D SPACE',''
  ) );
#11578 = PCURVE('',#11522,#11579);
#11579 = DEFINITIONAL_REPRESENTATION('',(#11580),#11584);
#11580 = LINE('',#11581,#11582);
#11581 = CARTESIAN_POINT('',(7.4,0.));
#11582 = VECTOR('',#11583,1.);
#11583 = DIRECTION('',(0.,1.));
#11584 = ( GEOMETRIC_REPRESENTATION_CONTEXT(2) 
PARAMETRIC_REPRESENTATION_CONTEXT() REPRESENTATION_CONTEXT('2D SPACE',''
  ) );
#11585 = ORIENTED_EDGE('',*,*,#11586,.T.);
#11586 = EDGE_CURVE('',#11564,#10088,#11587,.T.);
#11587 = SURFACE_CURVE('',#11588,(#11592,#11599),.PCURVE_S1.);
#11588 = LINE('',#11589,#11590);
#11589 = CARTESIAN_POINT('',(118.7,-91.4,346.3));
#11590 = VECTOR('',#11591,1.);
#11591 = DIRECTION('',(0.,0.,1.));
#11592 = PCURVE('',#10126,#11593);
#11593 = DEFINITIONAL_REPRESENTATION('',(#11594),#11598);
#11594 = LINE('',#11595,#11596);
#11595 = CARTESIAN_POINT('',(0.,-3.6));
#11596 = VECTOR('',#11597,1.);
#11597 = DIRECTION('',(1.,0.));
#11598 = ( GEOMETRIC_REPRESENTATION_CONTEXT(2) 
PARAMETRIC_REPRESENTATION_CONTEXT() REPRESENTATION_CONTEXT('2D SPACE',''
  ) );
#11599 = PCURVE('',#10102,#11600);
#11600 = DEFINITIONAL_REPRESENTATION('',(#11601),#11605);
#11601 = LINE('',#11602,#11603);
#11602 = CARTESIAN_POINT('',(0.,7.4));
#11603 = VECTOR('',#11604,1.);
#11604 = DIRECTION('',(1.,0.));
#11605 = ( GEOMETRIC_REPRESENTATION_CONTEXT(2) 
PARAMETRIC_REPRESENTATION_CONTEXT() REPRESENTATION_CONTEXT('2D SPACE',''
  ) );
#11606 = ORIENTED_EDGE('',*,*,#10113,.F.);
#11607 = ADVANCED_FACE('',(#11608),#10076,.T.);
#11608 = FACE_BOUND('',#11609,.T.);
#11609 = EDGE_LOOP('',(#11610,#11611,#11634,#11655));
#11610 = ORIENTED_EDGE('',*,*,#11534,.F.);
#11611 = ORIENTED_EDGE('',*,*,#11612,.T.);
#11612 = EDGE_CURVE('',#11507,#11613,#11615,.T.);
#11613 = VERTEX_POINT('',#11614);
#11614 = CARTESIAN_POINT('',(111.3,-91.4,346.3));
#11615 = SURFACE_CURVE('',#11616,(#11620,#11627),.PCURVE_S1.);
#11616 = LINE('',#11617,#11618);
#11617 = CARTESIAN_POINT('',(111.3,-95.,346.3));
#11618 = VECTOR('',#11619,1.);
#11619 = DIRECTION('',(-0.,1.,0.));
#11620 = PCURVE('',#10076,#11621);
#11621 = DEFINITIONAL_REPRESENTATION('',(#11622),#11626);
#11622 = LINE('',#11623,#11624);
#11623 = CARTESIAN_POINT('',(0.,0.));
#11624 = VECTOR('',#11625,1.);
#11625 = DIRECTION('',(0.,-1.));
#11626 = ( GEOMETRIC_REPRESENTATION_CONTEXT(2) 
PARAMETRIC_REPRESENTATION_CONTEXT() REPRESENTATION_CONTEXT('2D SPACE',''
  ) );
#11627 = PCURVE('',#11522,#11628);
#11628 = DEFINITIONAL_REPRESENTATION('',(#11629),#11633);
#11629 = LINE('',#11630,#11631);
#11630 = CARTESIAN_POINT('',(0.,0.));
#11631 = VECTOR('',#11632,1.);
#11632 = DIRECTION('',(0.,1.));
#11633 = ( GEOMETRIC_REPRESENTATION_CONTEXT(2) 
PARAMETRIC_REPRESENTATION_CONTEXT() REPRESENTATION_CONTEXT('2D SPACE',''
  ) );
#11634 = ORIENTED_EDGE('',*,*,#11635,.T.);
#11635 = EDGE_CURVE('',#11613,#10062,#11636,.T.);
#11636 = SURFACE_CURVE('',#11637,(#11641,#11648),.PCURVE_S1.);
#11637 = LINE('',#11638,#11639);
#11638 = CARTESIAN_POINT('',(111.3,-91.4,346.3));
#11639 = VECTOR('',#11640,1.);
#11640 = DIRECTION('',(0.,0.,1.));
#11641 = PCURVE('',#10076,#11642);
#11642 = DEFINITIONAL_REPRESENTATION('',(#11643),#11647);
#11643 = LINE('',#11644,#11645);
#11644 = CARTESIAN_POINT('',(0.,-3.6));
#11645 = VECTOR('',#11646,1.);
#11646 = DIRECTION('',(1.,0.));
#11647 = ( GEOMETRIC_REPRESENTATION_CONTEXT(2) 
PARAMETRIC_REPRESENTATION_CONTEXT() REPRESENTATION_CONTEXT('2D SPACE',''
  ) );
#11648 = PCURVE('',#10102,#11649);
#11649 = DEFINITIONAL_REPRESENTATION('',(#11650),#11654);
#11650 = LINE('',#11651,#11652);
#11651 = CARTESIAN_POINT('',(0.,0.));
#11652 = VECTOR('',#11653,1.);
#11653 = DIRECTION('',(1.,0.));
#11654 = ( GEOMETRIC_REPRESENTATION_CONTEXT(2) 
PARAMETRIC_REPRESENTATION_CONTEXT() REPRESENTATION_CONTEXT('2D SPACE',''
  ) );
#11655 = ORIENTED_EDGE('',*,*,#10061,.F.);
#11656 = ADVANCED_FACE('',(#11657,#11683),#10102,.F.);
#11657 = FACE_BOUND('',#11658,.F.);
#11658 = EDGE_LOOP('',(#11659,#11660,#11681,#11682));
#11659 = ORIENTED_EDGE('',*,*,#11586,.F.);
#11660 = ORIENTED_EDGE('',*,*,#11661,.F.);
#11661 = EDGE_CURVE('',#11613,#11564,#11662,.T.);
#11662 = SURFACE_CURVE('',#11663,(#11667,#11674),.PCURVE_S1.);
#11663 = LINE('',#11664,#11665);
#11664 = CARTESIAN_POINT('',(111.3,-91.4,346.3));
#11665 = VECTOR('',#11666,1.);
#11666 = DIRECTION('',(1.,0.,-0.));
#11667 = PCURVE('',#10102,#11668);
#11668 = DEFINITIONAL_REPRESENTATION('',(#11669),#11673);
#11669 = LINE('',#11670,#11671);
#11670 = CARTESIAN_POINT('',(0.,0.));
#11671 = VECTOR('',#11672,1.);
#11672 = DIRECTION('',(0.,1.));
#11673 = ( GEOMETRIC_REPRESENTATION_CONTEXT(2) 
PARAMETRIC_REPRESENTATION_CONTEXT() REPRESENTATION_CONTEXT('2D SPACE',''
  ) );
#11674 = PCURVE('',#11522,#11675);
#11675 = DEFINITIONAL_REPRESENTATION('',(#11676),#11680);
#11676 = LINE('',#11677,#11678);
#11677 = CARTESIAN_POINT('',(0.,3.6));
#11678 = VECTOR('',#11679,1.);
#11679 = DIRECTION('',(1.,0.));
#11680 = ( GEOMETRIC_REPRESENTATION_CONTEXT(2) 
PARAMETRIC_REPRESENTATION_CONTEXT() REPRESENTATION_CONTEXT('2D SPACE',''
  ) );
#11681 = ORIENTED_EDGE('',*,*,#11635,.T.);
#11682 = ORIENTED_EDGE('',*,*,#10087,.F.);
#11683 = FACE_BOUND('',#11684,.F.);
#11684 = EDGE_LOOP('',(#11685));
#11685 = ORIENTED_EDGE('',*,*,#11686,.F.);
#11686 = EDGE_CURVE('',#11687,#11687,#11689,.T.);
#11687 = VERTEX_POINT('',#11688);
#11688 = CARTESIAN_POINT('',(115.,-91.4,352.2));
#11689 = SURFACE_CURVE('',#11690,(#11695,#11702),.PCURVE_S1.);
#11690 = CIRCLE('',#11691,2.2);
#11691 = AXIS2_PLACEMENT_3D('',#11692,#11693,#11694);
#11692 = CARTESIAN_POINT('',(115.,-91.4,350.));
#11693 = DIRECTION('',(0.,1.,0.));
#11694 = DIRECTION('',(0.,-0.,1.));
#11695 = PCURVE('',#10102,#11696);
#11696 = DEFINITIONAL_REPRESENTATION('',(#11697),#11701);
#11697 = CIRCLE('',#11698,2.2);
#11698 = AXIS2_PLACEMENT_2D('',#11699,#11700);
#11699 = CARTESIAN_POINT('',(3.7,3.7));
#11700 = DIRECTION('',(1.,0.));
#11701 = ( GEOMETRIC_REPRESENTATION_CONTEXT(2) 
PARAMETRIC_REPRESENTATION_CONTEXT() REPRESENTATION_CONTEXT('2D SPACE',''
  ) );
#11702 = PCURVE('',#11703,#11708);
#11703 = CYLINDRICAL_SURFACE('',#11704,2.2);
#11704 = AXIS2_PLACEMENT_3D('',#11705,#11706,#11707);
#11705 = CARTESIAN_POINT('',(115.,-105.,350.));
#11706 = DIRECTION('',(0.,1.,0.));
#11707 = DIRECTION('',(0.,-0.,1.));
#11708 = DEFINITIONAL_REPRESENTATION('',(#11709),#11713);
#11709 = LINE('',#11710,#11711);
#11710 = CARTESIAN_POINT('',(0.,13.6));
#11711 = VECTOR('',#11712,1.);
#11712 = DIRECTION('',(1.,0.));
#11713 = ( GEOMETRIC_REPRESENTATION_CONTEXT(2) 
PARAMETRIC_REPRESENTATION_CONTEXT() REPRESENTATION_CONTEXT('2D SPACE',''
  ) );
#11714 = ADVANCED_FACE('',(#11715,#11790),#10156,.T.);
#11715 = FACE_BOUND('',#11716,.T.);
#11716 = EDGE_LOOP('',(#11717,#11740,#11768,#11789));
#11717 = ORIENTED_EDGE('',*,*,#11718,.F.);
#11718 = EDGE_CURVE('',#11719,#10140,#11721,.T.);
#11719 = VERTEX_POINT('',#11720);
#11720 = CARTESIAN_POINT('',(107.7,91.4,346.3));
#11721 = SURFACE_CURVE('',#11722,(#11726,#11733),.PCURVE_S1.);
#11722 = LINE('',#11723,#11724);
#11723 = CARTESIAN_POINT('',(107.7,91.4,346.3));
#11724 = VECTOR('',#11725,1.);
#11725 = DIRECTION('',(0.,0.,1.));
#11726 = PCURVE('',#10156,#11727);
#11727 = DEFINITIONAL_REPRESENTATION('',(#11728),#11732);
#11728 = LINE('',#11729,#11730);
#11729 = CARTESIAN_POINT('',(0.,7.4));
#11730 = VECTOR('',#11731,1.);
#11731 = DIRECTION('',(1.,0.));
#11732 = ( GEOMETRIC_REPRESENTATION_CONTEXT(2) 
PARAMETRIC_REPRESENTATION_CONTEXT() REPRESENTATION_CONTEXT('2D SPACE',''
  ) );
#11733 = PCURVE('',#10232,#11734);
#11734 = DEFINITIONAL_REPRESENTATION('',(#11735),#11739);
#11735 = LINE('',#11736,#11737);
#11736 = CARTESIAN_POINT('',(0.,0.));
#11737 = VECTOR('',#11738,1.);
#11738 = DIRECTION('',(1.,0.));
#11739 = ( GEOMETRIC_REPRESENTATION_CONTEXT(2) 
PARAMETRIC_REPRESENTATION_CONTEXT() REPRESENTATION_CONTEXT('2D SPACE',''
  ) );
#11740 = ORIENTED_EDGE('',*,*,#11741,.F.);
#11741 = EDGE_CURVE('',#11742,#11719,#11744,.T.);
#11742 = VERTEX_POINT('',#11743);
#11743 = CARTESIAN_POINT('',(100.3,91.4,346.3));
#11744 = SURFACE_CURVE('',#11745,(#11749,#11756),.PCURVE_S1.);
#11745 = LINE('',#11746,#11747);
#11746 = CARTESIAN_POINT('',(100.3,91.4,346.3));
#11747 = VECTOR('',#11748,1.);
#11748 = DIRECTION('',(1.,0.,-0.));
#11749 = PCURVE('',#10156,#11750);
#11750 = DEFINITIONAL_REPRESENTATION('',(#11751),#11755);
#11751 = LINE('',#11752,#11753);
#11752 = CARTESIAN_POINT('',(0.,0.));
#11753 = VECTOR('',#11754,1.);
#11754 = DIRECTION('',(0.,1.));
#11755 = ( GEOMETRIC_REPRESENTATION_CONTEXT(2) 
PARAMETRIC_REPRESENTATION_CONTEXT() REPRESENTATION_CONTEXT('2D SPACE',''
  ) );
#11756 = PCURVE('',#11757,#11762);
#11757 = PLANE('',#11758);
#11758 = AXIS2_PLACEMENT_3D('',#11759,#11760,#11761);
#11759 = CARTESIAN_POINT('',(100.3,91.4,346.3));
#11760 = DIRECTION('',(0.,0.,1.));
#11761 = DIRECTION('',(1.,0.,-0.));
#11762 = DEFINITIONAL_REPRESENTATION('',(#11763),#11767);
#11763 = LINE('',#11764,#11765);
#11764 = CARTESIAN_POINT('',(0.,0.));
#11765 = VECTOR('',#11766,1.);
#11766 = DIRECTION('',(1.,0.));
#11767 = ( GEOMETRIC_REPRESENTATION_CONTEXT(2) 
PARAMETRIC_REPRESENTATION_CONTEXT() REPRESENTATION_CONTEXT('2D SPACE',''
  ) );
#11768 = ORIENTED_EDGE('',*,*,#11769,.T.);
#11769 = EDGE_CURVE('',#11742,#10142,#11770,.T.);
#11770 = SURFACE_CURVE('',#11771,(#11775,#11782),.PCURVE_S1.);
#11771 = LINE('',#11772,#11773);
#11772 = CARTESIAN_POINT('',(100.3,91.4,346.3));
#11773 = VECTOR('',#11774,1.);
#11774 = DIRECTION('',(0.,0.,1.));
#11775 = PCURVE('',#10156,#11776);
#11776 = DEFINITIONAL_REPRESENTATION('',(#11777),#11781);
#11777 = LINE('',#11778,#11779);
#11778 = CARTESIAN_POINT('',(0.,0.));
#11779 = VECTOR('',#11780,1.);
#11780 = DIRECTION('',(1.,0.));
#11781 = ( GEOMETRIC_REPRESENTATION_CONTEXT(2) 
PARAMETRIC_REPRESENTATION_CONTEXT() REPRESENTATION_CONTEXT('2D SPACE',''
  ) );
#11782 = PCURVE('',#10182,#11783);
#11783 = DEFINITIONAL_REPRESENTATION('',(#11784),#11788);
#11784 = LINE('',#11785,#11786);
#11785 = CARTESIAN_POINT('',(0.,0.));
#11786 = VECTOR('',#11787,1.);
#11787 = DIRECTION('',(1.,0.));
#11788 = ( GEOMETRIC_REPRESENTATION_CONTEXT(2) 
PARAMETRIC_REPRESENTATION_CONTEXT() REPRESENTATION_CONTEXT('2D SPACE',''
  ) );
#11789 = ORIENTED_EDGE('',*,*,#10139,.F.);
#11790 = FACE_BOUND('',#11791,.T.);
#11791 = EDGE_LOOP('',(#11792));
#11792 = ORIENTED_EDGE('',*,*,#11793,.F.);
#11793 = EDGE_CURVE('',#11794,#11794,#11796,.T.);
#11794 = VERTEX_POINT('',#11795);
#11795 = CARTESIAN_POINT('',(104.,91.4,352.2));
#11796 = SURFACE_CURVE('',#11797,(#11802,#11809),.PCURVE_S1.);
#11797 = CIRCLE('',#11798,2.2);
#11798 = AXIS2_PLACEMENT_3D('',#11799,#11800,#11801);
#11799 = CARTESIAN_POINT('',(104.,91.4,350.));
#11800 = DIRECTION('',(0.,1.,0.));
#11801 = DIRECTION('',(0.,-0.,1.));
#11802 = PCURVE('',#10156,#11803);
#11803 = DEFINITIONAL_REPRESENTATION('',(#11804),#11808);
#11804 = CIRCLE('',#11805,2.2);
#11805 = AXIS2_PLACEMENT_2D('',#11806,#11807);
#11806 = CARTESIAN_POINT('',(3.7,3.7));
#11807 = DIRECTION('',(1.,0.));
#11808 = ( GEOMETRIC_REPRESENTATION_CONTEXT(2) 
PARAMETRIC_REPRESENTATION_CONTEXT() REPRESENTATION_CONTEXT('2D SPACE',''
  ) );
#11809 = PCURVE('',#11810,#11815);
#11810 = CYLINDRICAL_SURFACE('',#11811,2.2);
#11811 = AXIS2_PLACEMENT_3D('',#11812,#11813,#11814);
#11812 = CARTESIAN_POINT('',(104.,86.,350.));
#11813 = DIRECTION('',(0.,1.,0.));
#11814 = DIRECTION('',(0.,-0.,1.));
#11815 = DEFINITIONAL_REPRESENTATION('',(#11816),#11820);
#11816 = LINE('',#11817,#11818);
#11817 = CARTESIAN_POINT('',(0.,5.4));
#11818 = VECTOR('',#11819,1.);
#11819 = DIRECTION('',(1.,0.));
#11820 = ( GEOMETRIC_REPRESENTATION_CONTEXT(2) 
PARAMETRIC_REPRESENTATION_CONTEXT() REPRESENTATION_CONTEXT('2D SPACE',''
  ) );
#11821 = ADVANCED_FACE('',(#11822),#10232,.F.);
#11822 = FACE_BOUND('',#11823,.F.);
#11823 = EDGE_LOOP('',(#11824,#11825,#11848,#11869));
#11824 = ORIENTED_EDGE('',*,*,#11718,.F.);
#11825 = ORIENTED_EDGE('',*,*,#11826,.T.);
#11826 = EDGE_CURVE('',#11719,#11827,#11829,.T.);
#11827 = VERTEX_POINT('',#11828);
#11828 = CARTESIAN_POINT('',(107.7,95.,346.3));
#11829 = SURFACE_CURVE('',#11830,(#11834,#11841),.PCURVE_S1.);
#11830 = LINE('',#11831,#11832);
#11831 = CARTESIAN_POINT('',(107.7,91.4,346.3));
#11832 = VECTOR('',#11833,1.);
#11833 = DIRECTION('',(-0.,1.,0.));
#11834 = PCURVE('',#10232,#11835);
#11835 = DEFINITIONAL_REPRESENTATION('',(#11836),#11840);
#11836 = LINE('',#11837,#11838);
#11837 = CARTESIAN_POINT('',(0.,0.));
#11838 = VECTOR('',#11839,1.);
#11839 = DIRECTION('',(0.,-1.));
#11840 = ( GEOMETRIC_REPRESENTATION_CONTEXT(2) 
PARAMETRIC_REPRESENTATION_CONTEXT() REPRESENTATION_CONTEXT('2D SPACE',''
  ) );
#11841 = PCURVE('',#11757,#11842);
#11842 = DEFINITIONAL_REPRESENTATION('',(#11843),#11847);
#11843 = LINE('',#11844,#11845);
#11844 = CARTESIAN_POINT('',(7.4,0.));
#11845 = VECTOR('',#11846,1.);
#11846 = DIRECTION('',(0.,1.));
#11847 = ( GEOMETRIC_REPRESENTATION_CONTEXT(2) 
PARAMETRIC_REPRESENTATION_CONTEXT() REPRESENTATION_CONTEXT('2D SPACE',''
  ) );
#11848 = ORIENTED_EDGE('',*,*,#11849,.T.);
#11849 = EDGE_CURVE('',#11827,#10194,#11850,.T.);
#11850 = SURFACE_CURVE('',#11851,(#11855,#11862),.PCURVE_S1.);
#11851 = LINE('',#11852,#11853);
#11852 = CARTESIAN_POINT('',(107.7,95.,346.3));
#11853 = VECTOR('',#11854,1.);
#11854 = DIRECTION('',(0.,0.,1.));
#11855 = PCURVE('',#10232,#11856);
#11856 = DEFINITIONAL_REPRESENTATION('',(#11857),#11861);
#11857 = LINE('',#11858,#11859);
#11858 = CARTESIAN_POINT('',(0.,-3.6));
#11859 = VECTOR('',#11860,1.);
#11860 = DIRECTION('',(1.,0.));
#11861 = ( GEOMETRIC_REPRESENTATION_CONTEXT(2) 
PARAMETRIC_REPRESENTATION_CONTEXT() REPRESENTATION_CONTEXT('2D SPACE',''
  ) );
#11862 = PCURVE('',#10208,#11863);
#11863 = DEFINITIONAL_REPRESENTATION('',(#11864),#11868);
#11864 = LINE('',#11865,#11866);
#11865 = CARTESIAN_POINT('',(0.,7.4));
#11866 = VECTOR('',#11867,1.);
#11867 = DIRECTION('',(1.,0.));
#11868 = ( GEOMETRIC_REPRESENTATION_CONTEXT(2) 
PARAMETRIC_REPRESENTATION_CONTEXT() REPRESENTATION_CONTEXT('2D SPACE',''
  ) );
#11869 = ORIENTED_EDGE('',*,*,#10219,.F.);
#11870 = ADVANCED_FACE('',(#11871),#10182,.T.);
#11871 = FACE_BOUND('',#11872,.T.);
#11872 = EDGE_LOOP('',(#11873,#11874,#11897,#11918));
#11873 = ORIENTED_EDGE('',*,*,#11769,.F.);
#11874 = ORIENTED_EDGE('',*,*,#11875,.T.);
#11875 = EDGE_CURVE('',#11742,#11876,#11878,.T.);
#11876 = VERTEX_POINT('',#11877);
#11877 = CARTESIAN_POINT('',(100.3,95.,346.3));
#11878 = SURFACE_CURVE('',#11879,(#11883,#11890),.PCURVE_S1.);
#11879 = LINE('',#11880,#11881);
#11880 = CARTESIAN_POINT('',(100.3,91.4,346.3));
#11881 = VECTOR('',#11882,1.);
#11882 = DIRECTION('',(-0.,1.,0.));
#11883 = PCURVE('',#10182,#11884);
#11884 = DEFINITIONAL_REPRESENTATION('',(#11885),#11889);
#11885 = LINE('',#11886,#11887);
#11886 = CARTESIAN_POINT('',(0.,0.));
#11887 = VECTOR('',#11888,1.);
#11888 = DIRECTION('',(0.,-1.));
#11889 = ( GEOMETRIC_REPRESENTATION_CONTEXT(2) 
PARAMETRIC_REPRESENTATION_CONTEXT() REPRESENTATION_CONTEXT('2D SPACE',''
  ) );
#11890 = PCURVE('',#11757,#11891);
#11891 = DEFINITIONAL_REPRESENTATION('',(#11892),#11896);
#11892 = LINE('',#11893,#11894);
#11893 = CARTESIAN_POINT('',(0.,0.));
#11894 = VECTOR('',#11895,1.);
#11895 = DIRECTION('',(0.,1.));
#11896 = ( GEOMETRIC_REPRESENTATION_CONTEXT(2) 
PARAMETRIC_REPRESENTATION_CONTEXT() REPRESENTATION_CONTEXT('2D SPACE',''
  ) );
#11897 = ORIENTED_EDGE('',*,*,#11898,.T.);
#11898 = EDGE_CURVE('',#11876,#10168,#11899,.T.);
#11899 = SURFACE_CURVE('',#11900,(#11904,#11911),.PCURVE_S1.);
#11900 = LINE('',#11901,#11902);
#11901 = CARTESIAN_POINT('',(100.3,95.,346.3));
#11902 = VECTOR('',#11903,1.);
#11903 = DIRECTION('',(0.,0.,1.));
#11904 = PCURVE('',#10182,#11905);
#11905 = DEFINITIONAL_REPRESENTATION('',(#11906),#11910);
#11906 = LINE('',#11907,#11908);
#11907 = CARTESIAN_POINT('',(0.,-3.6));
#11908 = VECTOR('',#11909,1.);
#11909 = DIRECTION('',(1.,0.));
#11910 = ( GEOMETRIC_REPRESENTATION_CONTEXT(2) 
PARAMETRIC_REPRESENTATION_CONTEXT() REPRESENTATION_CONTEXT('2D SPACE',''
  ) );
#11911 = PCURVE('',#10208,#11912);
#11912 = DEFINITIONAL_REPRESENTATION('',(#11913),#11917);
#11913 = LINE('',#11914,#11915);
#11914 = CARTESIAN_POINT('',(0.,0.));
#11915 = VECTOR('',#11916,1.);
#11916 = DIRECTION('',(1.,0.));
#11917 = ( GEOMETRIC_REPRESENTATION_CONTEXT(2) 
PARAMETRIC_REPRESENTATION_CONTEXT() REPRESENTATION_CONTEXT('2D SPACE',''
  ) );
#11918 = ORIENTED_EDGE('',*,*,#10167,.F.);
#11919 = ADVANCED_FACE('',(#11920,#11946),#10208,.F.);
#11920 = FACE_BOUND('',#11921,.F.);
#11921 = EDGE_LOOP('',(#11922,#11923,#11944,#11945));
#11922 = ORIENTED_EDGE('',*,*,#11849,.F.);
#11923 = ORIENTED_EDGE('',*,*,#11924,.F.);
#11924 = EDGE_CURVE('',#11876,#11827,#11925,.T.);
#11925 = SURFACE_CURVE('',#11926,(#11930,#11937),.PCURVE_S1.);
#11926 = LINE('',#11927,#11928);
#11927 = CARTESIAN_POINT('',(100.3,95.,346.3));
#11928 = VECTOR('',#11929,1.);
#11929 = DIRECTION('',(1.,0.,-0.));
#11930 = PCURVE('',#10208,#11931);
#11931 = DEFINITIONAL_REPRESENTATION('',(#11932),#11936);
#11932 = LINE('',#11933,#11934);
#11933 = CARTESIAN_POINT('',(0.,0.));
#11934 = VECTOR('',#11935,1.);
#11935 = DIRECTION('',(0.,1.));
#11936 = ( GEOMETRIC_REPRESENTATION_CONTEXT(2) 
PARAMETRIC_REPRESENTATION_CONTEXT() REPRESENTATION_CONTEXT('2D SPACE',''
  ) );
#11937 = PCURVE('',#11757,#11938);
#11938 = DEFINITIONAL_REPRESENTATION('',(#11939),#11943);
#11939 = LINE('',#11940,#11941);
#11940 = CARTESIAN_POINT('',(0.,3.6));
#11941 = VECTOR('',#11942,1.);
#11942 = DIRECTION('',(1.,0.));
#11943 = ( GEOMETRIC_REPRESENTATION_CONTEXT(2) 
PARAMETRIC_REPRESENTATION_CONTEXT() REPRESENTATION_CONTEXT('2D SPACE',''
  ) );
#11944 = ORIENTED_EDGE('',*,*,#11898,.T.);
#11945 = ORIENTED_EDGE('',*,*,#10193,.F.);
#11946 = FACE_BOUND('',#11947,.F.);
#11947 = EDGE_LOOP('',(#11948));
#11948 = ORIENTED_EDGE('',*,*,#11949,.F.);
#11949 = EDGE_CURVE('',#11950,#11950,#11952,.T.);
#11950 = VERTEX_POINT('',#11951);
#11951 = CARTESIAN_POINT('',(104.,95.,352.2));
#11952 = SURFACE_CURVE('',#11953,(#11958,#11965),.PCURVE_S1.);
#11953 = CIRCLE('',#11954,2.2);
#11954 = AXIS2_PLACEMENT_3D('',#11955,#11956,#11957);
#11955 = CARTESIAN_POINT('',(104.,95.,350.));
#11956 = DIRECTION('',(0.,1.,0.));
#11957 = DIRECTION('',(0.,-0.,1.));
#11958 = PCURVE('',#10208,#11959);
#11959 = DEFINITIONAL_REPRESENTATION('',(#11960),#11964);
#11960 = CIRCLE('',#11961,2.2);
#11961 = AXIS2_PLACEMENT_2D('',#11962,#11963);
#11962 = CARTESIAN_POINT('',(3.7,3.7));
#11963 = DIRECTION('',(1.,0.));
#11964 = ( GEOMETRIC_REPRESENTATION_CONTEXT(2) 
PARAMETRIC_REPRESENTATION_CONTEXT() REPRESENTATION_CONTEXT('2D SPACE',''
  ) );
#11965 = PCURVE('',#10417,#11966);
#11966 = DEFINITIONAL_REPRESENTATION('',(#11967),#11971);
#11967 = LINE('',#11968,#11969);
#11968 = CARTESIAN_POINT('',(0.,9.));
#11969 = VECTOR('',#11970,1.);
#11970 = DIRECTION('',(1.,0.));
#11971 = ( GEOMETRIC_REPRESENTATION_CONTEXT(2) 
PARAMETRIC_REPRESENTATION_CONTEXT() REPRESENTATION_CONTEXT('2D SPACE',''
  ) );
#11972 = ADVANCED_FACE('',(#11973,#12048),#10262,.T.);
#11973 = FACE_BOUND('',#11974,.T.);
#11974 = EDGE_LOOP('',(#11975,#11998,#12026,#12047));
#11975 = ORIENTED_EDGE('',*,*,#11976,.F.);
#11976 = EDGE_CURVE('',#11977,#10246,#11979,.T.);
#11977 = VERTEX_POINT('',#11978);
#11978 = CARTESIAN_POINT('',(118.7,91.4,346.3));
#11979 = SURFACE_CURVE('',#11980,(#11984,#11991),.PCURVE_S1.);
#11980 = LINE('',#11981,#11982);
#11981 = CARTESIAN_POINT('',(118.7,91.4,346.3));
#11982 = VECTOR('',#11983,1.);
#11983 = DIRECTION('',(0.,0.,1.));
#11984 = PCURVE('',#10262,#11985);
#11985 = DEFINITIONAL_REPRESENTATION('',(#11986),#11990);
#11986 = LINE('',#11987,#11988);
#11987 = CARTESIAN_POINT('',(0.,7.4));
#11988 = VECTOR('',#11989,1.);
#11989 = DIRECTION('',(1.,0.));
#11990 = ( GEOMETRIC_REPRESENTATION_CONTEXT(2) 
PARAMETRIC_REPRESENTATION_CONTEXT() REPRESENTATION_CONTEXT('2D SPACE',''
  ) );
#11991 = PCURVE('',#10338,#11992);
#11992 = DEFINITIONAL_REPRESENTATION('',(#11993),#11997);
#11993 = LINE('',#11994,#11995);
#11994 = CARTESIAN_POINT('',(0.,0.));
#11995 = VECTOR('',#11996,1.);
#11996 = DIRECTION('',(1.,0.));
#11997 = ( GEOMETRIC_REPRESENTATION_CONTEXT(2) 
PARAMETRIC_REPRESENTATION_CONTEXT() REPRESENTATION_CONTEXT('2D SPACE',''
  ) );
#11998 = ORIENTED_EDGE('',*,*,#11999,.F.);
#11999 = EDGE_CURVE('',#12000,#11977,#12002,.T.);
#12000 = VERTEX_POINT('',#12001);
#12001 = CARTESIAN_POINT('',(111.3,91.4,346.3));
#12002 = SURFACE_CURVE('',#12003,(#12007,#12014),.PCURVE_S1.);
#12003 = LINE('',#12004,#12005);
#12004 = CARTESIAN_POINT('',(111.3,91.4,346.3));
#12005 = VECTOR('',#12006,1.);
#12006 = DIRECTION('',(1.,0.,-0.));
#12007 = PCURVE('',#10262,#12008);
#12008 = DEFINITIONAL_REPRESENTATION('',(#12009),#12013);
#12009 = LINE('',#12010,#12011);
#12010 = CARTESIAN_POINT('',(0.,0.));
#12011 = VECTOR('',#12012,1.);
#12012 = DIRECTION('',(0.,1.));
#12013 = ( GEOMETRIC_REPRESENTATION_CONTEXT(2) 
PARAMETRIC_REPRESENTATION_CONTEXT() REPRESENTATION_CONTEXT('2D SPACE',''
  ) );
#12014 = PCURVE('',#12015,#12020);
#12015 = PLANE('',#12016);
#12016 = AXIS2_PLACEMENT_3D('',#12017,#12018,#12019);
#12017 = CARTESIAN_POINT('',(111.3,91.4,346.3));
#12018 = DIRECTION('',(0.,0.,1.));
#12019 = DIRECTION('',(1.,0.,-0.));
#12020 = DEFINITIONAL_REPRESENTATION('',(#12021),#12025);
#12021 = LINE('',#12022,#12023);
#12022 = CARTESIAN_POINT('',(0.,0.));
#12023 = VECTOR('',#12024,1.);
#12024 = DIRECTION('',(1.,0.));
#12025 = ( GEOMETRIC_REPRESENTATION_CONTEXT(2) 
PARAMETRIC_REPRESENTATION_CONTEXT() REPRESENTATION_CONTEXT('2D SPACE',''
  ) );
#12026 = ORIENTED_EDGE('',*,*,#12027,.T.);
#12027 = EDGE_CURVE('',#12000,#10248,#12028,.T.);
#12028 = SURFACE_CURVE('',#12029,(#12033,#12040),.PCURVE_S1.);
#12029 = LINE('',#12030,#12031);
#12030 = CARTESIAN_POINT('',(111.3,91.4,346.3));
#12031 = VECTOR('',#12032,1.);
#12032 = DIRECTION('',(0.,0.,1.));
#12033 = PCURVE('',#10262,#12034);
#12034 = DEFINITIONAL_REPRESENTATION('',(#12035),#12039);
#12035 = LINE('',#12036,#12037);
#12036 = CARTESIAN_POINT('',(0.,0.));
#12037 = VECTOR('',#12038,1.);
#12038 = DIRECTION('',(1.,0.));
#12039 = ( GEOMETRIC_REPRESENTATION_CONTEXT(2) 
PARAMETRIC_REPRESENTATION_CONTEXT() REPRESENTATION_CONTEXT('2D SPACE',''
  ) );
#12040 = PCURVE('',#10288,#12041);
#12041 = DEFINITIONAL_REPRESENTATION('',(#12042),#12046);
#12042 = LINE('',#12043,#12044);
#12043 = CARTESIAN_POINT('',(0.,0.));
#12044 = VECTOR('',#12045,1.);
#12045 = DIRECTION('',(1.,0.));
#12046 = ( GEOMETRIC_REPRESENTATION_CONTEXT(2) 
PARAMETRIC_REPRESENTATION_CONTEXT() REPRESENTATION_CONTEXT('2D SPACE',''
  ) );
#12047 = ORIENTED_EDGE('',*,*,#10245,.F.);
#12048 = FACE_BOUND('',#12049,.T.);
#12049 = EDGE_LOOP('',(#12050));
#12050 = ORIENTED_EDGE('',*,*,#12051,.F.);
#12051 = EDGE_CURVE('',#12052,#12052,#12054,.T.);
#12052 = VERTEX_POINT('',#12053);
#12053 = CARTESIAN_POINT('',(115.,91.4,352.2));
#12054 = SURFACE_CURVE('',#12055,(#12060,#12067),.PCURVE_S1.);
#12055 = CIRCLE('',#12056,2.2);
#12056 = AXIS2_PLACEMENT_3D('',#12057,#12058,#12059);
#12057 = CARTESIAN_POINT('',(115.,91.4,350.));
#12058 = DIRECTION('',(0.,1.,0.));
#12059 = DIRECTION('',(0.,-0.,1.));
#12060 = PCURVE('',#10262,#12061);
#12061 = DEFINITIONAL_REPRESENTATION('',(#12062),#12066);
#12062 = CIRCLE('',#12063,2.2);
#12063 = AXIS2_PLACEMENT_2D('',#12064,#12065);
#12064 = CARTESIAN_POINT('',(3.7,3.7));
#12065 = DIRECTION('',(1.,0.));
#12066 = ( GEOMETRIC_REPRESENTATION_CONTEXT(2) 
PARAMETRIC_REPRESENTATION_CONTEXT() REPRESENTATION_CONTEXT('2D SPACE',''
  ) );
#12067 = PCURVE('',#12068,#12073);
#12068 = CYLINDRICAL_SURFACE('',#12069,2.2);
#12069 = AXIS2_PLACEMENT_3D('',#12070,#12071,#12072);
#12070 = CARTESIAN_POINT('',(115.,86.,350.));
#12071 = DIRECTION('',(0.,1.,0.));
#12072 = DIRECTION('',(0.,-0.,1.));
#12073 = DEFINITIONAL_REPRESENTATION('',(#12074),#12078);
#12074 = LINE('',#12075,#12076);
#12075 = CARTESIAN_POINT('',(0.,5.4));
#12076 = VECTOR('',#12077,1.);
#12077 = DIRECTION('',(1.,0.));
#12078 = ( GEOMETRIC_REPRESENTATION_CONTEXT(2) 
PARAMETRIC_REPRESENTATION_CONTEXT() REPRESENTATION_CONTEXT('2D SPACE',''
  ) );
#12079 = ADVANCED_FACE('',(#12080),#10338,.F.);
#12080 = FACE_BOUND('',#12081,.F.);
#12081 = EDGE_LOOP('',(#12082,#12083,#12106,#12127));
#12082 = ORIENTED_EDGE('',*,*,#11976,.F.);
#12083 = ORIENTED_EDGE('',*,*,#12084,.T.);
#12084 = EDGE_CURVE('',#11977,#12085,#12087,.T.);
#12085 = VERTEX_POINT('',#12086);
#12086 = CARTESIAN_POINT('',(118.7,95.,346.3));
#12087 = SURFACE_CURVE('',#12088,(#12092,#12099),.PCURVE_S1.);
#12088 = LINE('',#12089,#12090);
#12089 = CARTESIAN_POINT('',(118.7,91.4,346.3));
#12090 = VECTOR('',#12091,1.);
#12091 = DIRECTION('',(-0.,1.,0.));
#12092 = PCURVE('',#10338,#12093);
#12093 = DEFINITIONAL_REPRESENTATION('',(#12094),#12098);
#12094 = LINE('',#12095,#12096);
#12095 = CARTESIAN_POINT('',(0.,0.));
#12096 = VECTOR('',#12097,1.);
#12097 = DIRECTION('',(0.,-1.));
#12098 = ( GEOMETRIC_REPRESENTATION_CONTEXT(2) 
PARAMETRIC_REPRESENTATION_CONTEXT() REPRESENTATION_CONTEXT('2D SPACE',''
  ) );
#12099 = PCURVE('',#12015,#12100);
#12100 = DEFINITIONAL_REPRESENTATION('',(#12101),#12105);
#12101 = LINE('',#12102,#12103);
#12102 = CARTESIAN_POINT('',(7.4,0.));
#12103 = VECTOR('',#12104,1.);
#12104 = DIRECTION('',(0.,1.));
#12105 = ( GEOMETRIC_REPRESENTATION_CONTEXT(2) 
PARAMETRIC_REPRESENTATION_CONTEXT() REPRESENTATION_CONTEXT('2D SPACE',''
  ) );
#12106 = ORIENTED_EDGE('',*,*,#12107,.T.);
#12107 = EDGE_CURVE('',#12085,#10300,#12108,.T.);
#12108 = SURFACE_CURVE('',#12109,(#12113,#12120),.PCURVE_S1.);
#12109 = LINE('',#12110,#12111);
#12110 = CARTESIAN_POINT('',(118.7,95.,346.3));
#12111 = VECTOR('',#12112,1.);
#12112 = DIRECTION('',(0.,0.,1.));
#12113 = PCURVE('',#10338,#12114);
#12114 = DEFINITIONAL_REPRESENTATION('',(#12115),#12119);
#12115 = LINE('',#12116,#12117);
#12116 = CARTESIAN_POINT('',(0.,-3.6));
#12117 = VECTOR('',#12118,1.);
#12118 = DIRECTION('',(1.,0.));
#12119 = ( GEOMETRIC_REPRESENTATION_CONTEXT(2) 
PARAMETRIC_REPRESENTATION_CONTEXT() REPRESENTATION_CONTEXT('2D SPACE',''
  ) );
#12120 = PCURVE('',#10314,#12121);
#12121 = DEFINITIONAL_REPRESENTATION('',(#12122),#12126);
#12122 = LINE('',#12123,#12124);
#12123 = CARTESIAN_POINT('',(0.,7.4));
#12124 = VECTOR('',#12125,1.);
#12125 = DIRECTION('',(1.,0.));
#12126 = ( GEOMETRIC_REPRESENTATION_CONTEXT(2) 
PARAMETRIC_REPRESENTATION_CONTEXT() REPRESENTATION_CONTEXT('2D SPACE',''
  ) );
#12127 = ORIENTED_EDGE('',*,*,#10325,.F.);
#12128 = ADVANCED_FACE('',(#12129,#12177),#10314,.F.);
#12129 = FACE_BOUND('',#12130,.F.);
#12130 = EDGE_LOOP('',(#12131,#12132,#12155,#12176));
#12131 = ORIENTED_EDGE('',*,*,#12107,.F.);
#12132 = ORIENTED_EDGE('',*,*,#12133,.F.);
#12133 = EDGE_CURVE('',#12134,#12085,#12136,.T.);
#12134 = VERTEX_POINT('',#12135);
#12135 = CARTESIAN_POINT('',(111.3,95.,346.3));
#12136 = SURFACE_CURVE('',#12137,(#12141,#12148),.PCURVE_S1.);
#12137 = LINE('',#12138,#12139);
#12138 = CARTESIAN_POINT('',(111.3,95.,346.3));
#12139 = VECTOR('',#12140,1.);
#12140 = DIRECTION('',(1.,0.,-0.));
#12141 = PCURVE('',#10314,#12142);
#12142 = DEFINITIONAL_REPRESENTATION('',(#12143),#12147);
#12143 = LINE('',#12144,#12145);
#12144 = CARTESIAN_POINT('',(0.,0.));
#12145 = VECTOR('',#12146,1.);
#12146 = DIRECTION('',(0.,1.));
#12147 = ( GEOMETRIC_REPRESENTATION_CONTEXT(2) 
PARAMETRIC_REPRESENTATION_CONTEXT() REPRESENTATION_CONTEXT('2D SPACE',''
  ) );
#12148 = PCURVE('',#12015,#12149);
#12149 = DEFINITIONAL_REPRESENTATION('',(#12150),#12154);
#12150 = LINE('',#12151,#12152);
#12151 = CARTESIAN_POINT('',(0.,3.6));
#12152 = VECTOR('',#12153,1.);
#12153 = DIRECTION('',(1.,0.));
#12154 = ( GEOMETRIC_REPRESENTATION_CONTEXT(2) 
PARAMETRIC_REPRESENTATION_CONTEXT() REPRESENTATION_CONTEXT('2D SPACE',''
  ) );
#12155 = ORIENTED_EDGE('',*,*,#12156,.T.);
#12156 = EDGE_CURVE('',#12134,#10274,#12157,.T.);
#12157 = SURFACE_CURVE('',#12158,(#12162,#12169),.PCURVE_S1.);
#12158 = LINE('',#12159,#12160);
#12159 = CARTESIAN_POINT('',(111.3,95.,346.3));
#12160 = VECTOR('',#12161,1.);
#12161 = DIRECTION('',(0.,0.,1.));
#12162 = PCURVE('',#10314,#12163);
#12163 = DEFINITIONAL_REPRESENTATION('',(#12164),#12168);
#12164 = LINE('',#12165,#12166);
#12165 = CARTESIAN_POINT('',(0.,0.));
#12166 = VECTOR('',#12167,1.);
#12167 = DIRECTION('',(1.,0.));
#12168 = ( GEOMETRIC_REPRESENTATION_CONTEXT(2) 
PARAMETRIC_REPRESENTATION_CONTEXT() REPRESENTATION_CONTEXT('2D SPACE',''
  ) );
#12169 = PCURVE('',#10288,#12170);
#12170 = DEFINITIONAL_REPRESENTATION('',(#12171),#12175);
#12171 = LINE('',#12172,#12173);
#12172 = CARTESIAN_POINT('',(0.,-3.6));
#12173 = VECTOR('',#12174,1.);
#12174 = DIRECTION('',(1.,0.));
#12175 = ( GEOMETRIC_REPRESENTATION_CONTEXT(2) 
PARAMETRIC_REPRESENTATION_CONTEXT() REPRESENTATION_CONTEXT('2D SPACE',''
  ) );
#12176 = ORIENTED_EDGE('',*,*,#10299,.F.);
#12177 = FACE_BOUND('',#12178,.F.);
#12178 = EDGE_LOOP('',(#12179));
#12179 = ORIENTED_EDGE('',*,*,#12180,.F.);
#12180 = EDGE_CURVE('',#12181,#12181,#12183,.T.);
#12181 = VERTEX_POINT('',#12182);
#12182 = CARTESIAN_POINT('',(115.,95.,352.2));
#12183 = SURFACE_CURVE('',#12184,(#12189,#12196),.PCURVE_S1.);
#12184 = CIRCLE('',#12185,2.2);
#12185 = AXIS2_PLACEMENT_3D('',#12186,#12187,#12188);
#12186 = CARTESIAN_POINT('',(115.,95.,350.));
#12187 = DIRECTION('',(0.,1.,0.));
#12188 = DIRECTION('',(0.,-0.,1.));
#12189 = PCURVE('',#10314,#12190);
#12190 = DEFINITIONAL_REPRESENTATION('',(#12191),#12195);
#12191 = CIRCLE('',#12192,2.2);
#12192 = AXIS2_PLACEMENT_2D('',#12193,#12194);
#12193 = CARTESIAN_POINT('',(3.7,3.7));
#12194 = DIRECTION('',(1.,0.));
#12195 = ( GEOMETRIC_REPRESENTATION_CONTEXT(2) 
PARAMETRIC_REPRESENTATION_CONTEXT() REPRESENTATION_CONTEXT('2D SPACE',''
  ) );
#12196 = PCURVE('',#10448,#12197);
#12197 = DEFINITIONAL_REPRESENTATION('',(#12198),#12202);
#12198 = LINE('',#12199,#12200);
#12199 = CARTESIAN_POINT('',(0.,9.));
#12200 = VECTOR('',#12201,1.);
#12201 = DIRECTION('',(1.,0.));
#12202 = ( GEOMETRIC_REPRESENTATION_CONTEXT(2) 
PARAMETRIC_REPRESENTATION_CONTEXT() REPRESENTATION_CONTEXT('2D SPACE',''
  ) );
#12203 = ADVANCED_FACE('',(#12204),#10288,.T.);
#12204 = FACE_BOUND('',#12205,.T.);
#12205 = EDGE_LOOP('',(#12206,#12207,#12228,#12229));
#12206 = ORIENTED_EDGE('',*,*,#12027,.F.);
#12207 = ORIENTED_EDGE('',*,*,#12208,.T.);
#12208 = EDGE_CURVE('',#12000,#12134,#12209,.T.);
#12209 = SURFACE_CURVE('',#12210,(#12214,#12221),.PCURVE_S1.);
#12210 = LINE('',#12211,#12212);
#12211 = CARTESIAN_POINT('',(111.3,91.4,346.3));
#12212 = VECTOR('',#12213,1.);
#12213 = DIRECTION('',(-0.,1.,0.));
#12214 = PCURVE('',#10288,#12215);
#12215 = DEFINITIONAL_REPRESENTATION('',(#12216),#12220);
#12216 = LINE('',#12217,#12218);
#12217 = CARTESIAN_POINT('',(0.,0.));
#12218 = VECTOR('',#12219,1.);
#12219 = DIRECTION('',(0.,-1.));
#12220 = ( GEOMETRIC_REPRESENTATION_CONTEXT(2) 
PARAMETRIC_REPRESENTATION_CONTEXT() REPRESENTATION_CONTEXT('2D SPACE',''
  ) );
#12221 = PCURVE('',#12015,#12222);
#12222 = DEFINITIONAL_REPRESENTATION('',(#12223),#12227);
#12223 = LINE('',#12224,#12225);
#12224 = CARTESIAN_POINT('',(0.,0.));
#12225 = VECTOR('',#12226,1.);
#12226 = DIRECTION('',(0.,1.));
#12227 = ( GEOMETRIC_REPRESENTATION_CONTEXT(2) 
PARAMETRIC_REPRESENTATION_CONTEXT() REPRESENTATION_CONTEXT('2D SPACE',''
  ) );
#12228 = ORIENTED_EDGE('',*,*,#12156,.T.);
#12229 = ORIENTED_EDGE('',*,*,#10273,.F.);
#12230 = ADVANCED_FACE('',(#12231),#10417,.F.);
#12231 = FACE_BOUND('',#12232,.F.);
#12232 = EDGE_LOOP('',(#12233,#12254,#12255,#12256));
#12233 = ORIENTED_EDGE('',*,*,#12234,.T.);
#12234 = EDGE_CURVE('',#11950,#10401,#12235,.T.);
#12235 = SEAM_CURVE('',#12236,(#12240,#12247),.PCURVE_S1.);
#12236 = LINE('',#12237,#12238);
#12237 = CARTESIAN_POINT('',(104.,86.,352.2));
#12238 = VECTOR('',#12239,1.);
#12239 = DIRECTION('',(0.,1.,0.));
#12240 = PCURVE('',#10417,#12241);
#12241 = DEFINITIONAL_REPRESENTATION('',(#12242),#12246);
#12242 = LINE('',#12243,#12244);
#12243 = CARTESIAN_POINT('',(6.28318530718,-0.));
#12244 = VECTOR('',#12245,1.);
#12245 = DIRECTION('',(0.,1.));
#12246 = ( GEOMETRIC_REPRESENTATION_CONTEXT(2) 
PARAMETRIC_REPRESENTATION_CONTEXT() REPRESENTATION_CONTEXT('2D SPACE',''
  ) );
#12247 = PCURVE('',#10417,#12248);
#12248 = DEFINITIONAL_REPRESENTATION('',(#12249),#12253);
#12249 = LINE('',#12250,#12251);
#12250 = CARTESIAN_POINT('',(0.,-0.));
#12251 = VECTOR('',#12252,1.);
#12252 = DIRECTION('',(0.,1.));
#12253 = ( GEOMETRIC_REPRESENTATION_CONTEXT(2) 
PARAMETRIC_REPRESENTATION_CONTEXT() REPRESENTATION_CONTEXT('2D SPACE',''
  ) );
#12254 = ORIENTED_EDGE('',*,*,#10400,.F.);
#12255 = ORIENTED_EDGE('',*,*,#12234,.F.);
#12256 = ORIENTED_EDGE('',*,*,#11949,.T.);
#12257 = ADVANCED_FACE('',(#12258),#10448,.F.);
#12258 = FACE_BOUND('',#12259,.F.);
#12259 = EDGE_LOOP('',(#12260,#12281,#12282,#12283));
#12260 = ORIENTED_EDGE('',*,*,#12261,.T.);
#12261 = EDGE_CURVE('',#12181,#10432,#12262,.T.);
#12262 = SEAM_CURVE('',#12263,(#12267,#12274),.PCURVE_S1.);
#12263 = LINE('',#12264,#12265);
#12264 = CARTESIAN_POINT('',(115.,86.,352.2));
#12265 = VECTOR('',#12266,1.);
#12266 = DIRECTION('',(0.,1.,0.));
#12267 = PCURVE('',#10448,#12268);
#12268 = DEFINITIONAL_REPRESENTATION('',(#12269),#12273);
#12269 = LINE('',#12270,#12271);
#12270 = CARTESIAN_POINT('',(6.28318530718,-0.));
#12271 = VECTOR('',#12272,1.);
#12272 = DIRECTION('',(0.,1.));
#12273 = ( GEOMETRIC_REPRESENTATION_CONTEXT(2) 
PARAMETRIC_REPRESENTATION_CONTEXT() REPRESENTATION_CONTEXT('2D SPACE',''
  ) );
#12274 = PCURVE('',#10448,#12275);
#12275 = DEFINITIONAL_REPRESENTATION('',(#12276),#12280);
#12276 = LINE('',#12277,#12278);
#12277 = CARTESIAN_POINT('',(0.,-0.));
#12278 = VECTOR('',#12279,1.);
#12279 = DIRECTION('',(0.,1.));
#12280 = ( GEOMETRIC_REPRESENTATION_CONTEXT(2) 
PARAMETRIC_REPRESENTATION_CONTEXT() REPRESENTATION_CONTEXT('2D SPACE',''
  ) );
#12281 = ORIENTED_EDGE('',*,*,#10431,.F.);
#12282 = ORIENTED_EDGE('',*,*,#12261,.F.);
#12283 = ORIENTED_EDGE('',*,*,#12180,.T.);
#12284 = ADVANCED_FACE('',(#12285),#10620,.F.);
#12285 = FACE_BOUND('',#12286,.F.);
#12286 = EDGE_LOOP('',(#12287,#12288,#12309,#12310));
#12287 = ORIENTED_EDGE('',*,*,#11198,.F.);
#12288 = ORIENTED_EDGE('',*,*,#12289,.T.);
#12289 = EDGE_CURVE('',#11199,#11101,#12290,.T.);
#12290 = SURFACE_CURVE('',#12291,(#12295,#12302),.PCURVE_S1.);
#12291 = LINE('',#12292,#12293);
#12292 = CARTESIAN_POINT('',(120.80761184457,-84.,344.3431457505));
#12293 = VECTOR('',#12294,1.);
#12294 = DIRECTION('',(0.,1.,0.));
#12295 = PCURVE('',#10620,#12296);
#12296 = DEFINITIONAL_REPRESENTATION('',(#12297),#12301);
#12297 = LINE('',#12298,#12299);
#12298 = CARTESIAN_POINT('',(0.,0.));
#12299 = VECTOR('',#12300,1.);
#12300 = DIRECTION('',(0.,-1.));
#12301 = ( GEOMETRIC_REPRESENTATION_CONTEXT(2) 
PARAMETRIC_REPRESENTATION_CONTEXT() REPRESENTATION_CONTEXT('2D SPACE',''
  ) );
#12302 = PCURVE('',#11115,#12303);
#12303 = DEFINITIONAL_REPRESENTATION('',(#12304),#12308);
#12304 = LINE('',#12305,#12306);
#12305 = CARTESIAN_POINT('',(20.,0.));
#12306 = VECTOR('',#12307,1.);
#12307 = DIRECTION('',(0.,1.));
#12308 = ( GEOMETRIC_REPRESENTATION_CONTEXT(2) 
PARAMETRIC_REPRESENTATION_CONTEXT() REPRESENTATION_CONTEXT('2D SPACE',''
  ) );
#12309 = ORIENTED_EDGE('',*,*,#11126,.F.);
#12310 = ORIENTED_EDGE('',*,*,#10605,.F.);
#12311 = ADVANCED_FACE('',(#12312),#10531,.F.);
#12312 = FACE_BOUND('',#12313,.F.);
#12313 = EDGE_LOOP('',(#12314,#12315,#12336,#12337));
#12314 = ORIENTED_EDGE('',*,*,#10921,.T.);
#12315 = ORIENTED_EDGE('',*,*,#12316,.T.);
#12316 = EDGE_CURVE('',#10901,#10754,#12317,.T.);
#12317 = SURFACE_CURVE('',#12318,(#12322,#12329),.PCURVE_S1.);
#12318 = LINE('',#12319,#12320);
#12319 = CARTESIAN_POINT('',(120.80761184457,44.,344.3431457505));
#12320 = VECTOR('',#12321,1.);
#12321 = DIRECTION('',(0.,1.,0.));
#12322 = PCURVE('',#10531,#12323);
#12323 = DEFINITIONAL_REPRESENTATION('',(#12324),#12328);
#12324 = LINE('',#12325,#12326);
#12325 = CARTESIAN_POINT('',(0.,0.));
#12326 = VECTOR('',#12327,1.);
#12327 = DIRECTION('',(0.,-1.));
#12328 = ( GEOMETRIC_REPRESENTATION_CONTEXT(2) 
PARAMETRIC_REPRESENTATION_CONTEXT() REPRESENTATION_CONTEXT('2D SPACE',''
  ) );
#12329 = PCURVE('',#10792,#12330);
#12330 = DEFINITIONAL_REPRESENTATION('',(#12331),#12335);
#12331 = LINE('',#12332,#12333);
#12332 = CARTESIAN_POINT('',(20.,0.));
#12333 = VECTOR('',#12334,1.);
#12334 = DIRECTION('',(0.,1.));
#12335 = ( GEOMETRIC_REPRESENTATION_CONTEXT(2) 
PARAMETRIC_REPRESENTATION_CONTEXT() REPRESENTATION_CONTEXT('2D SPACE',''
  ) );
#12336 = ORIENTED_EDGE('',*,*,#10753,.T.);
#12337 = ORIENTED_EDGE('',*,*,#10516,.F.);
#12338 = ADVANCED_FACE('',(#12339),#10792,.T.);
#12339 = FACE_BOUND('',#12340,.T.);
#12340 = EDGE_LOOP('',(#12341,#12342,#12343,#12344));
#12341 = ORIENTED_EDGE('',*,*,#10851,.F.);
#12342 = ORIENTED_EDGE('',*,*,#10900,.T.);
#12343 = ORIENTED_EDGE('',*,*,#12316,.T.);
#12344 = ORIENTED_EDGE('',*,*,#10776,.F.);
#12345 = ADVANCED_FACE('',(#12346),#10987,.F.);
#12346 = FACE_BOUND('',#12347,.F.);
#12347 = EDGE_LOOP('',(#12348,#12371,#12372,#12395));
#12348 = ORIENTED_EDGE('',*,*,#12349,.F.);
#12349 = EDGE_CURVE('',#10971,#12350,#12352,.T.);
#12350 = VERTEX_POINT('',#12351);
#12351 = CARTESIAN_POINT('',(121.16116523516,-32.,376.51650429449));
#12352 = SURFACE_CURVE('',#12353,(#12357,#12364),.PCURVE_S1.);
#12353 = LINE('',#12354,#12355);
#12354 = CARTESIAN_POINT('',(101.36217536194,-32.,356.71751442127));
#12355 = VECTOR('',#12356,1.);
#12356 = DIRECTION('',(0.707106781187,0.,0.707106781187));
#12357 = PCURVE('',#10987,#12358);
#12358 = DEFINITIONAL_REPRESENTATION('',(#12359),#12363);
#12359 = LINE('',#12360,#12361);
#12360 = CARTESIAN_POINT('',(-2.065014825803E-14,4.));
#12361 = VECTOR('',#12362,1.);
#12362 = DIRECTION('',(1.,0.));
#12363 = ( GEOMETRIC_REPRESENTATION_CONTEXT(2) 
PARAMETRIC_REPRESENTATION_CONTEXT() REPRESENTATION_CONTEXT('2D SPACE',''
  ) );
#12364 = PCURVE('',#11063,#12365);
#12365 = DEFINITIONAL_REPRESENTATION('',(#12366),#12370);
#12366 = LINE('',#12367,#12368);
#12367 = CARTESIAN_POINT('',(0.,0.));
#12368 = VECTOR('',#12369,1.);
#12369 = DIRECTION('',(1.,0.));
#12370 = ( GEOMETRIC_REPRESENTATION_CONTEXT(2) 
PARAMETRIC_REPRESENTATION_CONTEXT() REPRESENTATION_CONTEXT('2D SPACE',''
  ) );
#12371 = ORIENTED_EDGE('',*,*,#10970,.T.);
#12372 = ORIENTED_EDGE('',*,*,#12373,.T.);
#12373 = EDGE_CURVE('',#10973,#12374,#12376,.T.);
#12374 = VERTEX_POINT('',#12375);
#12375 = CARTESIAN_POINT('',(118.33273811042,-32.,379.34493141924));
#12376 = SURFACE_CURVE('',#12377,(#12381,#12388),.PCURVE_S1.);
#12377 = LINE('',#12378,#12379);
#12378 = CARTESIAN_POINT('',(98.533748237199,-32.,359.54594154601));
#12379 = VECTOR('',#12380,1.);
#12380 = DIRECTION('',(0.707106781187,0.,0.707106781187));
#12381 = PCURVE('',#10987,#12382);
#12382 = DEFINITIONAL_REPRESENTATION('',(#12383),#12387);
#12383 = LINE('',#12384,#12385);
#12384 = CARTESIAN_POINT('',(0.,0.));
#12385 = VECTOR('',#12386,1.);
#12386 = DIRECTION('',(1.,0.));
#12387 = ( GEOMETRIC_REPRESENTATION_CONTEXT(2) 
PARAMETRIC_REPRESENTATION_CONTEXT() REPRESENTATION_CONTEXT('2D SPACE',''
  ) );
#12388 = PCURVE('',#11013,#12389);
#12389 = DEFINITIONAL_REPRESENTATION('',(#12390),#12394);
#12390 = LINE('',#12391,#12392);
#12391 = CARTESIAN_POINT('',(0.,0.));
#12392 = VECTOR('',#12393,1.);
#12393 = DIRECTION('',(1.,0.));
#12394 = ( GEOMETRIC_REPRESENTATION_CONTEXT(2) 
PARAMETRIC_REPRESENTATION_CONTEXT() REPRESENTATION_CONTEXT('2D SPACE',''
  ) );
#12395 = ORIENTED_EDGE('',*,*,#12396,.T.);
#12396 = EDGE_CURVE('',#12374,#12350,#12397,.T.);
#12397 = SURFACE_CURVE('',#12398,(#12402,#12409),.PCURVE_S1.);
#12398 = LINE('',#12399,#12400);
#12399 = CARTESIAN_POINT('',(118.33273811042,-32.,379.34493141924));
#12400 = VECTOR('',#12401,1.);
#12401 = DIRECTION('',(0.707106781187,0.,-0.707106781187));
#12402 = PCURVE('',#10987,#12403);
#12403 = DEFINITIONAL_REPRESENTATION('',(#12404),#12408);
#12404 = LINE('',#12405,#12406);
#12405 = CARTESIAN_POINT('',(28.,1.7763568394E-15));
#12406 = VECTOR('',#12407,1.);
#12407 = DIRECTION('',(0.,1.));
#12408 = ( GEOMETRIC_REPRESENTATION_CONTEXT(2) 
PARAMETRIC_REPRESENTATION_CONTEXT() REPRESENTATION_CONTEXT('2D SPACE',''
  ) );
#12409 = PCURVE('',#12410,#12415);
#12410 = PLANE('',#12411);
#12411 = AXIS2_PLACEMENT_3D('',#12412,#12413,#12414);
#12412 = CARTESIAN_POINT('',(118.33273811042,-32.,379.34493141924));
#12413 = DIRECTION('',(0.707106781187,0.,0.707106781187));
#12414 = DIRECTION('',(0.707106781187,0.,-0.707106781187));
#12415 = DEFINITIONAL_REPRESENTATION('',(#12416),#12420);
#12416 = LINE('',#12417,#12418);
#12417 = CARTESIAN_POINT('',(0.,0.));
#12418 = VECTOR('',#12419,1.);
#12419 = DIRECTION('',(1.,0.));
#12420 = ( GEOMETRIC_REPRESENTATION_CONTEXT(2) 
PARAMETRIC_REPRESENTATION_CONTEXT() REPRESENTATION_CONTEXT('2D SPACE',''
  ) );
#12421 = ADVANCED_FACE('',(#12422,#12470,#12501),#11063,.T.);
#12422 = FACE_BOUND('',#12423,.T.);
#12423 = EDGE_LOOP('',(#12424,#12425,#12426,#12449));
#12424 = ORIENTED_EDGE('',*,*,#12349,.F.);
#12425 = ORIENTED_EDGE('',*,*,#11050,.T.);
#12426 = ORIENTED_EDGE('',*,*,#12427,.T.);
#12427 = EDGE_CURVE('',#11025,#12428,#12430,.T.);
#12428 = VERTEX_POINT('',#12429);
#12429 = CARTESIAN_POINT('',(121.16116523516,32.,376.51650429449));
#12430 = SURFACE_CURVE('',#12431,(#12435,#12442),.PCURVE_S1.);
#12431 = LINE('',#12432,#12433);
#12432 = CARTESIAN_POINT('',(101.36217536194,32.,356.71751442127));
#12433 = VECTOR('',#12434,1.);
#12434 = DIRECTION('',(0.707106781187,0.,0.707106781187));
#12435 = PCURVE('',#11063,#12436);
#12436 = DEFINITIONAL_REPRESENTATION('',(#12437),#12441);
#12437 = LINE('',#12438,#12439);
#12438 = CARTESIAN_POINT('',(0.,-64.));
#12439 = VECTOR('',#12440,1.);
#12440 = DIRECTION('',(1.,0.));
#12441 = ( GEOMETRIC_REPRESENTATION_CONTEXT(2) 
PARAMETRIC_REPRESENTATION_CONTEXT() REPRESENTATION_CONTEXT('2D SPACE',''
  ) );
#12442 = PCURVE('',#11039,#12443);
#12443 = DEFINITIONAL_REPRESENTATION('',(#12444),#12448);
#12444 = LINE('',#12445,#12446);
#12445 = CARTESIAN_POINT('',(-2.065014825803E-14,4.));
#12446 = VECTOR('',#12447,1.);
#12447 = DIRECTION('',(1.,0.));
#12448 = ( GEOMETRIC_REPRESENTATION_CONTEXT(2) 
PARAMETRIC_REPRESENTATION_CONTEXT() REPRESENTATION_CONTEXT('2D SPACE',''
  ) );
#12449 = ORIENTED_EDGE('',*,*,#12450,.F.);
#12450 = EDGE_CURVE('',#12350,#12428,#12451,.T.);
#12451 = SURFACE_CURVE('',#12452,(#12456,#12463),.PCURVE_S1.);
#12452 = LINE('',#12453,#12454);
#12453 = CARTESIAN_POINT('',(121.16116523516,-32.,376.51650429449));
#12454 = VECTOR('',#12455,1.);
#12455 = DIRECTION('',(0.,1.,0.));
#12456 = PCURVE('',#11063,#12457);
#12457 = DEFINITIONAL_REPRESENTATION('',(#12458),#12462);
#12458 = LINE('',#12459,#12460);
#12459 = CARTESIAN_POINT('',(28.,0.));
#12460 = VECTOR('',#12461,1.);
#12461 = DIRECTION('',(0.,-1.));
#12462 = ( GEOMETRIC_REPRESENTATION_CONTEXT(2) 
PARAMETRIC_REPRESENTATION_CONTEXT() REPRESENTATION_CONTEXT('2D SPACE',''
  ) );
#12463 = PCURVE('',#12410,#12464);
#12464 = DEFINITIONAL_REPRESENTATION('',(#12465),#12469);
#12465 = LINE('',#12466,#12467);
#12466 = CARTESIAN_POINT('',(4.,0.));
#12467 = VECTOR('',#12468,1.);
#12468 = DIRECTION('',(0.,1.));
#12469 = ( GEOMETRIC_REPRESENTATION_CONTEXT(2) 
PARAMETRIC_REPRESENTATION_CONTEXT() REPRESENTATION_CONTEXT('2D SPACE',''
  ) );
#12470 = FACE_BOUND('',#12471,.T.);
#12471 = EDGE_LOOP('',(#12472));
#12472 = ORIENTED_EDGE('',*,*,#12473,.F.);
#12473 = EDGE_CURVE('',#12474,#12474,#12476,.T.);
#12474 = VERTEX_POINT('',#12475);
#12475 = CARTESIAN_POINT('',(113.52441199835,22.5,368.87975105768));
#12476 = SURFACE_CURVE('',#12477,(#12482,#12489),.PCURVE_S1.);
#12477 = CIRCLE('',#12478,1.7);
#12478 = AXIS2_PLACEMENT_3D('',#12479,#12480,#12481);
#12479 = CARTESIAN_POINT('',(112.32233047033,22.5,367.67766952966));
#12480 = DIRECTION('',(0.707106781187,0.,-0.707106781187));
#12481 = DIRECTION('',(0.707106781187,0.,0.707106781187));
#12482 = PCURVE('',#11063,#12483);
#12483 = DEFINITIONAL_REPRESENTATION('',(#12484),#12488);
#12484 = CIRCLE('',#12485,1.7);
#12485 = AXIS2_PLACEMENT_2D('',#12486,#12487);
#12486 = CARTESIAN_POINT('',(15.5,-54.5));
#12487 = DIRECTION('',(1.,0.));
#12488 = ( GEOMETRIC_REPRESENTATION_CONTEXT(2) 
PARAMETRIC_REPRESENTATION_CONTEXT() REPRESENTATION_CONTEXT('2D SPACE',''
  ) );
#12489 = PCURVE('',#12490,#12495);
#12490 = CYLINDRICAL_SURFACE('',#12491,1.7);
#12491 = AXIS2_PLACEMENT_3D('',#12492,#12493,#12494);
#12492 = CARTESIAN_POINT('',(108.7867965644,22.5,371.21320343559));
#12493 = DIRECTION('',(0.707106781187,0.,-0.707106781187));
#12494 = DIRECTION('',(0.707106781187,0.,0.707106781187));
#12495 = DEFINITIONAL_REPRESENTATION('',(#12496),#12500);
#12496 = LINE('',#12497,#12498);
#12497 = CARTESIAN_POINT('',(0.,5.));
#12498 = VECTOR('',#12499,1.);
#12499 = DIRECTION('',(1.,0.));
#12500 = ( GEOMETRIC_REPRESENTATION_CONTEXT(2) 
PARAMETRIC_REPRESENTATION_CONTEXT() REPRESENTATION_CONTEXT('2D SPACE',''
  ) );
#12501 = FACE_BOUND('',#12502,.T.);
#12502 = EDGE_LOOP('',(#12503));
#12503 = ORIENTED_EDGE('',*,*,#12504,.F.);
#12504 = EDGE_CURVE('',#12505,#12505,#12507,.T.);
#12505 = VERTEX_POINT('',#12506);
#12506 = CARTESIAN_POINT('',(113.52441199835,-22.5,368.87975105768));
#12507 = SURFACE_CURVE('',#12508,(#12513,#12520),.PCURVE_S1.);
#12508 = CIRCLE('',#12509,1.7);
#12509 = AXIS2_PLACEMENT_3D('',#12510,#12511,#12512);
#12510 = CARTESIAN_POINT('',(112.32233047033,-22.5,367.67766952966));
#12511 = DIRECTION('',(0.707106781187,0.,-0.707106781187));
#12512 = DIRECTION('',(0.707106781187,0.,0.707106781187));
#12513 = PCURVE('',#11063,#12514);
#12514 = DEFINITIONAL_REPRESENTATION('',(#12515),#12519);
#12515 = CIRCLE('',#12516,1.7);
#12516 = AXIS2_PLACEMENT_2D('',#12517,#12518);
#12517 = CARTESIAN_POINT('',(15.5,-9.5));
#12518 = DIRECTION('',(1.,0.));
#12519 = ( GEOMETRIC_REPRESENTATION_CONTEXT(2) 
PARAMETRIC_REPRESENTATION_CONTEXT() REPRESENTATION_CONTEXT('2D SPACE',''
  ) );
#12520 = PCURVE('',#12521,#12526);
#12521 = CYLINDRICAL_SURFACE('',#12522,1.7);
#12522 = AXIS2_PLACEMENT_3D('',#12523,#12524,#12525);
#12523 = CARTESIAN_POINT('',(108.7867965644,-22.5,371.21320343559));
#12524 = DIRECTION('',(0.707106781187,0.,-0.707106781187));
#12525 = DIRECTION('',(0.707106781187,0.,0.707106781187));
#12526 = DEFINITIONAL_REPRESENTATION('',(#12527),#12531);
#12527 = LINE('',#12528,#12529);
#12528 = CARTESIAN_POINT('',(0.,5.));
#12529 = VECTOR('',#12530,1.);
#12530 = DIRECTION('',(1.,0.));
#12531 = ( GEOMETRIC_REPRESENTATION_CONTEXT(2) 
PARAMETRIC_REPRESENTATION_CONTEXT() REPRESENTATION_CONTEXT('2D SPACE',''
  ) );
#12532 = ADVANCED_FACE('',(#12533),#11039,.T.);
#12533 = FACE_BOUND('',#12534,.T.);
#12534 = EDGE_LOOP('',(#12535,#12536,#12537,#12560));
#12535 = ORIENTED_EDGE('',*,*,#12427,.F.);
#12536 = ORIENTED_EDGE('',*,*,#11024,.T.);
#12537 = ORIENTED_EDGE('',*,*,#12538,.T.);
#12538 = EDGE_CURVE('',#10999,#12539,#12541,.T.);
#12539 = VERTEX_POINT('',#12540);
#12540 = CARTESIAN_POINT('',(118.33273811042,32.,379.34493141924));
#12541 = SURFACE_CURVE('',#12542,(#12546,#12553),.PCURVE_S1.);
#12542 = LINE('',#12543,#12544);
#12543 = CARTESIAN_POINT('',(98.533748237199,32.,359.54594154601));
#12544 = VECTOR('',#12545,1.);
#12545 = DIRECTION('',(0.707106781187,0.,0.707106781187));
#12546 = PCURVE('',#11039,#12547);
#12547 = DEFINITIONAL_REPRESENTATION('',(#12548),#12552);
#12548 = LINE('',#12549,#12550);
#12549 = CARTESIAN_POINT('',(0.,0.));
#12550 = VECTOR('',#12551,1.);
#12551 = DIRECTION('',(1.,0.));
#12552 = ( GEOMETRIC_REPRESENTATION_CONTEXT(2) 
PARAMETRIC_REPRESENTATION_CONTEXT() REPRESENTATION_CONTEXT('2D SPACE',''
  ) );
#12553 = PCURVE('',#11013,#12554);
#12554 = DEFINITIONAL_REPRESENTATION('',(#12555),#12559);
#12555 = LINE('',#12556,#12557);
#12556 = CARTESIAN_POINT('',(0.,-64.));
#12557 = VECTOR('',#12558,1.);
#12558 = DIRECTION('',(1.,0.));
#12559 = ( GEOMETRIC_REPRESENTATION_CONTEXT(2) 
PARAMETRIC_REPRESENTATION_CONTEXT() REPRESENTATION_CONTEXT('2D SPACE',''
  ) );
#12560 = ORIENTED_EDGE('',*,*,#12561,.T.);
#12561 = EDGE_CURVE('',#12539,#12428,#12562,.T.);
#12562 = SURFACE_CURVE('',#12563,(#12567,#12574),.PCURVE_S1.);
#12563 = LINE('',#12564,#12565);
#12564 = CARTESIAN_POINT('',(118.33273811042,32.,379.34493141924));
#12565 = VECTOR('',#12566,1.);
#12566 = DIRECTION('',(0.707106781187,0.,-0.707106781187));
#12567 = PCURVE('',#11039,#12568);
#12568 = DEFINITIONAL_REPRESENTATION('',(#12569),#12573);
#12569 = LINE('',#12570,#12571);
#12570 = CARTESIAN_POINT('',(28.,1.7763568394E-15));
#12571 = VECTOR('',#12572,1.);
#12572 = DIRECTION('',(0.,1.));
#12573 = ( GEOMETRIC_REPRESENTATION_CONTEXT(2) 
PARAMETRIC_REPRESENTATION_CONTEXT() REPRESENTATION_CONTEXT('2D SPACE',''
  ) );
#12574 = PCURVE('',#12410,#12575);
#12575 = DEFINITIONAL_REPRESENTATION('',(#12576),#12580);
#12576 = LINE('',#12577,#12578);
#12577 = CARTESIAN_POINT('',(0.,64.));
#12578 = VECTOR('',#12579,1.);
#12579 = DIRECTION('',(1.,0.));
#12580 = ( GEOMETRIC_REPRESENTATION_CONTEXT(2) 
PARAMETRIC_REPRESENTATION_CONTEXT() REPRESENTATION_CONTEXT('2D SPACE',''
  ) );
#12581 = ADVANCED_FACE('',(#12582,#12608,#12634),#11013,.F.);
#12582 = FACE_BOUND('',#12583,.F.);
#12583 = EDGE_LOOP('',(#12584,#12585,#12586,#12587));
#12584 = ORIENTED_EDGE('',*,*,#12373,.F.);
#12585 = ORIENTED_EDGE('',*,*,#10998,.T.);
#12586 = ORIENTED_EDGE('',*,*,#12538,.T.);
#12587 = ORIENTED_EDGE('',*,*,#12588,.F.);
#12588 = EDGE_CURVE('',#12374,#12539,#12589,.T.);
#12589 = SURFACE_CURVE('',#12590,(#12594,#12601),.PCURVE_S1.);
#12590 = LINE('',#12591,#12592);
#12591 = CARTESIAN_POINT('',(118.33273811042,-32.,379.34493141924));
#12592 = VECTOR('',#12593,1.);
#12593 = DIRECTION('',(0.,1.,0.));
#12594 = PCURVE('',#11013,#12595);
#12595 = DEFINITIONAL_REPRESENTATION('',(#12596),#12600);
#12596 = LINE('',#12597,#12598);
#12597 = CARTESIAN_POINT('',(28.,0.));
#12598 = VECTOR('',#12599,1.);
#12599 = DIRECTION('',(0.,-1.));
#12600 = ( GEOMETRIC_REPRESENTATION_CONTEXT(2) 
PARAMETRIC_REPRESENTATION_CONTEXT() REPRESENTATION_CONTEXT('2D SPACE',''
  ) );
#12601 = PCURVE('',#12410,#12602);
#12602 = DEFINITIONAL_REPRESENTATION('',(#12603),#12607);
#12603 = LINE('',#12604,#12605);
#12604 = CARTESIAN_POINT('',(0.,0.));
#12605 = VECTOR('',#12606,1.);
#12606 = DIRECTION('',(0.,1.));
#12607 = ( GEOMETRIC_REPRESENTATION_CONTEXT(2) 
PARAMETRIC_REPRESENTATION_CONTEXT() REPRESENTATION_CONTEXT('2D SPACE',''
  ) );
#12608 = FACE_BOUND('',#12609,.F.);
#12609 = EDGE_LOOP('',(#12610));
#12610 = ORIENTED_EDGE('',*,*,#12611,.F.);
#12611 = EDGE_CURVE('',#12612,#12612,#12614,.T.);
#12612 = VERTEX_POINT('',#12613);
#12613 = CARTESIAN_POINT('',(110.6959848736,22.5,371.70817818242));
#12614 = SURFACE_CURVE('',#12615,(#12620,#12627),.PCURVE_S1.);
#12615 = CIRCLE('',#12616,1.7);
#12616 = AXIS2_PLACEMENT_3D('',#12617,#12618,#12619);
#12617 = CARTESIAN_POINT('',(109.49390334559,22.5,370.50609665441));
#12618 = DIRECTION('',(0.707106781187,0.,-0.707106781187));
#12619 = DIRECTION('',(0.707106781187,0.,0.707106781187));
#12620 = PCURVE('',#11013,#12621);
#12621 = DEFINITIONAL_REPRESENTATION('',(#12622),#12626);
#12622 = CIRCLE('',#12623,1.7);
#12623 = AXIS2_PLACEMENT_2D('',#12624,#12625);
#12624 = CARTESIAN_POINT('',(15.5,-54.5));
#12625 = DIRECTION('',(1.,0.));
#12626 = ( GEOMETRIC_REPRESENTATION_CONTEXT(2) 
PARAMETRIC_REPRESENTATION_CONTEXT() REPRESENTATION_CONTEXT('2D SPACE',''
  ) );
#12627 = PCURVE('',#12490,#12628);
#12628 = DEFINITIONAL_REPRESENTATION('',(#12629),#12633);
#12629 = LINE('',#12630,#12631);
#12630 = CARTESIAN_POINT('',(0.,1.));
#12631 = VECTOR('',#12632,1.);
#12632 = DIRECTION('',(1.,0.));
#12633 = ( GEOMETRIC_REPRESENTATION_CONTEXT(2) 
PARAMETRIC_REPRESENTATION_CONTEXT() REPRESENTATION_CONTEXT('2D SPACE',''
  ) );
#12634 = FACE_BOUND('',#12635,.F.);
#12635 = EDGE_LOOP('',(#12636));
#12636 = ORIENTED_EDGE('',*,*,#12637,.F.);
#12637 = EDGE_CURVE('',#12638,#12638,#12640,.T.);
#12638 = VERTEX_POINT('',#12639);
#12639 = CARTESIAN_POINT('',(110.6959848736,-22.5,371.70817818242));
#12640 = SURFACE_CURVE('',#12641,(#12646,#12653),.PCURVE_S1.);
#12641 = CIRCLE('',#12642,1.7);
#12642 = AXIS2_PLACEMENT_3D('',#12643,#12644,#12645);
#12643 = CARTESIAN_POINT('',(109.49390334559,-22.5,370.50609665441));
#12644 = DIRECTION('',(0.707106781187,0.,-0.707106781187));
#12645 = DIRECTION('',(0.707106781187,0.,0.707106781187));
#12646 = PCURVE('',#11013,#12647);
#12647 = DEFINITIONAL_REPRESENTATION('',(#12648),#12652);
#12648 = CIRCLE('',#12649,1.7);
#12649 = AXIS2_PLACEMENT_2D('',#12650,#12651);
#12650 = CARTESIAN_POINT('',(15.5,-9.5));
#12651 = DIRECTION('',(1.,0.));
#12652 = ( GEOMETRIC_REPRESENTATION_CONTEXT(2) 
PARAMETRIC_REPRESENTATION_CONTEXT() REPRESENTATION_CONTEXT('2D SPACE',''
  ) );
#12653 = PCURVE('',#12521,#12654);
#12654 = DEFINITIONAL_REPRESENTATION('',(#12655),#12659);
#12655 = LINE('',#12656,#12657);
#12656 = CARTESIAN_POINT('',(0.,1.));
#12657 = VECTOR('',#12658,1.);
#12658 = DIRECTION('',(1.,0.));
#12659 = ( GEOMETRIC_REPRESENTATION_CONTEXT(2) 
PARAMETRIC_REPRESENTATION_CONTEXT() REPRESENTATION_CONTEXT('2D SPACE',''
  ) );
#12660 = ADVANCED_FACE('',(#12661),#11115,.T.);
#12661 = FACE_BOUND('',#12662,.T.);
#12662 = EDGE_LOOP('',(#12663,#12664,#12665,#12666));
#12663 = ORIENTED_EDGE('',*,*,#11172,.F.);
#12664 = ORIENTED_EDGE('',*,*,#11221,.T.);
#12665 = ORIENTED_EDGE('',*,*,#12289,.T.);
#12666 = ORIENTED_EDGE('',*,*,#11100,.F.);
#12667 = ADVANCED_FACE('',(#12668),#11287,.T.);
#12668 = FACE_BOUND('',#12669,.T.);
#12669 = EDGE_LOOP('',(#12670,#12671,#12672,#12673));
#12670 = ORIENTED_EDGE('',*,*,#11377,.F.);
#12671 = ORIENTED_EDGE('',*,*,#11271,.T.);
#12672 = ORIENTED_EDGE('',*,*,#11328,.T.);
#12673 = ORIENTED_EDGE('',*,*,#11426,.F.);
#12674 = ADVANCED_FACE('',(#12675),#11468,.F.);
#12675 = FACE_BOUND('',#12676,.F.);
#12676 = EDGE_LOOP('',(#12677,#12700,#12727,#12728));
#12677 = ORIENTED_EDGE('',*,*,#12678,.T.);
#12678 = EDGE_CURVE('',#11452,#12679,#12681,.T.);
#12679 = VERTEX_POINT('',#12680);
#12680 = CARTESIAN_POINT('',(104.,-86.,352.2));
#12681 = SEAM_CURVE('',#12682,(#12686,#12693),.PCURVE_S1.);
#12682 = LINE('',#12683,#12684);
#12683 = CARTESIAN_POINT('',(104.,-105.,352.2));
#12684 = VECTOR('',#12685,1.);
#12685 = DIRECTION('',(0.,1.,0.));
#12686 = PCURVE('',#11468,#12687);
#12687 = DEFINITIONAL_REPRESENTATION('',(#12688),#12692);
#12688 = LINE('',#12689,#12690);
#12689 = CARTESIAN_POINT('',(6.28318530718,-0.));
#12690 = VECTOR('',#12691,1.);
#12691 = DIRECTION('',(0.,1.));
#12692 = ( GEOMETRIC_REPRESENTATION_CONTEXT(2) 
PARAMETRIC_REPRESENTATION_CONTEXT() REPRESENTATION_CONTEXT('2D SPACE',''
  ) );
#12693 = PCURVE('',#11468,#12694);
#12694 = DEFINITIONAL_REPRESENTATION('',(#12695),#12699);
#12695 = LINE('',#12696,#12697);
#12696 = CARTESIAN_POINT('',(0.,-0.));
#12697 = VECTOR('',#12698,1.);
#12698 = DIRECTION('',(0.,1.));
#12699 = ( GEOMETRIC_REPRESENTATION_CONTEXT(2) 
PARAMETRIC_REPRESENTATION_CONTEXT() REPRESENTATION_CONTEXT('2D SPACE',''
  ) );
#12700 = ORIENTED_EDGE('',*,*,#12701,.F.);
#12701 = EDGE_CURVE('',#12679,#12679,#12702,.T.);
#12702 = SURFACE_CURVE('',#12703,(#12708,#12715),.PCURVE_S1.);
#12703 = CIRCLE('',#12704,2.2);
#12704 = AXIS2_PLACEMENT_3D('',#12705,#12706,#12707);
#12705 = CARTESIAN_POINT('',(104.,-86.,350.));
#12706 = DIRECTION('',(0.,1.,0.));
#12707 = DIRECTION('',(0.,-0.,1.));
#12708 = PCURVE('',#11468,#12709);
#12709 = DEFINITIONAL_REPRESENTATION('',(#12710),#12714);
#12710 = LINE('',#12711,#12712);
#12711 = CARTESIAN_POINT('',(0.,19.));
#12712 = VECTOR('',#12713,1.);
#12713 = DIRECTION('',(1.,0.));
#12714 = ( GEOMETRIC_REPRESENTATION_CONTEXT(2) 
PARAMETRIC_REPRESENTATION_CONTEXT() REPRESENTATION_CONTEXT('2D SPACE',''
  ) );
#12715 = PCURVE('',#12716,#12721);
#12716 = PLANE('',#12717);
#12717 = AXIS2_PLACEMENT_3D('',#12718,#12719,#12720);
#12718 = CARTESIAN_POINT('',(104.,-86.,350.));
#12719 = DIRECTION('',(0.,1.,0.));
#12720 = DIRECTION('',(0.,-0.,1.));
#12721 = DEFINITIONAL_REPRESENTATION('',(#12722),#12726);
#12722 = CIRCLE('',#12723,2.2);
#12723 = AXIS2_PLACEMENT_2D('',#12724,#12725);
#12724 = CARTESIAN_POINT('',(0.,0.));
#12725 = DIRECTION('',(1.,0.));
#12726 = ( GEOMETRIC_REPRESENTATION_CONTEXT(2) 
PARAMETRIC_REPRESENTATION_CONTEXT() REPRESENTATION_CONTEXT('2D SPACE',''
  ) );
#12727 = ORIENTED_EDGE('',*,*,#12678,.F.);
#12728 = ORIENTED_EDGE('',*,*,#11451,.T.);
#12729 = ADVANCED_FACE('',(#12730),#11522,.T.);
#12730 = FACE_BOUND('',#12731,.T.);
#12731 = EDGE_LOOP('',(#12732,#12733,#12734,#12735));
#12732 = ORIENTED_EDGE('',*,*,#11612,.F.);
#12733 = ORIENTED_EDGE('',*,*,#11506,.T.);
#12734 = ORIENTED_EDGE('',*,*,#11563,.T.);
#12735 = ORIENTED_EDGE('',*,*,#11661,.F.);
#12736 = ADVANCED_FACE('',(#12737),#11703,.F.);
#12737 = FACE_BOUND('',#12738,.F.);
#12738 = EDGE_LOOP('',(#12739,#12762,#12789,#12790));
#12739 = ORIENTED_EDGE('',*,*,#12740,.T.);
#12740 = EDGE_CURVE('',#11687,#12741,#12743,.T.);
#12741 = VERTEX_POINT('',#12742);
#12742 = CARTESIAN_POINT('',(115.,-86.,352.2));
#12743 = SEAM_CURVE('',#12744,(#12748,#12755),.PCURVE_S1.);
#12744 = LINE('',#12745,#12746);
#12745 = CARTESIAN_POINT('',(115.,-105.,352.2));
#12746 = VECTOR('',#12747,1.);
#12747 = DIRECTION('',(0.,1.,0.));
#12748 = PCURVE('',#11703,#12749);
#12749 = DEFINITIONAL_REPRESENTATION('',(#12750),#12754);
#12750 = LINE('',#12751,#12752);
#12751 = CARTESIAN_POINT('',(6.28318530718,-0.));
#12752 = VECTOR('',#12753,1.);
#12753 = DIRECTION('',(0.,1.));
#12754 = ( GEOMETRIC_REPRESENTATION_CONTEXT(2) 
PARAMETRIC_REPRESENTATION_CONTEXT() REPRESENTATION_CONTEXT('2D SPACE',''
  ) );
#12755 = PCURVE('',#11703,#12756);
#12756 = DEFINITIONAL_REPRESENTATION('',(#12757),#12761);
#12757 = LINE('',#12758,#12759);
#12758 = CARTESIAN_POINT('',(0.,-0.));
#12759 = VECTOR('',#12760,1.);
#12760 = DIRECTION('',(0.,1.));
#12761 = ( GEOMETRIC_REPRESENTATION_CONTEXT(2) 
PARAMETRIC_REPRESENTATION_CONTEXT() REPRESENTATION_CONTEXT('2D SPACE',''
  ) );
#12762 = ORIENTED_EDGE('',*,*,#12763,.F.);
#12763 = EDGE_CURVE('',#12741,#12741,#12764,.T.);
#12764 = SURFACE_CURVE('',#12765,(#12770,#12777),.PCURVE_S1.);
#12765 = CIRCLE('',#12766,2.2);
#12766 = AXIS2_PLACEMENT_3D('',#12767,#12768,#12769);
#12767 = CARTESIAN_POINT('',(115.,-86.,350.));
#12768 = DIRECTION('',(0.,1.,0.));
#12769 = DIRECTION('',(0.,-0.,1.));
#12770 = PCURVE('',#11703,#12771);
#12771 = DEFINITIONAL_REPRESENTATION('',(#12772),#12776);
#12772 = LINE('',#12773,#12774);
#12773 = CARTESIAN_POINT('',(0.,19.));
#12774 = VECTOR('',#12775,1.);
#12775 = DIRECTION('',(1.,0.));
#12776 = ( GEOMETRIC_REPRESENTATION_CONTEXT(2) 
PARAMETRIC_REPRESENTATION_CONTEXT() REPRESENTATION_CONTEXT('2D SPACE',''
  ) );
#12777 = PCURVE('',#12778,#12783);
#12778 = PLANE('',#12779);
#12779 = AXIS2_PLACEMENT_3D('',#12780,#12781,#12782);
#12780 = CARTESIAN_POINT('',(115.,-86.,350.));
#12781 = DIRECTION('',(0.,1.,0.));
#12782 = DIRECTION('',(0.,-0.,1.));
#12783 = DEFINITIONAL_REPRESENTATION('',(#12784),#12788);
#12784 = CIRCLE('',#12785,2.2);
#12785 = AXIS2_PLACEMENT_2D('',#12786,#12787);
#12786 = CARTESIAN_POINT('',(0.,0.));
#12787 = DIRECTION('',(1.,0.));
#12788 = ( GEOMETRIC_REPRESENTATION_CONTEXT(2) 
PARAMETRIC_REPRESENTATION_CONTEXT() REPRESENTATION_CONTEXT('2D SPACE',''
  ) );
#12789 = ORIENTED_EDGE('',*,*,#12740,.F.);
#12790 = ORIENTED_EDGE('',*,*,#11686,.T.);
#12791 = ADVANCED_FACE('',(#12792),#11757,.T.);
#12792 = FACE_BOUND('',#12793,.T.);
#12793 = EDGE_LOOP('',(#12794,#12795,#12796,#12797));
#12794 = ORIENTED_EDGE('',*,*,#11875,.F.);
#12795 = ORIENTED_EDGE('',*,*,#11741,.T.);
#12796 = ORIENTED_EDGE('',*,*,#11826,.T.);
#12797 = ORIENTED_EDGE('',*,*,#11924,.F.);
#12798 = ADVANCED_FACE('',(#12799),#11810,.F.);
#12799 = FACE_BOUND('',#12800,.F.);
#12800 = EDGE_LOOP('',(#12801,#12802,#12825,#12852));
#12801 = ORIENTED_EDGE('',*,*,#11793,.F.);
#12802 = ORIENTED_EDGE('',*,*,#12803,.F.);
#12803 = EDGE_CURVE('',#12804,#11794,#12806,.T.);
#12804 = VERTEX_POINT('',#12805);
#12805 = CARTESIAN_POINT('',(104.,86.,352.2));
#12806 = SEAM_CURVE('',#12807,(#12811,#12818),.PCURVE_S1.);
#12807 = LINE('',#12808,#12809);
#12808 = CARTESIAN_POINT('',(104.,86.,352.2));
#12809 = VECTOR('',#12810,1.);
#12810 = DIRECTION('',(0.,1.,0.));
#12811 = PCURVE('',#11810,#12812);
#12812 = DEFINITIONAL_REPRESENTATION('',(#12813),#12817);
#12813 = LINE('',#12814,#12815);
#12814 = CARTESIAN_POINT('',(6.28318530718,-0.));
#12815 = VECTOR('',#12816,1.);
#12816 = DIRECTION('',(0.,1.));
#12817 = ( GEOMETRIC_REPRESENTATION_CONTEXT(2) 
PARAMETRIC_REPRESENTATION_CONTEXT() REPRESENTATION_CONTEXT('2D SPACE',''
  ) );
#12818 = PCURVE('',#11810,#12819);
#12819 = DEFINITIONAL_REPRESENTATION('',(#12820),#12824);
#12820 = LINE('',#12821,#12822);
#12821 = CARTESIAN_POINT('',(0.,-0.));
#12822 = VECTOR('',#12823,1.);
#12823 = DIRECTION('',(0.,1.));
#12824 = ( GEOMETRIC_REPRESENTATION_CONTEXT(2) 
PARAMETRIC_REPRESENTATION_CONTEXT() REPRESENTATION_CONTEXT('2D SPACE',''
  ) );
#12825 = ORIENTED_EDGE('',*,*,#12826,.T.);
#12826 = EDGE_CURVE('',#12804,#12804,#12827,.T.);
#12827 = SURFACE_CURVE('',#12828,(#12833,#12840),.PCURVE_S1.);
#12828 = CIRCLE('',#12829,2.2);
#12829 = AXIS2_PLACEMENT_3D('',#12830,#12831,#12832);
#12830 = CARTESIAN_POINT('',(104.,86.,350.));
#12831 = DIRECTION('',(0.,1.,0.));
#12832 = DIRECTION('',(0.,-0.,1.));
#12833 = PCURVE('',#11810,#12834);
#12834 = DEFINITIONAL_REPRESENTATION('',(#12835),#12839);
#12835 = LINE('',#12836,#12837);
#12836 = CARTESIAN_POINT('',(0.,0.));
#12837 = VECTOR('',#12838,1.);
#12838 = DIRECTION('',(1.,0.));
#12839 = ( GEOMETRIC_REPRESENTATION_CONTEXT(2) 
PARAMETRIC_REPRESENTATION_CONTEXT() REPRESENTATION_CONTEXT('2D SPACE',''
  ) );
#12840 = PCURVE('',#12841,#12846);
#12841 = PLANE('',#12842);
#12842 = AXIS2_PLACEMENT_3D('',#12843,#12844,#12845);
#12843 = CARTESIAN_POINT('',(104.,86.,350.));
#12844 = DIRECTION('',(0.,1.,0.));
#12845 = DIRECTION('',(0.,-0.,1.));
#12846 = DEFINITIONAL_REPRESENTATION('',(#12847),#12851);
#12847 = CIRCLE('',#12848,2.2);
#12848 = AXIS2_PLACEMENT_2D('',#12849,#12850);
#12849 = CARTESIAN_POINT('',(0.,0.));
#12850 = DIRECTION('',(1.,0.));
#12851 = ( GEOMETRIC_REPRESENTATION_CONTEXT(2) 
PARAMETRIC_REPRESENTATION_CONTEXT() REPRESENTATION_CONTEXT('2D SPACE',''
  ) );
#12852 = ORIENTED_EDGE('',*,*,#12803,.T.);
#12853 = ADVANCED_FACE('',(#12854),#12015,.T.);
#12854 = FACE_BOUND('',#12855,.T.);
#12855 = EDGE_LOOP('',(#12856,#12857,#12858,#12859));
#12856 = ORIENTED_EDGE('',*,*,#12208,.F.);
#12857 = ORIENTED_EDGE('',*,*,#11999,.T.);
#12858 = ORIENTED_EDGE('',*,*,#12084,.T.);
#12859 = ORIENTED_EDGE('',*,*,#12133,.F.);
#12860 = ADVANCED_FACE('',(#12861),#12068,.F.);
#12861 = FACE_BOUND('',#12862,.F.);
#12862 = EDGE_LOOP('',(#12863,#12864,#12887,#12914));
#12863 = ORIENTED_EDGE('',*,*,#12051,.F.);
#12864 = ORIENTED_EDGE('',*,*,#12865,.F.);
#12865 = EDGE_CURVE('',#12866,#12052,#12868,.T.);
#12866 = VERTEX_POINT('',#12867);
#12867 = CARTESIAN_POINT('',(115.,86.,352.2));
#12868 = SEAM_CURVE('',#12869,(#12873,#12880),.PCURVE_S1.);
#12869 = LINE('',#12870,#12871);
#12870 = CARTESIAN_POINT('',(115.,86.,352.2));
#12871 = VECTOR('',#12872,1.);
#12872 = DIRECTION('',(0.,1.,0.));
#12873 = PCURVE('',#12068,#12874);
#12874 = DEFINITIONAL_REPRESENTATION('',(#12875),#12879);
#12875 = LINE('',#12876,#12877);
#12876 = CARTESIAN_POINT('',(6.28318530718,-0.));
#12877 = VECTOR('',#12878,1.);
#12878 = DIRECTION('',(0.,1.));
#12879 = ( GEOMETRIC_REPRESENTATION_CONTEXT(2) 
PARAMETRIC_REPRESENTATION_CONTEXT() REPRESENTATION_CONTEXT('2D SPACE',''
  ) );
#12880 = PCURVE('',#12068,#12881);
#12881 = DEFINITIONAL_REPRESENTATION('',(#12882),#12886);
#12882 = LINE('',#12883,#12884);
#12883 = CARTESIAN_POINT('',(0.,-0.));
#12884 = VECTOR('',#12885,1.);
#12885 = DIRECTION('',(0.,1.));
#12886 = ( GEOMETRIC_REPRESENTATION_CONTEXT(2) 
PARAMETRIC_REPRESENTATION_CONTEXT() REPRESENTATION_CONTEXT('2D SPACE',''
  ) );
#12887 = ORIENTED_EDGE('',*,*,#12888,.T.);
#12888 = EDGE_CURVE('',#12866,#12866,#12889,.T.);
#12889 = SURFACE_CURVE('',#12890,(#12895,#12902),.PCURVE_S1.);
#12890 = CIRCLE('',#12891,2.2);
#12891 = AXIS2_PLACEMENT_3D('',#12892,#12893,#12894);
#12892 = CARTESIAN_POINT('',(115.,86.,350.));
#12893 = DIRECTION('',(0.,1.,0.));
#12894 = DIRECTION('',(0.,-0.,1.));
#12895 = PCURVE('',#12068,#12896);
#12896 = DEFINITIONAL_REPRESENTATION('',(#12897),#12901);
#12897 = LINE('',#12898,#12899);
#12898 = CARTESIAN_POINT('',(0.,0.));
#12899 = VECTOR('',#12900,1.);
#12900 = DIRECTION('',(1.,0.));
#12901 = ( GEOMETRIC_REPRESENTATION_CONTEXT(2) 
PARAMETRIC_REPRESENTATION_CONTEXT() REPRESENTATION_CONTEXT('2D SPACE',''
  ) );
#12902 = PCURVE('',#12903,#12908);
#12903 = PLANE('',#12904);
#12904 = AXIS2_PLACEMENT_3D('',#12905,#12906,#12907);
#12905 = CARTESIAN_POINT('',(115.,86.,350.));
#12906 = DIRECTION('',(0.,1.,0.));
#12907 = DIRECTION('',(0.,-0.,1.));
#12908 = DEFINITIONAL_REPRESENTATION('',(#12909),#12913);
#12909 = CIRCLE('',#12910,2.2);
#12910 = AXIS2_PLACEMENT_2D('',#12911,#12912);
#12911 = CARTESIAN_POINT('',(0.,0.));
#12912 = DIRECTION('',(1.,0.));
#12913 = ( GEOMETRIC_REPRESENTATION_CONTEXT(2) 
PARAMETRIC_REPRESENTATION_CONTEXT() REPRESENTATION_CONTEXT('2D SPACE',''
  ) );
#12914 = ORIENTED_EDGE('',*,*,#12865,.T.);
#12915 = ADVANCED_FACE('',(#12916),#12410,.T.);
#12916 = FACE_BOUND('',#12917,.T.);
#12917 = EDGE_LOOP('',(#12918,#12919,#12920,#12921));
#12918 = ORIENTED_EDGE('',*,*,#12588,.F.);
#12919 = ORIENTED_EDGE('',*,*,#12396,.T.);
#12920 = ORIENTED_EDGE('',*,*,#12450,.T.);
#12921 = ORIENTED_EDGE('',*,*,#12561,.F.);
#12922 = ADVANCED_FACE('',(#12923),#12490,.F.);
#12923 = FACE_BOUND('',#12924,.F.);
#12924 = EDGE_LOOP('',(#12925,#12926,#12947,#12948));
#12925 = ORIENTED_EDGE('',*,*,#12473,.F.);
#12926 = ORIENTED_EDGE('',*,*,#12927,.F.);
#12927 = EDGE_CURVE('',#12612,#12474,#12928,.T.);
#12928 = SEAM_CURVE('',#12929,(#12933,#12940),.PCURVE_S1.);
#12929 = LINE('',#12930,#12931);
#12930 = CARTESIAN_POINT('',(109.98887809242,22.5,372.41528496361));
#12931 = VECTOR('',#12932,1.);
#12932 = DIRECTION('',(0.707106781187,0.,-0.707106781187));
#12933 = PCURVE('',#12490,#12934);
#12934 = DEFINITIONAL_REPRESENTATION('',(#12935),#12939);
#12935 = LINE('',#12936,#12937);
#12936 = CARTESIAN_POINT('',(6.28318530718,-0.));
#12937 = VECTOR('',#12938,1.);
#12938 = DIRECTION('',(0.,1.));
#12939 = ( GEOMETRIC_REPRESENTATION_CONTEXT(2) 
PARAMETRIC_REPRESENTATION_CONTEXT() REPRESENTATION_CONTEXT('2D SPACE',''
  ) );
#12940 = PCURVE('',#12490,#12941);
#12941 = DEFINITIONAL_REPRESENTATION('',(#12942),#12946);
#12942 = LINE('',#12943,#12944);
#12943 = CARTESIAN_POINT('',(0.,-0.));
#12944 = VECTOR('',#12945,1.);
#12945 = DIRECTION('',(0.,1.));
#12946 = ( GEOMETRIC_REPRESENTATION_CONTEXT(2) 
PARAMETRIC_REPRESENTATION_CONTEXT() REPRESENTATION_CONTEXT('2D SPACE',''
  ) );
#12947 = ORIENTED_EDGE('',*,*,#12611,.T.);
#12948 = ORIENTED_EDGE('',*,*,#12927,.T.);
#12949 = ADVANCED_FACE('',(#12950),#12521,.F.);
#12950 = FACE_BOUND('',#12951,.F.);
#12951 = EDGE_LOOP('',(#12952,#12953,#12974,#12975));
#12952 = ORIENTED_EDGE('',*,*,#12504,.F.);
#12953 = ORIENTED_EDGE('',*,*,#12954,.F.);
#12954 = EDGE_CURVE('',#12638,#12505,#12955,.T.);
#12955 = SEAM_CURVE('',#12956,(#12960,#12967),.PCURVE_S1.);
#12956 = LINE('',#12957,#12958);
#12957 = CARTESIAN_POINT('',(109.98887809242,-22.5,372.41528496361));
#12958 = VECTOR('',#12959,1.);
#12959 = DIRECTION('',(0.707106781187,0.,-0.707106781187));
#12960 = PCURVE('',#12521,#12961);
#12961 = DEFINITIONAL_REPRESENTATION('',(#12962),#12966);
#12962 = LINE('',#12963,#12964);
#12963 = CARTESIAN_POINT('',(6.28318530718,-0.));
#12964 = VECTOR('',#12965,1.);
#12965 = DIRECTION('',(0.,1.));
#12966 = ( GEOMETRIC_REPRESENTATION_CONTEXT(2) 
PARAMETRIC_REPRESENTATION_CONTEXT() REPRESENTATION_CONTEXT('2D SPACE',''
  ) );
#12967 = PCURVE('',#12521,#12968);
#12968 = DEFINITIONAL_REPRESENTATION('',(#12969),#12973);
#12969 = LINE('',#12970,#12971);
#12970 = CARTESIAN_POINT('',(0.,-0.));
#12971 = VECTOR('',#12972,1.);
#12972 = DIRECTION('',(0.,1.));
#12973 = ( GEOMETRIC_REPRESENTATION_CONTEXT(2) 
PARAMETRIC_REPRESENTATION_CONTEXT() REPRESENTATION_CONTEXT('2D SPACE',''
  ) );
#12974 = ORIENTED_EDGE('',*,*,#12637,.T.);
#12975 = ORIENTED_EDGE('',*,*,#12954,.T.);
#12976 = ADVANCED_FACE('',(#12977),#12716,.F.);
#12977 = FACE_BOUND('',#12978,.F.);
#12978 = EDGE_LOOP('',(#12979));
#12979 = ORIENTED_EDGE('',*,*,#12701,.T.);
#12980 = ADVANCED_FACE('',(#12981),#12778,.F.);
#12981 = FACE_BOUND('',#12982,.F.);
#12982 = EDGE_LOOP('',(#12983));
#12983 = ORIENTED_EDGE('',*,*,#12763,.T.);
#12984 = ADVANCED_FACE('',(#12985),#12841,.T.);
#12985 = FACE_BOUND('',#12986,.F.);
#12986 = EDGE_LOOP('',(#12987));
#12987 = ORIENTED_EDGE('',*,*,#12826,.F.);
#12988 = ADVANCED_FACE('',(#12989),#12903,.T.);
#12989 = FACE_BOUND('',#12990,.F.);
#12990 = EDGE_LOOP('',(#12991));
#12991 = ORIENTED_EDGE('',*,*,#12888,.F.);
#12992 = ( GEOMETRIC_REPRESENTATION_CONTEXT(3) 
GLOBAL_UNCERTAINTY_ASSIGNED_CONTEXT((#12996)) 
GLOBAL_UNIT_ASSIGNED_CONTEXT((#12993,#12994,#12995)) 
REPRESENTATION_CONTEXT('Context #1',
  '3D Context with UNIT and UNCERTAINTY') );
#12993 = ( LENGTH_UNIT() NAMED_UNIT(*) SI_UNIT(.MILLI.,.METRE.) );
#12994 = ( NAMED_UNIT(*) PLANE_ANGLE_UNIT() SI_UNIT($,.RADIAN.) );
#12995 = ( NAMED_UNIT(*) SI_UNIT($,.STERADIAN.) SOLID_ANGLE_UNIT() );
#12996 = UNCERTAINTY_MEASURE_WITH_UNIT(LENGTH_MEASURE(1.E-07),#12993,
  'distance_accuracy_value','confusion accuracy');
#12997 = CONTEXT_DEPENDENT_SHAPE_REPRESENTATION(#12998,#13000);
#12998 = ( REPRESENTATION_RELATIONSHIP('','',#9409,#10) 
REPRESENTATION_RELATIONSHIP_WITH_TRANSFORMATION(#12999) 
SHAPE_REPRESENTATION_RELATIONSHIP() );
#12999 = ITEM_DEFINED_TRANSFORMATION('','',#11,#23);
#13000 = PRODUCT_DEFINITION_SHAPE('Placement','Placement of an item',
  #13001);
#13001 = NEXT_ASSEMBLY_USAGE_OCCURRENCE('3','camera_bar','',#5,#9404,$);
#13002 = PRODUCT_RELATED_PRODUCT_CATEGORY('part',$,(#9406));
#13003 = SHAPE_DEFINITION_REPRESENTATION(#13004,#13010);
#13004 = PRODUCT_DEFINITION_SHAPE('','',#13005);
#13005 = PRODUCT_DEFINITION('design','',#13006,#13009);
#13006 = PRODUCT_DEFINITION_FORMATION('','',#13007);
#13007 = PRODUCT('D435i_dummy','D435i_dummy','',(#13008));
#13008 = PRODUCT_CONTEXT('',#2,'mechanical');
#13009 = PRODUCT_DEFINITION_CONTEXT('part definition',#2,'design');
#13010 = ADVANCED_BREP_SHAPE_REPRESENTATION('',(#11,#13011),#13341);
#13011 = MANIFOLD_SOLID_BREP('',#13012);
#13012 = CLOSED_SHELL('',(#13013,#13133,#13233,#13280,#13327,#13334));
#13013 = ADVANCED_FACE('',(#13014),#13028,.F.);
#13014 = FACE_BOUND('',#13015,.F.);
#13015 = EDGE_LOOP('',(#13016,#13051,#13079,#13107));
#13016 = ORIENTED_EDGE('',*,*,#13017,.F.);
#13017 = EDGE_CURVE('',#13018,#13020,#13022,.T.);
#13018 = VERTEX_POINT('',#13019);
#13019 = CARTESIAN_POINT('',(103.4834957055,-45.,358.83883476483));
#13020 = VERTEX_POINT('',#13021);
#13021 = CARTESIAN_POINT('',(121.16116523516,-45.,376.51650429449));
#13022 = SURFACE_CURVE('',#13023,(#13027,#13039),.PCURVE_S1.);
#13023 = LINE('',#13024,#13025);
#13024 = CARTESIAN_POINT('',(103.4834957055,-45.,358.83883476483));
#13025 = VECTOR('',#13026,1.);
#13026 = DIRECTION('',(0.707106781187,0.,0.707106781187));
#13027 = PCURVE('',#13028,#13033);
#13028 = PLANE('',#13029);
#13029 = AXIS2_PLACEMENT_3D('',#13030,#13031,#13032);
#13030 = CARTESIAN_POINT('',(103.4834957055,-45.,358.83883476483));
#13031 = DIRECTION('',(0.707106781187,0.,-0.707106781187));
#13032 = DIRECTION('',(0.707106781187,0.,0.707106781187));
#13033 = DEFINITIONAL_REPRESENTATION('',(#13034),#13038);
#13034 = LINE('',#13035,#13036);
#13035 = CARTESIAN_POINT('',(0.,0.));
#13036 = VECTOR('',#13037,1.);
#13037 = DIRECTION('',(1.,0.));
#13038 = ( GEOMETRIC_REPRESENTATION_CONTEXT(2) 
PARAMETRIC_REPRESENTATION_CONTEXT() REPRESENTATION_CONTEXT('2D SPACE',''
  ) );
#13039 = PCURVE('',#13040,#13045);
#13040 = PLANE('',#13041);
#13041 = AXIS2_PLACEMENT_3D('',#13042,#13043,#13044);
#13042 = CARTESIAN_POINT('',(103.4834957055,-45.,358.83883476483));
#13043 = DIRECTION('',(0.,1.,0.));
#13044 = DIRECTION('',(0.707106781187,0.,0.707106781187));
#13045 = DEFINITIONAL_REPRESENTATION('',(#13046),#13050);
#13046 = LINE('',#13047,#13048);
#13047 = CARTESIAN_POINT('',(0.,0.));
#13048 = VECTOR('',#13049,1.);
#13049 = DIRECTION('',(1.,0.));
#13050 = ( GEOMETRIC_REPRESENTATION_CONTEXT(2) 
PARAMETRIC_REPRESENTATION_CONTEXT() REPRESENTATION_CONTEXT('2D SPACE',''
  ) );
#13051 = ORIENTED_EDGE('',*,*,#13052,.T.);
#13052 = EDGE_CURVE('',#13018,#13053,#13055,.T.);
#13053 = VERTEX_POINT('',#13054);
#13054 = CARTESIAN_POINT('',(103.4834957055,45.,358.83883476483));
#13055 = SURFACE_CURVE('',#13056,(#13060,#13067),.PCURVE_S1.);
#13056 = LINE('',#13057,#13058);
#13057 = CARTESIAN_POINT('',(103.4834957055,-45.,358.83883476483));
#13058 = VECTOR('',#13059,1.);
#13059 = DIRECTION('',(0.,1.,0.));
#13060 = PCURVE('',#13028,#13061);
#13061 = DEFINITIONAL_REPRESENTATION('',(#13062),#13066);
#13062 = LINE('',#13063,#13064);
#13063 = CARTESIAN_POINT('',(0.,0.));
#13064 = VECTOR('',#13065,1.);
#13065 = DIRECTION('',(0.,-1.));
#13066 = ( GEOMETRIC_REPRESENTATION_CONTEXT(2) 
PARAMETRIC_REPRESENTATION_CONTEXT() REPRESENTATION_CONTEXT('2D SPACE',''
  ) );
#13067 = PCURVE('',#13068,#13073);
#13068 = PLANE('',#13069);
#13069 = AXIS2_PLACEMENT_3D('',#13070,#13071,#13072);
#13070 = CARTESIAN_POINT('',(103.4834957055,-45.,358.83883476483));
#13071 = DIRECTION('',(0.707106781187,0.,0.707106781187));
#13072 = DIRECTION('',(0.707106781187,0.,-0.707106781187));
#13073 = DEFINITIONAL_REPRESENTATION('',(#13074),#13078);
#13074 = LINE('',#13075,#13076);
#13075 = CARTESIAN_POINT('',(0.,0.));
#13076 = VECTOR('',#13077,1.);
#13077 = DIRECTION('',(0.,1.));
#13078 = ( GEOMETRIC_REPRESENTATION_CONTEXT(2) 
PARAMETRIC_REPRESENTATION_CONTEXT() REPRESENTATION_CONTEXT('2D SPACE',''
  ) );
#13079 = ORIENTED_EDGE('',*,*,#13080,.T.);
#13080 = EDGE_CURVE('',#13053,#13081,#13083,.T.);
#13081 = VERTEX_POINT('',#13082);
#13082 = CARTESIAN_POINT('',(121.16116523516,45.,376.51650429449));
#13083 = SURFACE_CURVE('',#13084,(#13088,#13095),.PCURVE_S1.);
#13084 = LINE('',#13085,#13086);
#13085 = CARTESIAN_POINT('',(103.4834957055,45.,358.83883476483));
#13086 = VECTOR('',#13087,1.);
#13087 = DIRECTION('',(0.707106781187,0.,0.707106781187));
#13088 = PCURVE('',#13028,#13089);
#13089 = DEFINITIONAL_REPRESENTATION('',(#13090),#13094);
#13090 = LINE('',#13091,#13092);
#13091 = CARTESIAN_POINT('',(0.,-90.));
#13092 = VECTOR('',#13093,1.);
#13093 = DIRECTION('',(1.,0.));
#13094 = ( GEOMETRIC_REPRESENTATION_CONTEXT(2) 
PARAMETRIC_REPRESENTATION_CONTEXT() REPRESENTATION_CONTEXT('2D SPACE',''
  ) );
#13095 = PCURVE('',#13096,#13101);
#13096 = PLANE('',#13097);
#13097 = AXIS2_PLACEMENT_3D('',#13098,#13099,#13100);
#13098 = CARTESIAN_POINT('',(103.4834957055,45.,358.83883476483));
#13099 = DIRECTION('',(0.,1.,0.));
#13100 = DIRECTION('',(0.707106781187,0.,0.707106781187));
#13101 = DEFINITIONAL_REPRESENTATION('',(#13102),#13106);
#13102 = LINE('',#13103,#13104);
#13103 = CARTESIAN_POINT('',(0.,0.));
#13104 = VECTOR('',#13105,1.);
#13105 = DIRECTION('',(1.,0.));
#13106 = ( GEOMETRIC_REPRESENTATION_CONTEXT(2) 
PARAMETRIC_REPRESENTATION_CONTEXT() REPRESENTATION_CONTEXT('2D SPACE',''
  ) );
#13107 = ORIENTED_EDGE('',*,*,#13108,.F.);
#13108 = EDGE_CURVE('',#13020,#13081,#13109,.T.);
#13109 = SURFACE_CURVE('',#13110,(#13114,#13121),.PCURVE_S1.);
#13110 = LINE('',#13111,#13112);
#13111 = CARTESIAN_POINT('',(121.16116523516,-45.,376.51650429449));
#13112 = VECTOR('',#13113,1.);
#13113 = DIRECTION('',(0.,1.,0.));
#13114 = PCURVE('',#13028,#13115);
#13115 = DEFINITIONAL_REPRESENTATION('',(#13116),#13120);
#13116 = LINE('',#13117,#13118);
#13117 = CARTESIAN_POINT('',(25.,0.));
#13118 = VECTOR('',#13119,1.);
#13119 = DIRECTION('',(0.,-1.));
#13120 = ( GEOMETRIC_REPRESENTATION_CONTEXT(2) 
PARAMETRIC_REPRESENTATION_CONTEXT() REPRESENTATION_CONTEXT('2D SPACE',''
  ) );
#13121 = PCURVE('',#13122,#13127);
#13122 = PLANE('',#13123);
#13123 = AXIS2_PLACEMENT_3D('',#13124,#13125,#13126);
#13124 = CARTESIAN_POINT('',(121.16116523516,-45.,376.51650429449));
#13125 = DIRECTION('',(0.707106781187,0.,0.707106781187));
#13126 = DIRECTION('',(0.707106781187,0.,-0.707106781187));
#13127 = DEFINITIONAL_REPRESENTATION('',(#13128),#13132);
#13128 = LINE('',#13129,#13130);
#13129 = CARTESIAN_POINT('',(0.,0.));
#13130 = VECTOR('',#13131,1.);
#13131 = DIRECTION('',(0.,1.));
#13132 = ( GEOMETRIC_REPRESENTATION_CONTEXT(2) 
PARAMETRIC_REPRESENTATION_CONTEXT() REPRESENTATION_CONTEXT('2D SPACE',''
  ) );
#13133 = ADVANCED_FACE('',(#13134),#13148,.T.);
#13134 = FACE_BOUND('',#13135,.T.);
#13135 = EDGE_LOOP('',(#13136,#13166,#13189,#13212));
#13136 = ORIENTED_EDGE('',*,*,#13137,.F.);
#13137 = EDGE_CURVE('',#13138,#13140,#13142,.T.);
#13138 = VERTEX_POINT('',#13139);
#13139 = CARTESIAN_POINT('',(121.16116523516,-45.,341.16116523516));
#13140 = VERTEX_POINT('',#13141);
#13141 = CARTESIAN_POINT('',(138.83883476483,-45.,358.83883476483));
#13142 = SURFACE_CURVE('',#13143,(#13147,#13159),.PCURVE_S1.);
#13143 = LINE('',#13144,#13145);
#13144 = CARTESIAN_POINT('',(121.16116523516,-45.,341.16116523516));
#13145 = VECTOR('',#13146,1.);
#13146 = DIRECTION('',(0.707106781187,0.,0.707106781187));
#13147 = PCURVE('',#13148,#13153);
#13148 = PLANE('',#13149);
#13149 = AXIS2_PLACEMENT_3D('',#13150,#13151,#13152);
#13150 = CARTESIAN_POINT('',(121.16116523516,-45.,341.16116523516));
#13151 = DIRECTION('',(0.707106781187,0.,-0.707106781187));
#13152 = DIRECTION('',(0.707106781187,0.,0.707106781187));
#13153 = DEFINITIONAL_REPRESENTATION('',(#13154),#13158);
#13154 = LINE('',#13155,#13156);
#13155 = CARTESIAN_POINT('',(0.,0.));
#13156 = VECTOR('',#13157,1.);
#13157 = DIRECTION('',(1.,0.));
#13158 = ( GEOMETRIC_REPRESENTATION_CONTEXT(2) 
PARAMETRIC_REPRESENTATION_CONTEXT() REPRESENTATION_CONTEXT('2D SPACE',''
  ) );
#13159 = PCURVE('',#13040,#13160);
#13160 = DEFINITIONAL_REPRESENTATION('',(#13161),#13165);
#13161 = LINE('',#13162,#13163);
#13162 = CARTESIAN_POINT('',(-2.13162820728E-14,25.));
#13163 = VECTOR('',#13164,1.);
#13164 = DIRECTION('',(1.,0.));
#13165 = ( GEOMETRIC_REPRESENTATION_CONTEXT(2) 
PARAMETRIC_REPRESENTATION_CONTEXT() REPRESENTATION_CONTEXT('2D SPACE',''
  ) );
#13166 = ORIENTED_EDGE('',*,*,#13167,.T.);
#13167 = EDGE_CURVE('',#13138,#13168,#13170,.T.);
#13168 = VERTEX_POINT('',#13169);
#13169 = CARTESIAN_POINT('',(121.16116523516,45.,341.16116523516));
#13170 = SURFACE_CURVE('',#13171,(#13175,#13182),.PCURVE_S1.);
#13171 = LINE('',#13172,#13173);
#13172 = CARTESIAN_POINT('',(121.16116523516,-45.,341.16116523516));
#13173 = VECTOR('',#13174,1.);
#13174 = DIRECTION('',(0.,1.,0.));
#13175 = PCURVE('',#13148,#13176);
#13176 = DEFINITIONAL_REPRESENTATION('',(#13177),#13181);
#13177 = LINE('',#13178,#13179);
#13178 = CARTESIAN_POINT('',(0.,0.));
#13179 = VECTOR('',#13180,1.);
#13180 = DIRECTION('',(0.,-1.));
#13181 = ( GEOMETRIC_REPRESENTATION_CONTEXT(2) 
PARAMETRIC_REPRESENTATION_CONTEXT() REPRESENTATION_CONTEXT('2D SPACE',''
  ) );
#13182 = PCURVE('',#13068,#13183);
#13183 = DEFINITIONAL_REPRESENTATION('',(#13184),#13188);
#13184 = LINE('',#13185,#13186);
#13185 = CARTESIAN_POINT('',(25.,0.));
#13186 = VECTOR('',#13187,1.);
#13187 = DIRECTION('',(0.,1.));
#13188 = ( GEOMETRIC_REPRESENTATION_CONTEXT(2) 
PARAMETRIC_REPRESENTATION_CONTEXT() REPRESENTATION_CONTEXT('2D SPACE',''
  ) );
#13189 = ORIENTED_EDGE('',*,*,#13190,.T.);
#13190 = EDGE_CURVE('',#13168,#13191,#13193,.T.);
#13191 = VERTEX_POINT('',#13192);
#13192 = CARTESIAN_POINT('',(138.83883476483,45.,358.83883476483));
#13193 = SURFACE_CURVE('',#13194,(#13198,#13205),.PCURVE_S1.);
#13194 = LINE('',#13195,#13196);
#13195 = CARTESIAN_POINT('',(121.16116523516,45.,341.16116523516));
#13196 = VECTOR('',#13197,1.);
#13197 = DIRECTION('',(0.707106781187,0.,0.707106781187));
#13198 = PCURVE('',#13148,#13199);
#13199 = DEFINITIONAL_REPRESENTATION('',(#13200),#13204);
#13200 = LINE('',#13201,#13202);
#13201 = CARTESIAN_POINT('',(0.,-90.));
#13202 = VECTOR('',#13203,1.);
#13203 = DIRECTION('',(1.,0.));
#13204 = ( GEOMETRIC_REPRESENTATION_CONTEXT(2) 
PARAMETRIC_REPRESENTATION_CONTEXT() REPRESENTATION_CONTEXT('2D SPACE',''
  ) );
#13205 = PCURVE('',#13096,#13206);
#13206 = DEFINITIONAL_REPRESENTATION('',(#13207),#13211);
#13207 = LINE('',#13208,#13209);
#13208 = CARTESIAN_POINT('',(-2.13162820728E-14,25.));
#13209 = VECTOR('',#13210,1.);
#13210 = DIRECTION('',(1.,0.));
#13211 = ( GEOMETRIC_REPRESENTATION_CONTEXT(2) 
PARAMETRIC_REPRESENTATION_CONTEXT() REPRESENTATION_CONTEXT('2D SPACE',''
  ) );
#13212 = ORIENTED_EDGE('',*,*,#13213,.F.);
#13213 = EDGE_CURVE('',#13140,#13191,#13214,.T.);
#13214 = SURFACE_CURVE('',#13215,(#13219,#13226),.PCURVE_S1.);
#13215 = LINE('',#13216,#13217);
#13216 = CARTESIAN_POINT('',(138.83883476483,-45.,358.83883476483));
#13217 = VECTOR('',#13218,1.);
#13218 = DIRECTION('',(0.,1.,0.));
#13219 = PCURVE('',#13148,#13220);
#13220 = DEFINITIONAL_REPRESENTATION('',(#13221),#13225);
#13221 = LINE('',#13222,#13223);
#13222 = CARTESIAN_POINT('',(25.,0.));
#13223 = VECTOR('',#13224,1.);
#13224 = DIRECTION('',(0.,-1.));
#13225 = ( GEOMETRIC_REPRESENTATION_CONTEXT(2) 
PARAMETRIC_REPRESENTATION_CONTEXT() REPRESENTATION_CONTEXT('2D SPACE',''
  ) );
#13226 = PCURVE('',#13122,#13227);
#13227 = DEFINITIONAL_REPRESENTATION('',(#13228),#13232);
#13228 = LINE('',#13229,#13230);
#13229 = CARTESIAN_POINT('',(25.,0.));
#13230 = VECTOR('',#13231,1.);
#13231 = DIRECTION('',(0.,1.));
#13232 = ( GEOMETRIC_REPRESENTATION_CONTEXT(2) 
PARAMETRIC_REPRESENTATION_CONTEXT() REPRESENTATION_CONTEXT('2D SPACE',''
  ) );
#13233 = ADVANCED_FACE('',(#13234),#13040,.F.);
#13234 = FACE_BOUND('',#13235,.F.);
#13235 = EDGE_LOOP('',(#13236,#13257,#13258,#13279));
#13236 = ORIENTED_EDGE('',*,*,#13237,.F.);
#13237 = EDGE_CURVE('',#13018,#13138,#13238,.T.);
#13238 = SURFACE_CURVE('',#13239,(#13243,#13250),.PCURVE_S1.);
#13239 = LINE('',#13240,#13241);
#13240 = CARTESIAN_POINT('',(103.4834957055,-45.,358.83883476483));
#13241 = VECTOR('',#13242,1.);
#13242 = DIRECTION('',(0.707106781187,0.,-0.707106781187));
#13243 = PCURVE('',#13040,#13244);
#13244 = DEFINITIONAL_REPRESENTATION('',(#13245),#13249);
#13245 = LINE('',#13246,#13247);
#13246 = CARTESIAN_POINT('',(0.,0.));
#13247 = VECTOR('',#13248,1.);
#13248 = DIRECTION('',(0.,1.));
#13249 = ( GEOMETRIC_REPRESENTATION_CONTEXT(2) 
PARAMETRIC_REPRESENTATION_CONTEXT() REPRESENTATION_CONTEXT('2D SPACE',''
  ) );
#13250 = PCURVE('',#13068,#13251);
#13251 = DEFINITIONAL_REPRESENTATION('',(#13252),#13256);
#13252 = LINE('',#13253,#13254);
#13253 = CARTESIAN_POINT('',(0.,0.));
#13254 = VECTOR('',#13255,1.);
#13255 = DIRECTION('',(1.,0.));
#13256 = ( GEOMETRIC_REPRESENTATION_CONTEXT(2) 
PARAMETRIC_REPRESENTATION_CONTEXT() REPRESENTATION_CONTEXT('2D SPACE',''
  ) );
#13257 = ORIENTED_EDGE('',*,*,#13017,.T.);
#13258 = ORIENTED_EDGE('',*,*,#13259,.T.);
#13259 = EDGE_CURVE('',#13020,#13140,#13260,.T.);
#13260 = SURFACE_CURVE('',#13261,(#13265,#13272),.PCURVE_S1.);
#13261 = LINE('',#13262,#13263);
#13262 = CARTESIAN_POINT('',(121.16116523516,-45.,376.51650429449));
#13263 = VECTOR('',#13264,1.);
#13264 = DIRECTION('',(0.707106781187,0.,-0.707106781187));
#13265 = PCURVE('',#13040,#13266);
#13266 = DEFINITIONAL_REPRESENTATION('',(#13267),#13271);
#13267 = LINE('',#13268,#13269);
#13268 = CARTESIAN_POINT('',(25.,2.30926389122E-14));
#13269 = VECTOR('',#13270,1.);
#13270 = DIRECTION('',(0.,1.));
#13271 = ( GEOMETRIC_REPRESENTATION_CONTEXT(2) 
PARAMETRIC_REPRESENTATION_CONTEXT() REPRESENTATION_CONTEXT('2D SPACE',''
  ) );
#13272 = PCURVE('',#13122,#13273);
#13273 = DEFINITIONAL_REPRESENTATION('',(#13274),#13278);
#13274 = LINE('',#13275,#13276);
#13275 = CARTESIAN_POINT('',(0.,0.));
#13276 = VECTOR('',#13277,1.);
#13277 = DIRECTION('',(1.,0.));
#13278 = ( GEOMETRIC_REPRESENTATION_CONTEXT(2) 
PARAMETRIC_REPRESENTATION_CONTEXT() REPRESENTATION_CONTEXT('2D SPACE',''
  ) );
#13279 = ORIENTED_EDGE('',*,*,#13137,.F.);
#13280 = ADVANCED_FACE('',(#13281),#13096,.T.);
#13281 = FACE_BOUND('',#13282,.T.);
#13282 = EDGE_LOOP('',(#13283,#13304,#13305,#13326));
#13283 = ORIENTED_EDGE('',*,*,#13284,.F.);
#13284 = EDGE_CURVE('',#13053,#13168,#13285,.T.);
#13285 = SURFACE_CURVE('',#13286,(#13290,#13297),.PCURVE_S1.);
#13286 = LINE('',#13287,#13288);
#13287 = CARTESIAN_POINT('',(103.4834957055,45.,358.83883476483));
#13288 = VECTOR('',#13289,1.);
#13289 = DIRECTION('',(0.707106781187,0.,-0.707106781187));
#13290 = PCURVE('',#13096,#13291);
#13291 = DEFINITIONAL_REPRESENTATION('',(#13292),#13296);
#13292 = LINE('',#13293,#13294);
#13293 = CARTESIAN_POINT('',(0.,0.));
#13294 = VECTOR('',#13295,1.);
#13295 = DIRECTION('',(0.,1.));
#13296 = ( GEOMETRIC_REPRESENTATION_CONTEXT(2) 
PARAMETRIC_REPRESENTATION_CONTEXT() REPRESENTATION_CONTEXT('2D SPACE',''
  ) );
#13297 = PCURVE('',#13068,#13298);
#13298 = DEFINITIONAL_REPRESENTATION('',(#13299),#13303);
#13299 = LINE('',#13300,#13301);
#13300 = CARTESIAN_POINT('',(0.,90.));
#13301 = VECTOR('',#13302,1.);
#13302 = DIRECTION('',(1.,0.));
#13303 = ( GEOMETRIC_REPRESENTATION_CONTEXT(2) 
PARAMETRIC_REPRESENTATION_CONTEXT() REPRESENTATION_CONTEXT('2D SPACE',''
  ) );
#13304 = ORIENTED_EDGE('',*,*,#13080,.T.);
#13305 = ORIENTED_EDGE('',*,*,#13306,.T.);
#13306 = EDGE_CURVE('',#13081,#13191,#13307,.T.);
#13307 = SURFACE_CURVE('',#13308,(#13312,#13319),.PCURVE_S1.);
#13308 = LINE('',#13309,#13310);
#13309 = CARTESIAN_POINT('',(121.16116523516,45.,376.51650429449));
#13310 = VECTOR('',#13311,1.);
#13311 = DIRECTION('',(0.707106781187,0.,-0.707106781187));
#13312 = PCURVE('',#13096,#13313);
#13313 = DEFINITIONAL_REPRESENTATION('',(#13314),#13318);
#13314 = LINE('',#13315,#13316);
#13315 = CARTESIAN_POINT('',(25.,2.30926389122E-14));
#13316 = VECTOR('',#13317,1.);
#13317 = DIRECTION('',(0.,1.));
#13318 = ( GEOMETRIC_REPRESENTATION_CONTEXT(2) 
PARAMETRIC_REPRESENTATION_CONTEXT() REPRESENTATION_CONTEXT('2D SPACE',''
  ) );
#13319 = PCURVE('',#13122,#13320);
#13320 = DEFINITIONAL_REPRESENTATION('',(#13321),#13325);
#13321 = LINE('',#13322,#13323);
#13322 = CARTESIAN_POINT('',(0.,90.));
#13323 = VECTOR('',#13324,1.);
#13324 = DIRECTION('',(1.,0.));
#13325 = ( GEOMETRIC_REPRESENTATION_CONTEXT(2) 
PARAMETRIC_REPRESENTATION_CONTEXT() REPRESENTATION_CONTEXT('2D SPACE',''
  ) );
#13326 = ORIENTED_EDGE('',*,*,#13190,.F.);
#13327 = ADVANCED_FACE('',(#13328),#13068,.F.);
#13328 = FACE_BOUND('',#13329,.F.);
#13329 = EDGE_LOOP('',(#13330,#13331,#13332,#13333));
#13330 = ORIENTED_EDGE('',*,*,#13052,.F.);
#13331 = ORIENTED_EDGE('',*,*,#13237,.T.);
#13332 = ORIENTED_EDGE('',*,*,#13167,.T.);
#13333 = ORIENTED_EDGE('',*,*,#13284,.F.);
#13334 = ADVANCED_FACE('',(#13335),#13122,.T.);
#13335 = FACE_BOUND('',#13336,.T.);
#13336 = EDGE_LOOP('',(#13337,#13338,#13339,#13340));
#13337 = ORIENTED_EDGE('',*,*,#13108,.F.);
#13338 = ORIENTED_EDGE('',*,*,#13259,.T.);
#13339 = ORIENTED_EDGE('',*,*,#13213,.T.);
#13340 = ORIENTED_EDGE('',*,*,#13306,.F.);
#13341 = ( GEOMETRIC_REPRESENTATION_CONTEXT(3) 
GLOBAL_UNCERTAINTY_ASSIGNED_CONTEXT((#13345)) 
GLOBAL_UNIT_ASSIGNED_CONTEXT((#13342,#13343,#13344)) 
REPRESENTATION_CONTEXT('Context #1',
  '3D Context with UNIT and UNCERTAINTY') );
#13342 = ( LENGTH_UNIT() NAMED_UNIT(*) SI_UNIT(.MILLI.,.METRE.) );
#13343 = ( NAMED_UNIT(*) PLANE_ANGLE_UNIT() SI_UNIT($,.RADIAN.) );
#13344 = ( NAMED_UNIT(*) SI_UNIT($,.STERADIAN.) SOLID_ANGLE_UNIT() );
#13345 = UNCERTAINTY_MEASURE_WITH_UNIT(LENGTH_MEASURE(1.E-07),#13342,
  'distance_accuracy_value','confusion accuracy');
#13346 = CONTEXT_DEPENDENT_SHAPE_REPRESENTATION(#13347,#13349);
#13347 = ( REPRESENTATION_RELATIONSHIP('','',#13010,#10) 
REPRESENTATION_RELATIONSHIP_WITH_TRANSFORMATION(#13348) 
SHAPE_REPRESENTATION_RELATIONSHIP() );
#13348 = ITEM_DEFINED_TRANSFORMATION('','',#11,#27);
#13349 = PRODUCT_DEFINITION_SHAPE('Placement','Placement of an item',
  #13350);
#13350 = NEXT_ASSEMBLY_USAGE_OCCURRENCE('4','D435i_dummy','',#5,#13005,$
  );
#13351 = PRODUCT_RELATED_PRODUCT_CATEGORY('part',$,(#13007));
#13352 = MECHANICAL_DESIGN_GEOMETRIC_PRESENTATION_REPRESENTATION('',(
    #13353),#9391);
#13353 = STYLED_ITEM('color',(#13354),#4639);
#13354 = PRESENTATION_STYLE_ASSIGNMENT((#13355));
#13355 = SURFACE_STYLE_USAGE(.BOTH.,#13356);
#13356 = SURFACE_SIDE_STYLE('',(#13357));
#13357 = SURFACE_STYLE_FILL_AREA(#13358);
#13358 = FILL_AREA_STYLE('',(#13359));
#13359 = FILL_AREA_STYLE_COLOUR('',#13360);
#13360 = COLOUR_RGB('',0.899999998185,0.350000000377,0.199999998682);
#13361 = MECHANICAL_DESIGN_GEOMETRIC_PRESENTATION_REPRESENTATION('',(
    #13362),#4620);
#13362 = STYLED_ITEM('color',(#13363),#45);
#13363 = PRESENTATION_STYLE_ASSIGNMENT((#13364));
#13364 = SURFACE_STYLE_USAGE(.BOTH.,#13365);
#13365 = SURFACE_SIDE_STYLE('',(#13366));
#13366 = SURFACE_STYLE_FILL_AREA(#13367);
#13367 = FILL_AREA_STYLE('',(#13368));
#13368 = FILL_AREA_STYLE_COLOUR('',#13360);
#13369 = MECHANICAL_DESIGN_GEOMETRIC_PRESENTATION_REPRESENTATION('',(
    #13370),#13341);
#13370 = STYLED_ITEM('color',(#13371),#13011);
#13371 = PRESENTATION_STYLE_ASSIGNMENT((#13372));
#13372 = SURFACE_STYLE_USAGE(.BOTH.,#13373);
#13373 = SURFACE_SIDE_STYLE('',(#13374));
#13374 = SURFACE_STYLE_FILL_AREA(#13375);
#13375 = FILL_AREA_STYLE('',(#13376));
#13376 = FILL_AREA_STYLE_COLOUR('',#13377);
#13377 = COLOUR_RGB('',0.149999997808,0.149999997808,0.149999997808);
#13378 = MECHANICAL_DESIGN_GEOMETRIC_PRESENTATION_REPRESENTATION('',(
    #13379),#12992);
#13379 = STYLED_ITEM('color',(#13380),#9410);
#13380 = PRESENTATION_STYLE_ASSIGNMENT((#13381));
#13381 = SURFACE_STYLE_USAGE(.BOTH.,#13382);
#13382 = SURFACE_SIDE_STYLE('',(#13383));
#13383 = SURFACE_STYLE_FILL_AREA(#13384);
#13384 = FILL_AREA_STYLE('',(#13385));
#13385 = FILL_AREA_STYLE_COLOUR('',#13386);
#13386 = COLOUR_RGB('',0.199999998682,0.500000003429,0.899999998185);
ENDSEC;
END-ISO-10303-21;
