ISO-10303-21;
HEADER;
FILE_DESCRIPTION(('Open CASCADE Model'),'2;1');
FILE_NAME('Open CASCADE Shape Model','2026-10-09T02:57:12',('Author'),(
    'Open CASCADE'),'Open CASCADE STEP processor 7.9','Open CASCADE 7.9'
  ,'Unknown');
FILE_SCHEMA(('AUTOMOTIVE_DESIGN { 1 0 10303 214 1 1 1 1 }'));
ENDSEC;
DATA;
#1 = APPLICATION_PROTOCOL_DEFINITION('international standard',
  'automotive_design',2000,#2);
#2 = APPLICATION_CONTEXT(
  'core data for automotive mechanical design processes');
#3 = SHAPE_DEFINITION_REPRESENTATION(#4,#10);
#4 = PRODUCT_DEFINITION_SHAPE('','',#5);
#5 = PRODUCT_DEFINITION('design','',#6,#9);
#6 = PRODUCT_DEFINITION_FORMATION('','',#7);
#7 = PRODUCT('Open CASCADE STEP translator 7.9 1',
  'Open CASCADE STEP translator 7.9 1','',(#8));
#8 = PRODUCT_CONTEXT('',#2,'mechanical');
#9 = PRODUCT_DEFINITION_CONTEXT('part definition',#2,'design');
#10 = ADVANCED_BREP_SHAPE_REPRESENTATION('',(#11,#15),#6735);
#11 = AXIS2_PLACEMENT_3D('',#12,#13,#14);
#12 = CARTESIAN_POINT('',(0.,0.,0.));
#13 = DIRECTION('',(0.,0.,1.));
#14 = DIRECTION('',(1.,0.,-0.));
#15 = MANIFOLD_SOLID_BREP('',#16);
#16 = CLOSED_SHELL('',(#17,#137,#493,#569,#647,#756,#832,#937,#1037,
    #1086,#1186,#1291,#1340,#1471,#1581,#1652,#1785,#1886,#1914,#1941,
    #1996,#2694,#3281,#3308,#3315,#3343,#3370,#3471,#3498,#3553,#4251,
    #4838,#4865,#4920,#4975,#5002,#5057,#5084,#5111,#5138,#5165,#5192,
    #5219,#5246,#5273,#5300,#5327,#5354,#5381,#5408,#5435,#5462,#5489,
    #5516,#5543,#5570,#5597,#5624,#5631,#5681,#5708,#5735,#5790,#5817,
    #5844,#5871,#5898,#5925,#5952,#5979,#6006,#6033,#6060,#6087,#6114,
    #6141,#6168,#6195,#6222,#6249,#6276,#6303,#6330,#6357,#6364,#6414,
    #6441,#6476,#6511,#6546,#6581,#6631,#6681,#6708));
#17 = ADVANCED_FACE('',(#18),#32,.F.);
#18 = FACE_BOUND('',#19,.F.);
#19 = EDGE_LOOP('',(#20,#55,#83,#111));
#20 = ORIENTED_EDGE('',*,*,#21,.T.);
#21 = EDGE_CURVE('',#22,#24,#26,.T.);
#22 = VERTEX_POINT('',#23);
#23 = CARTESIAN_POINT('',(24.,30.,0.));
#24 = VERTEX_POINT('',#25);
#25 = CARTESIAN_POINT('',(36.,30.,0.));
#26 = SURFACE_CURVE('',#27,(#31,#43),.PCURVE_S1.);
#27 = LINE('',#28,#29);
#28 = CARTESIAN_POINT('',(24.,30.,0.));
#29 = VECTOR('',#30,1.);
#30 = DIRECTION('',(1.,0.,0.));
#31 = PCURVE('',#32,#37);
#32 = PLANE('',#33);
#33 = AXIS2_PLACEMENT_3D('',#34,#35,#36);
#34 = CARTESIAN_POINT('',(24.,30.,0.));
#35 = DIRECTION('',(0.,-1.,1.224646799147E-16));
#36 = DIRECTION('',(0.,1.224646799147E-16,1.));
#37 = DEFINITIONAL_REPRESENTATION('',(#38),#42);
#38 = LINE('',#39,#40);
#39 = CARTESIAN_POINT('',(0.,0.));
#40 = VECTOR('',#41,1.);
#41 = DIRECTION('',(0.,-1.));
#42 = ( GEOMETRIC_REPRESENTATION_CONTEXT(2) 
PARAMETRIC_REPRESENTATION_CONTEXT() REPRESENTATION_CONTEXT('2D SPACE',''
  ) );
#43 = PCURVE('',#44,#49);
#44 = PLANE('',#45);
#45 = AXIS2_PLACEMENT_3D('',#46,#47,#48);
#46 = CARTESIAN_POINT('',(24.,12.,0.));
#47 = DIRECTION('',(0.,1.224646799147E-16,1.));
#48 = DIRECTION('',(0.,1.,-1.224646799147E-16));
#49 = DEFINITIONAL_REPRESENTATION('',(#50),#54);
#50 = LINE('',#51,#52);
#51 = CARTESIAN_POINT('',(18.,0.));
#52 = VECTOR('',#53,1.);
#53 = DIRECTION('',(0.,-1.));
#54 = ( GEOMETRIC_REPRESENTATION_CONTEXT(2) 
PARAMETRIC_REPRESENTATION_CONTEXT() REPRESENTATION_CONTEXT('2D SPACE',''
  ) );
#55 = ORIENTED_EDGE('',*,*,#56,.T.);
#56 = EDGE_CURVE('',#24,#57,#59,.T.);
#57 = VERTEX_POINT('',#58);
#58 = CARTESIAN_POINT('',(36.,30.,10.9));
#59 = SURFACE_CURVE('',#60,(#64,#71),.PCURVE_S1.);
#60 = LINE('',#61,#62);
#61 = CARTESIAN_POINT('',(36.,30.,0.));
#62 = VECTOR('',#63,1.);
#63 = DIRECTION('',(0.,1.224646799147E-16,1.));
#64 = PCURVE('',#32,#65);
#65 = DEFINITIONAL_REPRESENTATION('',(#66),#70);
#66 = LINE('',#67,#68);
#67 = CARTESIAN_POINT('',(0.,-12.));
#68 = VECTOR('',#69,1.);
#69 = DIRECTION('',(1.,0.));
#70 = ( GEOMETRIC_REPRESENTATION_CONTEXT(2) 
PARAMETRIC_REPRESENTATION_CONTEXT() REPRESENTATION_CONTEXT('2D SPACE',''
  ) );
#71 = PCURVE('',#72,#77);
#72 = PLANE('',#73);
#73 = AXIS2_PLACEMENT_3D('',#74,#75,#76);
#74 = CARTESIAN_POINT('',(36.,14.644810459707,57.431659068768));
#75 = DIRECTION('',(1.,0.,0.));
#76 = DIRECTION('',(0.,-1.224646799147E-16,-1.));
#77 = DEFINITIONAL_REPRESENTATION('',(#78),#82);
#78 = LINE('',#79,#80);
#79 = CARTESIAN_POINT('',(57.431659068768,15.355189540293));
#80 = VECTOR('',#81,1.);
#81 = DIRECTION('',(-1.,0.));
#82 = ( GEOMETRIC_REPRESENTATION_CONTEXT(2) 
PARAMETRIC_REPRESENTATION_CONTEXT() REPRESENTATION_CONTEXT('2D SPACE',''
  ) );
#83 = ORIENTED_EDGE('',*,*,#84,.F.);
#84 = EDGE_CURVE('',#85,#57,#87,.T.);
#85 = VERTEX_POINT('',#86);
#86 = CARTESIAN_POINT('',(24.,30.,10.9));
#87 = SURFACE_CURVE('',#88,(#92,#99),.PCURVE_S1.);
#88 = LINE('',#89,#90);
#89 = CARTESIAN_POINT('',(24.,30.,10.9));
#90 = VECTOR('',#91,1.);
#91 = DIRECTION('',(1.,0.,0.));
#92 = PCURVE('',#32,#93);
#93 = DEFINITIONAL_REPRESENTATION('',(#94),#98);
#94 = LINE('',#95,#96);
#95 = CARTESIAN_POINT('',(10.9,0.));
#96 = VECTOR('',#97,1.);
#97 = DIRECTION('',(0.,-1.));
#98 = ( GEOMETRIC_REPRESENTATION_CONTEXT(2) 
PARAMETRIC_REPRESENTATION_CONTEXT() REPRESENTATION_CONTEXT('2D SPACE',''
  ) );
#99 = PCURVE('',#100,#105);
#100 = PLANE('',#101);
#101 = AXIS2_PLACEMENT_3D('',#102,#103,#104);
#102 = CARTESIAN_POINT('',(24.,30.,10.9));
#103 = DIRECTION('',(0.,-0.997858923239,-6.540312923014E-02));
#104 = DIRECTION('',(0.,-6.540312923014E-02,0.997858923239));
#105 = DEFINITIONAL_REPRESENTATION('',(#106),#110);
#106 = LINE('',#107,#108);
#107 = CARTESIAN_POINT('',(0.,0.));
#108 = VECTOR('',#109,1.);
#109 = DIRECTION('',(0.,-1.));
#110 = ( GEOMETRIC_REPRESENTATION_CONTEXT(2) 
PARAMETRIC_REPRESENTATION_CONTEXT() REPRESENTATION_CONTEXT('2D SPACE',''
  ) );
#111 = ORIENTED_EDGE('',*,*,#112,.F.);
#112 = EDGE_CURVE('',#22,#85,#113,.T.);
#113 = SURFACE_CURVE('',#114,(#118,#125),.PCURVE_S1.);
#114 = LINE('',#115,#116);
#115 = CARTESIAN_POINT('',(24.,30.,0.));
#116 = VECTOR('',#117,1.);
#117 = DIRECTION('',(0.,1.224646799147E-16,1.));
#118 = PCURVE('',#32,#119);
#119 = DEFINITIONAL_REPRESENTATION('',(#120),#124);
#120 = LINE('',#121,#122);
#121 = CARTESIAN_POINT('',(0.,0.));
#122 = VECTOR('',#123,1.);
#123 = DIRECTION('',(1.,0.));
#124 = ( GEOMETRIC_REPRESENTATION_CONTEXT(2) 
PARAMETRIC_REPRESENTATION_CONTEXT() REPRESENTATION_CONTEXT('2D SPACE',''
  ) );
#125 = PCURVE('',#126,#131);
#126 = PLANE('',#127);
#127 = AXIS2_PLACEMENT_3D('',#128,#129,#130);
#128 = CARTESIAN_POINT('',(24.,48.,28.));
#129 = DIRECTION('',(1.,0.,0.));
#130 = DIRECTION('',(0.,-1.224646799147E-16,-1.));
#131 = DEFINITIONAL_REPRESENTATION('',(#132),#136);
#132 = LINE('',#133,#134);
#133 = CARTESIAN_POINT('',(28.,-18.));
#134 = VECTOR('',#135,1.);
#135 = DIRECTION('',(-1.,0.));
#136 = ( GEOMETRIC_REPRESENTATION_CONTEXT(2) 
PARAMETRIC_REPRESENTATION_CONTEXT() REPRESENTATION_CONTEXT('2D SPACE',''
  ) );
#137 = ADVANCED_FACE('',(#138),#44,.F.);
#138 = FACE_BOUND('',#139,.F.);
#139 = EDGE_LOOP('',(#140,#170,#198,#219,#220,#243,#271,#299,#327,#355,
    #383,#411,#439,#467));
#140 = ORIENTED_EDGE('',*,*,#141,.T.);
#141 = EDGE_CURVE('',#142,#144,#146,.T.);
#142 = VERTEX_POINT('',#143);
#143 = CARTESIAN_POINT('',(0.,12.,0.));
#144 = VERTEX_POINT('',#145);
#145 = CARTESIAN_POINT('',(24.,12.,0.));
#146 = SURFACE_CURVE('',#147,(#151,#158),.PCURVE_S1.);
#147 = LINE('',#148,#149);
#148 = CARTESIAN_POINT('',(0.,12.,0.));
#149 = VECTOR('',#150,1.);
#150 = DIRECTION('',(1.,0.,0.));
#151 = PCURVE('',#44,#152);
#152 = DEFINITIONAL_REPRESENTATION('',(#153),#157);
#153 = LINE('',#154,#155);
#154 = CARTESIAN_POINT('',(0.,24.));
#155 = VECTOR('',#156,1.);
#156 = DIRECTION('',(0.,-1.));
#157 = ( GEOMETRIC_REPRESENTATION_CONTEXT(2) 
PARAMETRIC_REPRESENTATION_CONTEXT() REPRESENTATION_CONTEXT('2D SPACE',''
  ) );
#158 = PCURVE('',#159,#164);
#159 = PLANE('',#160);
#160 = AXIS2_PLACEMENT_3D('',#161,#162,#163);
#161 = CARTESIAN_POINT('',(0.,12.,28.));
#162 = DIRECTION('',(0.,-1.,1.224646799147E-16));
#163 = DIRECTION('',(0.,-1.224646799147E-16,-1.));
#164 = DEFINITIONAL_REPRESENTATION('',(#165),#169);
#165 = LINE('',#166,#167);
#166 = CARTESIAN_POINT('',(28.,0.));
#167 = VECTOR('',#168,1.);
#168 = DIRECTION('',(0.,1.));
#169 = ( GEOMETRIC_REPRESENTATION_CONTEXT(2) 
PARAMETRIC_REPRESENTATION_CONTEXT() REPRESENTATION_CONTEXT('2D SPACE',''
  ) );
#170 = ORIENTED_EDGE('',*,*,#171,.T.);
#171 = EDGE_CURVE('',#144,#172,#174,.T.);
#172 = VERTEX_POINT('',#173);
#173 = CARTESIAN_POINT('',(36.,12.,0.));
#174 = SURFACE_CURVE('',#175,(#179,#186),.PCURVE_S1.);
#175 = LINE('',#176,#177);
#176 = CARTESIAN_POINT('',(24.,12.,0.));
#177 = VECTOR('',#178,1.);
#178 = DIRECTION('',(1.,0.,0.));
#179 = PCURVE('',#44,#180);
#180 = DEFINITIONAL_REPRESENTATION('',(#181),#185);
#181 = LINE('',#182,#183);
#182 = CARTESIAN_POINT('',(0.,0.));
#183 = VECTOR('',#184,1.);
#184 = DIRECTION('',(0.,-1.));
#185 = ( GEOMETRIC_REPRESENTATION_CONTEXT(2) 
PARAMETRIC_REPRESENTATION_CONTEXT() REPRESENTATION_CONTEXT('2D SPACE',''
  ) );
#186 = PCURVE('',#187,#192);
#187 = PLANE('',#188);
#188 = AXIS2_PLACEMENT_3D('',#189,#190,#191);
#189 = CARTESIAN_POINT('',(24.,6.84411090095E-02,109.85579046224));
#190 = DIRECTION('',(0.,0.994153489003,0.107976109869));
#191 = DIRECTION('',(0.,0.107976109869,-0.994153489003));
#192 = DEFINITIONAL_REPRESENTATION('',(#193),#197);
#193 = LINE('',#194,#195);
#194 = CARTESIAN_POINT('',(110.50184068898,0.));
#195 = VECTOR('',#196,1.);
#196 = DIRECTION('',(0.,-1.));
#197 = ( GEOMETRIC_REPRESENTATION_CONTEXT(2) 
PARAMETRIC_REPRESENTATION_CONTEXT() REPRESENTATION_CONTEXT('2D SPACE',''
  ) );
#198 = ORIENTED_EDGE('',*,*,#199,.T.);
#199 = EDGE_CURVE('',#172,#24,#200,.T.);
#200 = SURFACE_CURVE('',#201,(#205,#212),.PCURVE_S1.);
#201 = LINE('',#202,#203);
#202 = CARTESIAN_POINT('',(36.,12.,0.));
#203 = VECTOR('',#204,1.);
#204 = DIRECTION('',(0.,1.,-1.224646799147E-16));
#205 = PCURVE('',#44,#206);
#206 = DEFINITIONAL_REPRESENTATION('',(#207),#211);
#207 = LINE('',#208,#209);
#208 = CARTESIAN_POINT('',(0.,-12.));
#209 = VECTOR('',#210,1.);
#210 = DIRECTION('',(1.,0.));
#211 = ( GEOMETRIC_REPRESENTATION_CONTEXT(2) 
PARAMETRIC_REPRESENTATION_CONTEXT() REPRESENTATION_CONTEXT('2D SPACE',''
  ) );
#212 = PCURVE('',#72,#213);
#213 = DEFINITIONAL_REPRESENTATION('',(#214),#218);
#214 = LINE('',#215,#216);
#215 = CARTESIAN_POINT('',(57.431659068768,-2.644810459707));
#216 = VECTOR('',#217,1.);
#217 = DIRECTION('',(0.,1.));
#218 = ( GEOMETRIC_REPRESENTATION_CONTEXT(2) 
PARAMETRIC_REPRESENTATION_CONTEXT() REPRESENTATION_CONTEXT('2D SPACE',''
  ) );
#219 = ORIENTED_EDGE('',*,*,#21,.F.);
#220 = ORIENTED_EDGE('',*,*,#221,.F.);
#221 = EDGE_CURVE('',#222,#22,#224,.T.);
#222 = VERTEX_POINT('',#223);
#223 = CARTESIAN_POINT('',(24.,48.,0.));
#224 = SURFACE_CURVE('',#225,(#229,#236),.PCURVE_S1.);
#225 = LINE('',#226,#227);
#226 = CARTESIAN_POINT('',(24.,48.,0.));
#227 = VECTOR('',#228,1.);
#228 = DIRECTION('',(0.,-1.,1.224646799147E-16));
#229 = PCURVE('',#44,#230);
#230 = DEFINITIONAL_REPRESENTATION('',(#231),#235);
#231 = LINE('',#232,#233);
#232 = CARTESIAN_POINT('',(36.,0.));
#233 = VECTOR('',#234,1.);
#234 = DIRECTION('',(-1.,0.));
#235 = ( GEOMETRIC_REPRESENTATION_CONTEXT(2) 
PARAMETRIC_REPRESENTATION_CONTEXT() REPRESENTATION_CONTEXT('2D SPACE',''
  ) );
#236 = PCURVE('',#126,#237);
#237 = DEFINITIONAL_REPRESENTATION('',(#238),#242);
#238 = LINE('',#239,#240);
#239 = CARTESIAN_POINT('',(28.,-3.676416319988E-15));
#240 = VECTOR('',#241,1.);
#241 = DIRECTION('',(0.,-1.));
#242 = ( GEOMETRIC_REPRESENTATION_CONTEXT(2) 
PARAMETRIC_REPRESENTATION_CONTEXT() REPRESENTATION_CONTEXT('2D SPACE',''
  ) );
#243 = ORIENTED_EDGE('',*,*,#244,.F.);
#244 = EDGE_CURVE('',#245,#222,#247,.T.);
#245 = VERTEX_POINT('',#246);
#246 = CARTESIAN_POINT('',(6.,48.,0.));
#247 = SURFACE_CURVE('',#248,(#252,#259),.PCURVE_S1.);
#248 = LINE('',#249,#250);
#249 = CARTESIAN_POINT('',(0.,48.,0.));
#250 = VECTOR('',#251,1.);
#251 = DIRECTION('',(1.,0.,0.));
#252 = PCURVE('',#44,#253);
#253 = DEFINITIONAL_REPRESENTATION('',(#254),#258);
#254 = LINE('',#255,#256);
#255 = CARTESIAN_POINT('',(36.,24.));
#256 = VECTOR('',#257,1.);
#257 = DIRECTION('',(0.,-1.));
#258 = ( GEOMETRIC_REPRESENTATION_CONTEXT(2) 
PARAMETRIC_REPRESENTATION_CONTEXT() REPRESENTATION_CONTEXT('2D SPACE',''
  ) );
#259 = PCURVE('',#260,#265);
#260 = PLANE('',#261);
#261 = AXIS2_PLACEMENT_3D('',#262,#263,#264);
#262 = CARTESIAN_POINT('',(0.,48.,28.));
#263 = DIRECTION('',(0.,-1.,1.224646799147E-16));
#264 = DIRECTION('',(0.,-1.224646799147E-16,-1.));
#265 = DEFINITIONAL_REPRESENTATION('',(#266),#270);
#266 = LINE('',#267,#268);
#267 = CARTESIAN_POINT('',(28.,0.));
#268 = VECTOR('',#269,1.);
#269 = DIRECTION('',(0.,1.));
#270 = ( GEOMETRIC_REPRESENTATION_CONTEXT(2) 
PARAMETRIC_REPRESENTATION_CONTEXT() REPRESENTATION_CONTEXT('2D SPACE',''
  ) );
#271 = ORIENTED_EDGE('',*,*,#272,.F.);
#272 = EDGE_CURVE('',#273,#245,#275,.T.);
#273 = VERTEX_POINT('',#274);
#274 = CARTESIAN_POINT('',(6.,144.,0.));
#275 = SURFACE_CURVE('',#276,(#280,#287),.PCURVE_S1.);
#276 = LINE('',#277,#278);
#277 = CARTESIAN_POINT('',(6.,162.,0.));
#278 = VECTOR('',#279,1.);
#279 = DIRECTION('',(0.,-1.,1.224646799147E-16));
#280 = PCURVE('',#44,#281);
#281 = DEFINITIONAL_REPRESENTATION('',(#282),#286);
#282 = LINE('',#283,#284);
#283 = CARTESIAN_POINT('',(150.,18.));
#284 = VECTOR('',#285,1.);
#285 = DIRECTION('',(-1.,0.));
#286 = ( GEOMETRIC_REPRESENTATION_CONTEXT(2) 
PARAMETRIC_REPRESENTATION_CONTEXT() REPRESENTATION_CONTEXT('2D SPACE',''
  ) );
#287 = PCURVE('',#288,#293);
#288 = PLANE('',#289);
#289 = AXIS2_PLACEMENT_3D('',#290,#291,#292);
#290 = CARTESIAN_POINT('',(6.,162.,26.));
#291 = DIRECTION('',(1.,0.,0.));
#292 = DIRECTION('',(0.,-1.224646799147E-16,-1.));
#293 = DEFINITIONAL_REPRESENTATION('',(#294),#298);
#294 = LINE('',#295,#296);
#295 = CARTESIAN_POINT('',(26.,3.184081677783E-15));
#296 = VECTOR('',#297,1.);
#297 = DIRECTION('',(0.,-1.));
#298 = ( GEOMETRIC_REPRESENTATION_CONTEXT(2) 
PARAMETRIC_REPRESENTATION_CONTEXT() REPRESENTATION_CONTEXT('2D SPACE',''
  ) );
#299 = ORIENTED_EDGE('',*,*,#300,.T.);
#300 = EDGE_CURVE('',#273,#301,#303,.T.);
#301 = VERTEX_POINT('',#302);
#302 = CARTESIAN_POINT('',(24.,144.,0.));
#303 = SURFACE_CURVE('',#304,(#308,#315),.PCURVE_S1.);
#304 = LINE('',#305,#306);
#305 = CARTESIAN_POINT('',(0.,144.,0.));
#306 = VECTOR('',#307,1.);
#307 = DIRECTION('',(1.,0.,0.));
#308 = PCURVE('',#44,#309);
#309 = DEFINITIONAL_REPRESENTATION('',(#310),#314);
#310 = LINE('',#311,#312);
#311 = CARTESIAN_POINT('',(132.,24.));
#312 = VECTOR('',#313,1.);
#313 = DIRECTION('',(0.,-1.));
#314 = ( GEOMETRIC_REPRESENTATION_CONTEXT(2) 
PARAMETRIC_REPRESENTATION_CONTEXT() REPRESENTATION_CONTEXT('2D SPACE',''
  ) );
#315 = PCURVE('',#316,#321);
#316 = PLANE('',#317);
#317 = AXIS2_PLACEMENT_3D('',#318,#319,#320);
#318 = CARTESIAN_POINT('',(0.,144.,28.));
#319 = DIRECTION('',(-0.,1.,-1.224646799147E-16));
#320 = DIRECTION('',(-0.,1.224646799147E-16,1.));
#321 = DEFINITIONAL_REPRESENTATION('',(#322),#326);
#322 = LINE('',#323,#324);
#323 = CARTESIAN_POINT('',(-28.,0.));
#324 = VECTOR('',#325,1.);
#325 = DIRECTION('',(-0.,1.));
#326 = ( GEOMETRIC_REPRESENTATION_CONTEXT(2) 
PARAMETRIC_REPRESENTATION_CONTEXT() REPRESENTATION_CONTEXT('2D SPACE',''
  ) );
#327 = ORIENTED_EDGE('',*,*,#328,.T.);
#328 = EDGE_CURVE('',#301,#329,#331,.T.);
#329 = VERTEX_POINT('',#330);
#330 = CARTESIAN_POINT('',(24.,162.,0.));
#331 = SURFACE_CURVE('',#332,(#336,#343),.PCURVE_S1.);
#332 = LINE('',#333,#334);
#333 = CARTESIAN_POINT('',(24.,144.,0.));
#334 = VECTOR('',#335,1.);
#335 = DIRECTION('',(-0.,1.,-1.224646799147E-16));
#336 = PCURVE('',#44,#337);
#337 = DEFINITIONAL_REPRESENTATION('',(#338),#342);
#338 = LINE('',#339,#340);
#339 = CARTESIAN_POINT('',(132.,0.));
#340 = VECTOR('',#341,1.);
#341 = DIRECTION('',(1.,0.));
#342 = ( GEOMETRIC_REPRESENTATION_CONTEXT(2) 
PARAMETRIC_REPRESENTATION_CONTEXT() REPRESENTATION_CONTEXT('2D SPACE',''
  ) );
#343 = PCURVE('',#344,#349);
#344 = PLANE('',#345);
#345 = AXIS2_PLACEMENT_3D('',#346,#347,#348);
#346 = CARTESIAN_POINT('',(24.,144.,28.));
#347 = DIRECTION('',(1.,0.,0.));
#348 = DIRECTION('',(-0.,1.224646799147E-16,1.));
#349 = DEFINITIONAL_REPRESENTATION('',(#350),#354);
#350 = LINE('',#351,#352);
#351 = CARTESIAN_POINT('',(-28.,2.499269839279E-14));
#352 = VECTOR('',#353,1.);
#353 = DIRECTION('',(-0.,-1.));
#354 = ( GEOMETRIC_REPRESENTATION_CONTEXT(2) 
PARAMETRIC_REPRESENTATION_CONTEXT() REPRESENTATION_CONTEXT('2D SPACE',''
  ) );
#355 = ORIENTED_EDGE('',*,*,#356,.T.);
#356 = EDGE_CURVE('',#329,#357,#359,.T.);
#357 = VERTEX_POINT('',#358);
#358 = CARTESIAN_POINT('',(36.,162.,0.));
#359 = SURFACE_CURVE('',#360,(#364,#371),.PCURVE_S1.);
#360 = LINE('',#361,#362);
#361 = CARTESIAN_POINT('',(24.,162.,0.));
#362 = VECTOR('',#363,1.);
#363 = DIRECTION('',(1.,0.,0.));
#364 = PCURVE('',#44,#365);
#365 = DEFINITIONAL_REPRESENTATION('',(#366),#370);
#366 = LINE('',#367,#368);
#367 = CARTESIAN_POINT('',(150.,0.));
#368 = VECTOR('',#369,1.);
#369 = DIRECTION('',(0.,-1.));
#370 = ( GEOMETRIC_REPRESENTATION_CONTEXT(2) 
PARAMETRIC_REPRESENTATION_CONTEXT() REPRESENTATION_CONTEXT('2D SPACE',''
  ) );
#371 = PCURVE('',#372,#377);
#372 = PLANE('',#373);
#373 = AXIS2_PLACEMENT_3D('',#374,#375,#376);
#374 = CARTESIAN_POINT('',(24.,162.,0.));
#375 = DIRECTION('',(-0.,1.,-1.224646799147E-16));
#376 = DIRECTION('',(0.,-1.224646799147E-16,-1.));
#377 = DEFINITIONAL_REPRESENTATION('',(#378),#382);
#378 = LINE('',#379,#380);
#379 = CARTESIAN_POINT('',(-0.,0.));
#380 = VECTOR('',#381,1.);
#381 = DIRECTION('',(-0.,-1.));
#382 = ( GEOMETRIC_REPRESENTATION_CONTEXT(2) 
PARAMETRIC_REPRESENTATION_CONTEXT() REPRESENTATION_CONTEXT('2D SPACE',''
  ) );
#383 = ORIENTED_EDGE('',*,*,#384,.F.);
#384 = EDGE_CURVE('',#385,#357,#387,.T.);
#385 = VERTEX_POINT('',#386);
#386 = CARTESIAN_POINT('',(36.,180.,0.));
#387 = SURFACE_CURVE('',#388,(#392,#399),.PCURVE_S1.);
#388 = LINE('',#389,#390);
#389 = CARTESIAN_POINT('',(36.,180.,0.));
#390 = VECTOR('',#391,1.);
#391 = DIRECTION('',(0.,-1.,1.224646799147E-16));
#392 = PCURVE('',#44,#393);
#393 = DEFINITIONAL_REPRESENTATION('',(#394),#398);
#394 = LINE('',#395,#396);
#395 = CARTESIAN_POINT('',(168.,-12.));
#396 = VECTOR('',#397,1.);
#397 = DIRECTION('',(-1.,0.));
#398 = ( GEOMETRIC_REPRESENTATION_CONTEXT(2) 
PARAMETRIC_REPRESENTATION_CONTEXT() REPRESENTATION_CONTEXT('2D SPACE',''
  ) );
#399 = PCURVE('',#400,#405);
#400 = PLANE('',#401);
#401 = AXIS2_PLACEMENT_3D('',#402,#403,#404);
#402 = CARTESIAN_POINT('',(36.,177.35518954029,57.431659068768));
#403 = DIRECTION('',(1.,0.,0.));
#404 = DIRECTION('',(-0.,1.224646799147E-16,1.));
#405 = DEFINITIONAL_REPRESENTATION('',(#406),#410);
#406 = LINE('',#407,#408);
#407 = CARTESIAN_POINT('',(-57.43165906876,-2.644810459707));
#408 = VECTOR('',#409,1.);
#409 = DIRECTION('',(-0.,1.));
#410 = ( GEOMETRIC_REPRESENTATION_CONTEXT(2) 
PARAMETRIC_REPRESENTATION_CONTEXT() REPRESENTATION_CONTEXT('2D SPACE',''
  ) );
#411 = ORIENTED_EDGE('',*,*,#412,.F.);
#412 = EDGE_CURVE('',#413,#385,#415,.T.);
#413 = VERTEX_POINT('',#414);
#414 = CARTESIAN_POINT('',(24.,180.,0.));
#415 = SURFACE_CURVE('',#416,(#420,#427),.PCURVE_S1.);
#416 = LINE('',#417,#418);
#417 = CARTESIAN_POINT('',(24.,180.,0.));
#418 = VECTOR('',#419,1.);
#419 = DIRECTION('',(1.,0.,0.));
#420 = PCURVE('',#44,#421);
#421 = DEFINITIONAL_REPRESENTATION('',(#422),#426);
#422 = LINE('',#423,#424);
#423 = CARTESIAN_POINT('',(168.,0.));
#424 = VECTOR('',#425,1.);
#425 = DIRECTION('',(0.,-1.));
#426 = ( GEOMETRIC_REPRESENTATION_CONTEXT(2) 
PARAMETRIC_REPRESENTATION_CONTEXT() REPRESENTATION_CONTEXT('2D SPACE',''
  ) );
#427 = PCURVE('',#428,#433);
#428 = PLANE('',#429);
#429 = AXIS2_PLACEMENT_3D('',#430,#431,#432);
#430 = CARTESIAN_POINT('',(24.,191.93155889099,109.85579046224));
#431 = DIRECTION('',(0.,-0.994153489003,0.107976109869));
#432 = DIRECTION('',(-0.,0.107976109869,0.994153489003));
#433 = DEFINITIONAL_REPRESENTATION('',(#434),#438);
#434 = LINE('',#435,#436);
#435 = CARTESIAN_POINT('',(-110.5018406889,0.));
#436 = VECTOR('',#437,1.);
#437 = DIRECTION('',(-0.,-1.));
#438 = ( GEOMETRIC_REPRESENTATION_CONTEXT(2) 
PARAMETRIC_REPRESENTATION_CONTEXT() REPRESENTATION_CONTEXT('2D SPACE',''
  ) );
#439 = ORIENTED_EDGE('',*,*,#440,.F.);
#440 = EDGE_CURVE('',#441,#413,#443,.T.);
#441 = VERTEX_POINT('',#442);
#442 = CARTESIAN_POINT('',(0.,180.,0.));
#443 = SURFACE_CURVE('',#444,(#448,#455),.PCURVE_S1.);
#444 = LINE('',#445,#446);
#445 = CARTESIAN_POINT('',(0.,180.,0.));
#446 = VECTOR('',#447,1.);
#447 = DIRECTION('',(1.,0.,0.));
#448 = PCURVE('',#44,#449);
#449 = DEFINITIONAL_REPRESENTATION('',(#450),#454);
#450 = LINE('',#451,#452);
#451 = CARTESIAN_POINT('',(168.,24.));
#452 = VECTOR('',#453,1.);
#453 = DIRECTION('',(0.,-1.));
#454 = ( GEOMETRIC_REPRESENTATION_CONTEXT(2) 
PARAMETRIC_REPRESENTATION_CONTEXT() REPRESENTATION_CONTEXT('2D SPACE',''
  ) );
#455 = PCURVE('',#456,#461);
#456 = PLANE('',#457);
#457 = AXIS2_PLACEMENT_3D('',#458,#459,#460);
#458 = CARTESIAN_POINT('',(0.,180.,28.));
#459 = DIRECTION('',(-0.,1.,-1.224646799147E-16));
#460 = DIRECTION('',(-0.,1.224646799147E-16,1.));
#461 = DEFINITIONAL_REPRESENTATION('',(#462),#466);
#462 = LINE('',#463,#464);
#463 = CARTESIAN_POINT('',(-28.,0.));
#464 = VECTOR('',#465,1.);
#465 = DIRECTION('',(-0.,1.));
#466 = ( GEOMETRIC_REPRESENTATION_CONTEXT(2) 
PARAMETRIC_REPRESENTATION_CONTEXT() REPRESENTATION_CONTEXT('2D SPACE',''
  ) );
#467 = ORIENTED_EDGE('',*,*,#468,.F.);
#468 = EDGE_CURVE('',#142,#441,#469,.T.);
#469 = SURFACE_CURVE('',#470,(#474,#481),.PCURVE_S1.);
#470 = LINE('',#471,#472);
#471 = CARTESIAN_POINT('',(0.,12.,0.));
#472 = VECTOR('',#473,1.);
#473 = DIRECTION('',(0.,1.,-1.224646799147E-16));
#474 = PCURVE('',#44,#475);
#475 = DEFINITIONAL_REPRESENTATION('',(#476),#480);
#476 = LINE('',#477,#478);
#477 = CARTESIAN_POINT('',(0.,24.));
#478 = VECTOR('',#479,1.);
#479 = DIRECTION('',(1.,0.));
#480 = ( GEOMETRIC_REPRESENTATION_CONTEXT(2) 
PARAMETRIC_REPRESENTATION_CONTEXT() REPRESENTATION_CONTEXT('2D SPACE',''
  ) );
#481 = PCURVE('',#482,#487);
#482 = PLANE('',#483);
#483 = AXIS2_PLACEMENT_3D('',#484,#485,#486);
#484 = CARTESIAN_POINT('',(0.,48.,28.));
#485 = DIRECTION('',(1.,0.,0.));
#486 = DIRECTION('',(0.,-1.224646799147E-16,-1.));
#487 = DEFINITIONAL_REPRESENTATION('',(#488),#492);
#488 = LINE('',#489,#490);
#489 = CARTESIAN_POINT('',(28.,-36.));
#490 = VECTOR('',#491,1.);
#491 = DIRECTION('',(0.,1.));
#492 = ( GEOMETRIC_REPRESENTATION_CONTEXT(2) 
PARAMETRIC_REPRESENTATION_CONTEXT() REPRESENTATION_CONTEXT('2D SPACE',''
  ) );
#493 = ADVANCED_FACE('',(#494),#100,.F.);
#494 = FACE_BOUND('',#495,.F.);
#495 = EDGE_LOOP('',(#496,#497,#520,#548));
#496 = ORIENTED_EDGE('',*,*,#84,.T.);
#497 = ORIENTED_EDGE('',*,*,#498,.T.);
#498 = EDGE_CURVE('',#57,#499,#501,.T.);
#499 = VERTEX_POINT('',#500);
#500 = CARTESIAN_POINT('',(36.,29.923003752364,12.07473572998));
#501 = SURFACE_CURVE('',#502,(#506,#513),.PCURVE_S1.);
#502 = LINE('',#503,#504);
#503 = CARTESIAN_POINT('',(36.,30.,10.9));
#504 = VECTOR('',#505,1.);
#505 = DIRECTION('',(0.,-6.540312923014E-02,0.997858923239));
#506 = PCURVE('',#100,#507);
#507 = DEFINITIONAL_REPRESENTATION('',(#508),#512);
#508 = LINE('',#509,#510);
#509 = CARTESIAN_POINT('',(0.,-12.));
#510 = VECTOR('',#511,1.);
#511 = DIRECTION('',(1.,0.));
#512 = ( GEOMETRIC_REPRESENTATION_CONTEXT(2) 
PARAMETRIC_REPRESENTATION_CONTEXT() REPRESENTATION_CONTEXT('2D SPACE',''
  ) );
#513 = PCURVE('',#72,#514);
#514 = DEFINITIONAL_REPRESENTATION('',(#515),#519);
#515 = LINE('',#516,#517);
#516 = CARTESIAN_POINT('',(46.531659068768,15.355189540293));
#517 = VECTOR('',#518,1.);
#518 = DIRECTION('',(-0.997858923239,-6.540312923014E-02));
#519 = ( GEOMETRIC_REPRESENTATION_CONTEXT(2) 
PARAMETRIC_REPRESENTATION_CONTEXT() REPRESENTATION_CONTEXT('2D SPACE',''
  ) );
#520 = ORIENTED_EDGE('',*,*,#521,.F.);
#521 = EDGE_CURVE('',#522,#499,#524,.T.);
#522 = VERTEX_POINT('',#523);
#523 = CARTESIAN_POINT('',(24.,29.923003752364,12.07473572998));
#524 = SURFACE_CURVE('',#525,(#529,#536),.PCURVE_S1.);
#525 = LINE('',#526,#527);
#526 = CARTESIAN_POINT('',(24.,29.923003752364,12.07473572998));
#527 = VECTOR('',#528,1.);
#528 = DIRECTION('',(1.,0.,0.));
#529 = PCURVE('',#100,#530);
#530 = DEFINITIONAL_REPRESENTATION('',(#531),#535);
#531 = LINE('',#532,#533);
#532 = CARTESIAN_POINT('',(1.177256326143,0.));
#533 = VECTOR('',#534,1.);
#534 = DIRECTION('',(0.,-1.));
#535 = ( GEOMETRIC_REPRESENTATION_CONTEXT(2) 
PARAMETRIC_REPRESENTATION_CONTEXT() REPRESENTATION_CONTEXT('2D SPACE',''
  ) );
#536 = PCURVE('',#537,#542);
#537 = PLANE('',#538);
#538 = AXIS2_PLACEMENT_3D('',#539,#540,#541);
#539 = CARTESIAN_POINT('',(24.,29.923003752364,12.07473572998));
#540 = DIRECTION('',(0.,-0.990328509562,-0.138742362485));
#541 = DIRECTION('',(0.,-0.138742362485,0.990328509562));
#542 = DEFINITIONAL_REPRESENTATION('',(#543),#547);
#543 = LINE('',#544,#545);
#544 = CARTESIAN_POINT('',(0.,0.));
#545 = VECTOR('',#546,1.);
#546 = DIRECTION('',(0.,-1.));
#547 = ( GEOMETRIC_REPRESENTATION_CONTEXT(2) 
PARAMETRIC_REPRESENTATION_CONTEXT() REPRESENTATION_CONTEXT('2D SPACE',''
  ) );
#548 = ORIENTED_EDGE('',*,*,#549,.F.);
#549 = EDGE_CURVE('',#85,#522,#550,.T.);
#550 = SURFACE_CURVE('',#551,(#555,#562),.PCURVE_S1.);
#551 = LINE('',#552,#553);
#552 = CARTESIAN_POINT('',(24.,30.,10.9));
#553 = VECTOR('',#554,1.);
#554 = DIRECTION('',(0.,-6.540312923014E-02,0.997858923239));
#555 = PCURVE('',#100,#556);
#556 = DEFINITIONAL_REPRESENTATION('',(#557),#561);
#557 = LINE('',#558,#559);
#558 = CARTESIAN_POINT('',(0.,0.));
#559 = VECTOR('',#560,1.);
#560 = DIRECTION('',(1.,0.));
#561 = ( GEOMETRIC_REPRESENTATION_CONTEXT(2) 
PARAMETRIC_REPRESENTATION_CONTEXT() REPRESENTATION_CONTEXT('2D SPACE',''
  ) );
#562 = PCURVE('',#126,#563);
#563 = DEFINITIONAL_REPRESENTATION('',(#564),#568);
#564 = LINE('',#565,#566);
#565 = CARTESIAN_POINT('',(17.1,-18.));
#566 = VECTOR('',#567,1.);
#567 = DIRECTION('',(-0.997858923239,-6.540312923014E-02));
#568 = ( GEOMETRIC_REPRESENTATION_CONTEXT(2) 
PARAMETRIC_REPRESENTATION_CONTEXT() REPRESENTATION_CONTEXT('2D SPACE',''
  ) );
#569 = ADVANCED_FACE('',(#570),#126,.T.);
#570 = FACE_BOUND('',#571,.T.);
#571 = EDGE_LOOP('',(#572,#573,#596,#624,#645,#646));
#572 = ORIENTED_EDGE('',*,*,#221,.F.);
#573 = ORIENTED_EDGE('',*,*,#574,.F.);
#574 = EDGE_CURVE('',#575,#222,#577,.T.);
#575 = VERTEX_POINT('',#576);
#576 = CARTESIAN_POINT('',(24.,48.,28.));
#577 = SURFACE_CURVE('',#578,(#582,#589),.PCURVE_S1.);
#578 = LINE('',#579,#580);
#579 = CARTESIAN_POINT('',(24.,48.,28.));
#580 = VECTOR('',#581,1.);
#581 = DIRECTION('',(0.,-1.224646799147E-16,-1.));
#582 = PCURVE('',#126,#583);
#583 = DEFINITIONAL_REPRESENTATION('',(#584),#588);
#584 = LINE('',#585,#586);
#585 = CARTESIAN_POINT('',(0.,0.));
#586 = VECTOR('',#587,1.);
#587 = DIRECTION('',(1.,0.));
#588 = ( GEOMETRIC_REPRESENTATION_CONTEXT(2) 
PARAMETRIC_REPRESENTATION_CONTEXT() REPRESENTATION_CONTEXT('2D SPACE',''
  ) );
#589 = PCURVE('',#260,#590);
#590 = DEFINITIONAL_REPRESENTATION('',(#591),#595);
#591 = LINE('',#592,#593);
#592 = CARTESIAN_POINT('',(0.,24.));
#593 = VECTOR('',#594,1.);
#594 = DIRECTION('',(1.,0.));
#595 = ( GEOMETRIC_REPRESENTATION_CONTEXT(2) 
PARAMETRIC_REPRESENTATION_CONTEXT() REPRESENTATION_CONTEXT('2D SPACE',''
  ) );
#596 = ORIENTED_EDGE('',*,*,#597,.T.);
#597 = EDGE_CURVE('',#575,#598,#600,.T.);
#598 = VERTEX_POINT('',#599);
#599 = CARTESIAN_POINT('',(24.,27.691917030453,28.));
#600 = SURFACE_CURVE('',#601,(#605,#612),.PCURVE_S1.);
#601 = LINE('',#602,#603);
#602 = CARTESIAN_POINT('',(24.,48.,28.));
#603 = VECTOR('',#604,1.);
#604 = DIRECTION('',(0.,-1.,1.224646799147E-16));
#605 = PCURVE('',#126,#606);
#606 = DEFINITIONAL_REPRESENTATION('',(#607),#611);
#607 = LINE('',#608,#609);
#608 = CARTESIAN_POINT('',(0.,0.));
#609 = VECTOR('',#610,1.);
#610 = DIRECTION('',(0.,-1.));
#611 = ( GEOMETRIC_REPRESENTATION_CONTEXT(2) 
PARAMETRIC_REPRESENTATION_CONTEXT() REPRESENTATION_CONTEXT('2D SPACE',''
  ) );
#612 = PCURVE('',#613,#618);
#613 = PLANE('',#614);
#614 = AXIS2_PLACEMENT_3D('',#615,#616,#617);
#615 = CARTESIAN_POINT('',(0.,48.,28.));
#616 = DIRECTION('',(0.,-1.224646799147E-16,-1.));
#617 = DIRECTION('',(1.,0.,0.));
#618 = DEFINITIONAL_REPRESENTATION('',(#619),#623);
#619 = LINE('',#620,#621);
#620 = CARTESIAN_POINT('',(24.,0.));
#621 = VECTOR('',#622,1.);
#622 = DIRECTION('',(0.,1.));
#623 = ( GEOMETRIC_REPRESENTATION_CONTEXT(2) 
PARAMETRIC_REPRESENTATION_CONTEXT() REPRESENTATION_CONTEXT('2D SPACE',''
  ) );
#624 = ORIENTED_EDGE('',*,*,#625,.F.);
#625 = EDGE_CURVE('',#522,#598,#626,.T.);
#626 = SURFACE_CURVE('',#627,(#631,#638),.PCURVE_S1.);
#627 = LINE('',#628,#629);
#628 = CARTESIAN_POINT('',(24.,29.923003752364,12.07473572998));
#629 = VECTOR('',#630,1.);
#630 = DIRECTION('',(0.,-0.138742362485,0.990328509562));
#631 = PCURVE('',#126,#632);
#632 = DEFINITIONAL_REPRESENTATION('',(#633),#637);
#633 = LINE('',#634,#635);
#634 = CARTESIAN_POINT('',(15.92526427002,-18.07699624763));
#635 = VECTOR('',#636,1.);
#636 = DIRECTION('',(-0.990328509562,-0.138742362485));
#637 = ( GEOMETRIC_REPRESENTATION_CONTEXT(2) 
PARAMETRIC_REPRESENTATION_CONTEXT() REPRESENTATION_CONTEXT('2D SPACE',''
  ) );
#638 = PCURVE('',#537,#639);
#639 = DEFINITIONAL_REPRESENTATION('',(#640),#644);
#640 = LINE('',#641,#642);
#641 = CARTESIAN_POINT('',(0.,0.));
#642 = VECTOR('',#643,1.);
#643 = DIRECTION('',(1.,0.));
#644 = ( GEOMETRIC_REPRESENTATION_CONTEXT(2) 
PARAMETRIC_REPRESENTATION_CONTEXT() REPRESENTATION_CONTEXT('2D SPACE',''
  ) );
#645 = ORIENTED_EDGE('',*,*,#549,.F.);
#646 = ORIENTED_EDGE('',*,*,#112,.F.);
#647 = ADVANCED_FACE('',(#648,#725),#72,.T.);
#648 = FACE_BOUND('',#649,.T.);
#649 = EDGE_LOOP('',(#650,#651,#652,#653,#676,#704));
#650 = ORIENTED_EDGE('',*,*,#199,.T.);
#651 = ORIENTED_EDGE('',*,*,#56,.T.);
#652 = ORIENTED_EDGE('',*,*,#498,.T.);
#653 = ORIENTED_EDGE('',*,*,#654,.T.);
#654 = EDGE_CURVE('',#499,#655,#657,.T.);
#655 = VERTEX_POINT('',#656);
#656 = CARTESIAN_POINT('',(36.,19.706370229303,85.));
#657 = SURFACE_CURVE('',#658,(#662,#669),.PCURVE_S1.);
#658 = LINE('',#659,#660);
#659 = CARTESIAN_POINT('',(36.,29.923003752364,12.07473572998));
#660 = VECTOR('',#661,1.);
#661 = DIRECTION('',(0.,-0.138742362485,0.990328509562));
#662 = PCURVE('',#72,#663);
#663 = DEFINITIONAL_REPRESENTATION('',(#664),#668);
#664 = LINE('',#665,#666);
#665 = CARTESIAN_POINT('',(45.356923338788,15.278193292657));
#666 = VECTOR('',#667,1.);
#667 = DIRECTION('',(-0.990328509562,-0.138742362485));
#668 = ( GEOMETRIC_REPRESENTATION_CONTEXT(2) 
PARAMETRIC_REPRESENTATION_CONTEXT() REPRESENTATION_CONTEXT('2D SPACE',''
  ) );
#669 = PCURVE('',#537,#670);
#670 = DEFINITIONAL_REPRESENTATION('',(#671),#675);
#671 = LINE('',#672,#673);
#672 = CARTESIAN_POINT('',(0.,-12.));
#673 = VECTOR('',#674,1.);
#674 = DIRECTION('',(1.,0.));
#675 = ( GEOMETRIC_REPRESENTATION_CONTEXT(2) 
PARAMETRIC_REPRESENTATION_CONTEXT() REPRESENTATION_CONTEXT('2D SPACE',''
  ) );
#676 = ORIENTED_EDGE('',*,*,#677,.F.);
#677 = EDGE_CURVE('',#678,#655,#680,.T.);
#678 = VERTEX_POINT('',#679);
#679 = CARTESIAN_POINT('',(36.,2.768055998989,85.));
#680 = SURFACE_CURVE('',#681,(#685,#692),.PCURVE_S1.);
#681 = LINE('',#682,#683);
#682 = CARTESIAN_POINT('',(36.,55.322405229854,85.));
#683 = VECTOR('',#684,1.);
#684 = DIRECTION('',(0.,1.,-1.224646799147E-16));
#685 = PCURVE('',#72,#686);
#686 = DEFINITIONAL_REPRESENTATION('',(#687),#691);
#687 = LINE('',#688,#689);
#688 = CARTESIAN_POINT('',(-27.56834093123,40.677594770146));
#689 = VECTOR('',#690,1.);
#690 = DIRECTION('',(0.,1.));
#691 = ( GEOMETRIC_REPRESENTATION_CONTEXT(2) 
PARAMETRIC_REPRESENTATION_CONTEXT() REPRESENTATION_CONTEXT('2D SPACE',''
  ) );
#692 = PCURVE('',#693,#698);
#693 = PLANE('',#694);
#694 = AXIS2_PLACEMENT_3D('',#695,#696,#697);
#695 = CARTESIAN_POINT('',(33.,96.,85.));
#696 = DIRECTION('',(0.,-1.224646799147E-16,-1.));
#697 = DIRECTION('',(1.,0.,0.));
#698 = DEFINITIONAL_REPRESENTATION('',(#699),#703);
#699 = LINE('',#700,#701);
#700 = CARTESIAN_POINT('',(3.,40.677594770146));
#701 = VECTOR('',#702,1.);
#702 = DIRECTION('',(0.,-1.));
#703 = ( GEOMETRIC_REPRESENTATION_CONTEXT(2) 
PARAMETRIC_REPRESENTATION_CONTEXT() REPRESENTATION_CONTEXT('2D SPACE',''
  ) );
#704 = ORIENTED_EDGE('',*,*,#705,.T.);
#705 = EDGE_CURVE('',#678,#172,#706,.T.);
#706 = SURFACE_CURVE('',#707,(#711,#718),.PCURVE_S1.);
#707 = LINE('',#708,#709);
#708 = CARTESIAN_POINT('',(36.,6.84411090095E-02,109.85579046224));
#709 = VECTOR('',#710,1.);
#710 = DIRECTION('',(0.,0.107976109869,-0.994153489003));
#711 = PCURVE('',#72,#712);
#712 = DEFINITIONAL_REPRESENTATION('',(#713),#717);
#713 = LINE('',#714,#715);
#714 = CARTESIAN_POINT('',(-52.42413139347,-14.57636935069));
#715 = VECTOR('',#716,1.);
#716 = DIRECTION('',(0.994153489003,0.107976109869));
#717 = ( GEOMETRIC_REPRESENTATION_CONTEXT(2) 
PARAMETRIC_REPRESENTATION_CONTEXT() REPRESENTATION_CONTEXT('2D SPACE',''
  ) );
#718 = PCURVE('',#187,#719);
#719 = DEFINITIONAL_REPRESENTATION('',(#720),#724);
#720 = LINE('',#721,#722);
#721 = CARTESIAN_POINT('',(0.,-12.));
#722 = VECTOR('',#723,1.);
#723 = DIRECTION('',(1.,0.));
#724 = ( GEOMETRIC_REPRESENTATION_CONTEXT(2) 
PARAMETRIC_REPRESENTATION_CONTEXT() REPRESENTATION_CONTEXT('2D SPACE',''
  ) );
#725 = FACE_BOUND('',#726,.T.);
#726 = EDGE_LOOP('',(#727));
#727 = ORIENTED_EDGE('',*,*,#728,.F.);
#728 = EDGE_CURVE('',#729,#729,#731,.T.);
#729 = VERTEX_POINT('',#730);
#730 = CARTESIAN_POINT('',(36.,21.,7.6));
#731 = SURFACE_CURVE('',#732,(#737,#744),.PCURVE_S1.);
#732 = CIRCLE('',#733,3.3);
#733 = AXIS2_PLACEMENT_3D('',#734,#735,#736);
#734 = CARTESIAN_POINT('',(36.,21.,10.9));
#735 = DIRECTION('',(1.,0.,0.));
#736 = DIRECTION('',(0.,-1.224646799147E-16,-1.));
#737 = PCURVE('',#72,#738);
#738 = DEFINITIONAL_REPRESENTATION('',(#739),#743);
#739 = CIRCLE('',#740,3.3);
#740 = AXIS2_PLACEMENT_2D('',#741,#742);
#741 = CARTESIAN_POINT('',(46.531659068768,6.355189540293));
#742 = DIRECTION('',(1.,0.));
#743 = ( GEOMETRIC_REPRESENTATION_CONTEXT(2) 
PARAMETRIC_REPRESENTATION_CONTEXT() REPRESENTATION_CONTEXT('2D SPACE',''
  ) );
#744 = PCURVE('',#745,#750);
#745 = CYLINDRICAL_SURFACE('',#746,3.3);
#746 = AXIS2_PLACEMENT_3D('',#747,#748,#749);
#747 = CARTESIAN_POINT('',(30.,21.,10.9));
#748 = DIRECTION('',(1.,0.,0.));
#749 = DIRECTION('',(0.,-1.224646799147E-16,-1.));
#750 = DEFINITIONAL_REPRESENTATION('',(#751),#755);
#751 = LINE('',#752,#753);
#752 = CARTESIAN_POINT('',(0.,6.));
#753 = VECTOR('',#754,1.);
#754 = DIRECTION('',(1.,0.));
#755 = ( GEOMETRIC_REPRESENTATION_CONTEXT(2) 
PARAMETRIC_REPRESENTATION_CONTEXT() REPRESENTATION_CONTEXT('2D SPACE',''
  ) );
#756 = ADVANCED_FACE('',(#757),#159,.T.);
#757 = FACE_BOUND('',#758,.T.);
#758 = EDGE_LOOP('',(#759,#784,#805,#806));
#759 = ORIENTED_EDGE('',*,*,#760,.F.);
#760 = EDGE_CURVE('',#761,#763,#765,.T.);
#761 = VERTEX_POINT('',#762);
#762 = CARTESIAN_POINT('',(0.,12.,28.));
#763 = VERTEX_POINT('',#764);
#764 = CARTESIAN_POINT('',(24.,12.,28.));
#765 = SURFACE_CURVE('',#766,(#770,#777),.PCURVE_S1.);
#766 = LINE('',#767,#768);
#767 = CARTESIAN_POINT('',(0.,12.,28.));
#768 = VECTOR('',#769,1.);
#769 = DIRECTION('',(1.,0.,0.));
#770 = PCURVE('',#159,#771);
#771 = DEFINITIONAL_REPRESENTATION('',(#772),#776);
#772 = LINE('',#773,#774);
#773 = CARTESIAN_POINT('',(0.,0.));
#774 = VECTOR('',#775,1.);
#775 = DIRECTION('',(0.,1.));
#776 = ( GEOMETRIC_REPRESENTATION_CONTEXT(2) 
PARAMETRIC_REPRESENTATION_CONTEXT() REPRESENTATION_CONTEXT('2D SPACE',''
  ) );
#777 = PCURVE('',#613,#778);
#778 = DEFINITIONAL_REPRESENTATION('',(#779),#783);
#779 = LINE('',#780,#781);
#780 = CARTESIAN_POINT('',(0.,36.));
#781 = VECTOR('',#782,1.);
#782 = DIRECTION('',(1.,0.));
#783 = ( GEOMETRIC_REPRESENTATION_CONTEXT(2) 
PARAMETRIC_REPRESENTATION_CONTEXT() REPRESENTATION_CONTEXT('2D SPACE',''
  ) );
#784 = ORIENTED_EDGE('',*,*,#785,.T.);
#785 = EDGE_CURVE('',#761,#142,#786,.T.);
#786 = SURFACE_CURVE('',#787,(#791,#798),.PCURVE_S1.);
#787 = LINE('',#788,#789);
#788 = CARTESIAN_POINT('',(0.,12.,28.));
#789 = VECTOR('',#790,1.);
#790 = DIRECTION('',(0.,-1.224646799147E-16,-1.));
#791 = PCURVE('',#159,#792);
#792 = DEFINITIONAL_REPRESENTATION('',(#793),#797);
#793 = LINE('',#794,#795);
#794 = CARTESIAN_POINT('',(0.,0.));
#795 = VECTOR('',#796,1.);
#796 = DIRECTION('',(1.,0.));
#797 = ( GEOMETRIC_REPRESENTATION_CONTEXT(2) 
PARAMETRIC_REPRESENTATION_CONTEXT() REPRESENTATION_CONTEXT('2D SPACE',''
  ) );
#798 = PCURVE('',#482,#799);
#799 = DEFINITIONAL_REPRESENTATION('',(#800),#804);
#800 = LINE('',#801,#802);
#801 = CARTESIAN_POINT('',(4.40872847693E-15,-36.));
#802 = VECTOR('',#803,1.);
#803 = DIRECTION('',(1.,0.));
#804 = ( GEOMETRIC_REPRESENTATION_CONTEXT(2) 
PARAMETRIC_REPRESENTATION_CONTEXT() REPRESENTATION_CONTEXT('2D SPACE',''
  ) );
#805 = ORIENTED_EDGE('',*,*,#141,.T.);
#806 = ORIENTED_EDGE('',*,*,#807,.F.);
#807 = EDGE_CURVE('',#763,#144,#808,.T.);
#808 = SURFACE_CURVE('',#809,(#813,#820),.PCURVE_S1.);
#809 = LINE('',#810,#811);
#810 = CARTESIAN_POINT('',(24.,12.,28.));
#811 = VECTOR('',#812,1.);
#812 = DIRECTION('',(0.,-1.224646799147E-16,-1.));
#813 = PCURVE('',#159,#814);
#814 = DEFINITIONAL_REPRESENTATION('',(#815),#819);
#815 = LINE('',#816,#817);
#816 = CARTESIAN_POINT('',(0.,24.));
#817 = VECTOR('',#818,1.);
#818 = DIRECTION('',(1.,0.));
#819 = ( GEOMETRIC_REPRESENTATION_CONTEXT(2) 
PARAMETRIC_REPRESENTATION_CONTEXT() REPRESENTATION_CONTEXT('2D SPACE',''
  ) );
#820 = PCURVE('',#821,#826);
#821 = PLANE('',#822);
#822 = AXIS2_PLACEMENT_3D('',#823,#824,#825);
#823 = CARTESIAN_POINT('',(24.,14.644810459707,57.431659068768));
#824 = DIRECTION('',(1.,0.,0.));
#825 = DIRECTION('',(0.,-1.224646799147E-16,-1.));
#826 = DEFINITIONAL_REPRESENTATION('',(#827),#831);
#827 = LINE('',#828,#829);
#828 = CARTESIAN_POINT('',(29.431659068768,-2.644810459707));
#829 = VECTOR('',#830,1.);
#830 = DIRECTION('',(1.,0.));
#831 = ( GEOMETRIC_REPRESENTATION_CONTEXT(2) 
PARAMETRIC_REPRESENTATION_CONTEXT() REPRESENTATION_CONTEXT('2D SPACE',''
  ) );
#832 = ADVANCED_FACE('',(#833),#187,.F.);
#833 = FACE_BOUND('',#834,.F.);
#834 = EDGE_LOOP('',(#835,#858,#886,#914,#935,#936));
#835 = ORIENTED_EDGE('',*,*,#836,.F.);
#836 = EDGE_CURVE('',#837,#144,#839,.T.);
#837 = VERTEX_POINT('',#838);
#838 = CARTESIAN_POINT('',(24.,6.84411090095E-02,109.85579046224));
#839 = SURFACE_CURVE('',#840,(#844,#851),.PCURVE_S1.);
#840 = LINE('',#841,#842);
#841 = CARTESIAN_POINT('',(24.,6.84411090095E-02,109.85579046224));
#842 = VECTOR('',#843,1.);
#843 = DIRECTION('',(0.,0.107976109869,-0.994153489003));
#844 = PCURVE('',#187,#845);
#845 = DEFINITIONAL_REPRESENTATION('',(#846),#850);
#846 = LINE('',#847,#848);
#847 = CARTESIAN_POINT('',(0.,0.));
#848 = VECTOR('',#849,1.);
#849 = DIRECTION('',(1.,0.));
#850 = ( GEOMETRIC_REPRESENTATION_CONTEXT(2) 
PARAMETRIC_REPRESENTATION_CONTEXT() REPRESENTATION_CONTEXT('2D SPACE',''
  ) );
#851 = PCURVE('',#821,#852);
#852 = DEFINITIONAL_REPRESENTATION('',(#853),#857);
#853 = LINE('',#854,#855);
#854 = CARTESIAN_POINT('',(-52.42413139347,-14.57636935069));
#855 = VECTOR('',#856,1.);
#856 = DIRECTION('',(0.994153489003,0.107976109869));
#857 = ( GEOMETRIC_REPRESENTATION_CONTEXT(2) 
PARAMETRIC_REPRESENTATION_CONTEXT() REPRESENTATION_CONTEXT('2D SPACE',''
  ) );
#858 = ORIENTED_EDGE('',*,*,#859,.T.);
#859 = EDGE_CURVE('',#837,#860,#862,.T.);
#860 = VERTEX_POINT('',#861);
#861 = CARTESIAN_POINT('',(33.,6.84411090095E-02,109.85579046224));
#862 = SURFACE_CURVE('',#863,(#867,#874),.PCURVE_S1.);
#863 = LINE('',#864,#865);
#864 = CARTESIAN_POINT('',(24.,6.84411090095E-02,109.85579046224));
#865 = VECTOR('',#866,1.);
#866 = DIRECTION('',(1.,0.,0.));
#867 = PCURVE('',#187,#868);
#868 = DEFINITIONAL_REPRESENTATION('',(#869),#873);
#869 = LINE('',#870,#871);
#870 = CARTESIAN_POINT('',(0.,0.));
#871 = VECTOR('',#872,1.);
#872 = DIRECTION('',(0.,-1.));
#873 = ( GEOMETRIC_REPRESENTATION_CONTEXT(2) 
PARAMETRIC_REPRESENTATION_CONTEXT() REPRESENTATION_CONTEXT('2D SPACE',''
  ) );
#874 = PCURVE('',#875,#880);
#875 = PLANE('',#876);
#876 = AXIS2_PLACEMENT_3D('',#877,#878,#879);
#877 = CARTESIAN_POINT('',(24.,0.,110.9));
#878 = DIRECTION('',(0.,0.997858923239,6.540312923014E-02));
#879 = DIRECTION('',(0.,6.540312923014E-02,-0.997858923239));
#880 = DEFINITIONAL_REPRESENTATION('',(#881),#885);
#881 = LINE('',#882,#883);
#882 = CARTESIAN_POINT('',(1.046450067682,0.));
#883 = VECTOR('',#884,1.);
#884 = DIRECTION('',(0.,-1.));
#885 = ( GEOMETRIC_REPRESENTATION_CONTEXT(2) 
PARAMETRIC_REPRESENTATION_CONTEXT() REPRESENTATION_CONTEXT('2D SPACE',''
  ) );
#886 = ORIENTED_EDGE('',*,*,#887,.T.);
#887 = EDGE_CURVE('',#860,#888,#890,.T.);
#888 = VERTEX_POINT('',#889);
#889 = CARTESIAN_POINT('',(33.,2.768055998989,85.));
#890 = SURFACE_CURVE('',#891,(#895,#902),.PCURVE_S1.);
#891 = LINE('',#892,#893);
#892 = CARTESIAN_POINT('',(33.,-14.9450734239,248.08764446368));
#893 = VECTOR('',#894,1.);
#894 = DIRECTION('',(0.,0.107976109869,-0.994153489003));
#895 = PCURVE('',#187,#896);
#896 = DEFINITIONAL_REPRESENTATION('',(#897),#901);
#897 = LINE('',#898,#899);
#898 = CARTESIAN_POINT('',(-139.0447808416,-9.));
#899 = VECTOR('',#900,1.);
#900 = DIRECTION('',(1.,0.));
#901 = ( GEOMETRIC_REPRESENTATION_CONTEXT(2) 
PARAMETRIC_REPRESENTATION_CONTEXT() REPRESENTATION_CONTEXT('2D SPACE',''
  ) );
#902 = PCURVE('',#903,#908);
#903 = PLANE('',#904);
#904 = AXIS2_PLACEMENT_3D('',#905,#906,#907);
#905 = CARTESIAN_POINT('',(33.,96.,400.));
#906 = DIRECTION('',(1.,0.,0.));
#907 = DIRECTION('',(0.,-1.224646799147E-16,-1.));
#908 = DEFINITIONAL_REPRESENTATION('',(#909),#913);
#909 = LINE('',#910,#911);
#910 = CARTESIAN_POINT('',(151.91235553631,-110.9450734239));
#911 = VECTOR('',#912,1.);
#912 = DIRECTION('',(0.994153489003,0.107976109869));
#913 = ( GEOMETRIC_REPRESENTATION_CONTEXT(2) 
PARAMETRIC_REPRESENTATION_CONTEXT() REPRESENTATION_CONTEXT('2D SPACE',''
  ) );
#914 = ORIENTED_EDGE('',*,*,#915,.F.);
#915 = EDGE_CURVE('',#678,#888,#916,.T.);
#916 = SURFACE_CURVE('',#917,(#921,#928),.PCURVE_S1.);
#917 = LINE('',#918,#919);
#918 = CARTESIAN_POINT('',(28.5,2.768055998989,85.));
#919 = VECTOR('',#920,1.);
#920 = DIRECTION('',(-1.,0.,-0.));
#921 = PCURVE('',#187,#922);
#922 = DEFINITIONAL_REPRESENTATION('',(#923),#927);
#923 = LINE('',#924,#925);
#924 = CARTESIAN_POINT('',(25.001964723936,-4.5));
#925 = VECTOR('',#926,1.);
#926 = DIRECTION('',(0.,1.));
#927 = ( GEOMETRIC_REPRESENTATION_CONTEXT(2) 
PARAMETRIC_REPRESENTATION_CONTEXT() REPRESENTATION_CONTEXT('2D SPACE',''
  ) );
#928 = PCURVE('',#693,#929);
#929 = DEFINITIONAL_REPRESENTATION('',(#930),#934);
#930 = LINE('',#931,#932);
#931 = CARTESIAN_POINT('',(-4.5,93.231944001011));
#932 = VECTOR('',#933,1.);
#933 = DIRECTION('',(-1.,0.));
#934 = ( GEOMETRIC_REPRESENTATION_CONTEXT(2) 
PARAMETRIC_REPRESENTATION_CONTEXT() REPRESENTATION_CONTEXT('2D SPACE',''
  ) );
#935 = ORIENTED_EDGE('',*,*,#705,.T.);
#936 = ORIENTED_EDGE('',*,*,#171,.F.);
#937 = ADVANCED_FACE('',(#938),#260,.F.);
#938 = FACE_BOUND('',#939,.F.);
#939 = EDGE_LOOP('',(#940,#941,#964,#987,#1015,#1036));
#940 = ORIENTED_EDGE('',*,*,#574,.F.);
#941 = ORIENTED_EDGE('',*,*,#942,.F.);
#942 = EDGE_CURVE('',#943,#575,#945,.T.);
#943 = VERTEX_POINT('',#944);
#944 = CARTESIAN_POINT('',(0.,48.,28.));
#945 = SURFACE_CURVE('',#946,(#950,#957),.PCURVE_S1.);
#946 = LINE('',#947,#948);
#947 = CARTESIAN_POINT('',(0.,48.,28.));
#948 = VECTOR('',#949,1.);
#949 = DIRECTION('',(1.,0.,0.));
#950 = PCURVE('',#260,#951);
#951 = DEFINITIONAL_REPRESENTATION('',(#952),#956);
#952 = LINE('',#953,#954);
#953 = CARTESIAN_POINT('',(0.,0.));
#954 = VECTOR('',#955,1.);
#955 = DIRECTION('',(0.,1.));
#956 = ( GEOMETRIC_REPRESENTATION_CONTEXT(2) 
PARAMETRIC_REPRESENTATION_CONTEXT() REPRESENTATION_CONTEXT('2D SPACE',''
  ) );
#957 = PCURVE('',#613,#958);
#958 = DEFINITIONAL_REPRESENTATION('',(#959),#963);
#959 = LINE('',#960,#961);
#960 = CARTESIAN_POINT('',(0.,0.));
#961 = VECTOR('',#962,1.);
#962 = DIRECTION('',(1.,0.));
#963 = ( GEOMETRIC_REPRESENTATION_CONTEXT(2) 
PARAMETRIC_REPRESENTATION_CONTEXT() REPRESENTATION_CONTEXT('2D SPACE',''
  ) );
#964 = ORIENTED_EDGE('',*,*,#965,.T.);
#965 = EDGE_CURVE('',#943,#966,#968,.T.);
#966 = VERTEX_POINT('',#967);
#967 = CARTESIAN_POINT('',(0.,48.,26.));
#968 = SURFACE_CURVE('',#969,(#973,#980),.PCURVE_S1.);
#969 = LINE('',#970,#971);
#970 = CARTESIAN_POINT('',(0.,48.,28.));
#971 = VECTOR('',#972,1.);
#972 = DIRECTION('',(0.,-1.224646799147E-16,-1.));
#973 = PCURVE('',#260,#974);
#974 = DEFINITIONAL_REPRESENTATION('',(#975),#979);
#975 = LINE('',#976,#977);
#976 = CARTESIAN_POINT('',(0.,0.));
#977 = VECTOR('',#978,1.);
#978 = DIRECTION('',(1.,0.));
#979 = ( GEOMETRIC_REPRESENTATION_CONTEXT(2) 
PARAMETRIC_REPRESENTATION_CONTEXT() REPRESENTATION_CONTEXT('2D SPACE',''
  ) );
#980 = PCURVE('',#482,#981);
#981 = DEFINITIONAL_REPRESENTATION('',(#982),#986);
#982 = LINE('',#983,#984);
#983 = CARTESIAN_POINT('',(0.,0.));
#984 = VECTOR('',#985,1.);
#985 = DIRECTION('',(1.,0.));
#986 = ( GEOMETRIC_REPRESENTATION_CONTEXT(2) 
PARAMETRIC_REPRESENTATION_CONTEXT() REPRESENTATION_CONTEXT('2D SPACE',''
  ) );
#987 = ORIENTED_EDGE('',*,*,#988,.T.);
#988 = EDGE_CURVE('',#966,#989,#991,.T.);
#989 = VERTEX_POINT('',#990);
#990 = CARTESIAN_POINT('',(6.,48.,26.));
#991 = SURFACE_CURVE('',#992,(#996,#1003),.PCURVE_S1.);
#992 = LINE('',#993,#994);
#993 = CARTESIAN_POINT('',(0.,48.,26.));
#994 = VECTOR('',#995,1.);
#995 = DIRECTION('',(1.,0.,0.));
#996 = PCURVE('',#260,#997);
#997 = DEFINITIONAL_REPRESENTATION('',(#998),#1002);
#998 = LINE('',#999,#1000);
#999 = CARTESIAN_POINT('',(2.,0.));
#1000 = VECTOR('',#1001,1.);
#1001 = DIRECTION('',(0.,1.));
#1002 = ( GEOMETRIC_REPRESENTATION_CONTEXT(2) 
PARAMETRIC_REPRESENTATION_CONTEXT() REPRESENTATION_CONTEXT('2D SPACE',''
  ) );
#1003 = PCURVE('',#1004,#1009);
#1004 = PLANE('',#1005);
#1005 = AXIS2_PLACEMENT_3D('',#1006,#1007,#1008);
#1006 = CARTESIAN_POINT('',(0.,162.,26.));
#1007 = DIRECTION('',(0.,-1.224646799147E-16,-1.));
#1008 = DIRECTION('',(1.,0.,0.));
#1009 = DEFINITIONAL_REPRESENTATION('',(#1010),#1014);
#1010 = LINE('',#1011,#1012);
#1011 = CARTESIAN_POINT('',(0.,114.));
#1012 = VECTOR('',#1013,1.);
#1013 = DIRECTION('',(1.,0.));
#1014 = ( GEOMETRIC_REPRESENTATION_CONTEXT(2) 
PARAMETRIC_REPRESENTATION_CONTEXT() REPRESENTATION_CONTEXT('2D SPACE',''
  ) );
#1015 = ORIENTED_EDGE('',*,*,#1016,.F.);
#1016 = EDGE_CURVE('',#245,#989,#1017,.T.);
#1017 = SURFACE_CURVE('',#1018,(#1022,#1029),.PCURVE_S1.);
#1018 = LINE('',#1019,#1020);
#1019 = CARTESIAN_POINT('',(6.,48.,27.));
#1020 = VECTOR('',#1021,1.);
#1021 = DIRECTION('',(0.,1.224646799147E-16,1.));
#1022 = PCURVE('',#260,#1023);
#1023 = DEFINITIONAL_REPRESENTATION('',(#1024),#1028);
#1024 = LINE('',#1025,#1026);
#1025 = CARTESIAN_POINT('',(1.,6.));
#1026 = VECTOR('',#1027,1.);
#1027 = DIRECTION('',(-1.,0.));
#1028 = ( GEOMETRIC_REPRESENTATION_CONTEXT(2) 
PARAMETRIC_REPRESENTATION_CONTEXT() REPRESENTATION_CONTEXT('2D SPACE',''
  ) );
#1029 = PCURVE('',#288,#1030);
#1030 = DEFINITIONAL_REPRESENTATION('',(#1031),#1035);
#1031 = LINE('',#1032,#1033);
#1032 = CARTESIAN_POINT('',(-1.,-114.));
#1033 = VECTOR('',#1034,1.);
#1034 = DIRECTION('',(-1.,0.));
#1035 = ( GEOMETRIC_REPRESENTATION_CONTEXT(2) 
PARAMETRIC_REPRESENTATION_CONTEXT() REPRESENTATION_CONTEXT('2D SPACE',''
  ) );
#1036 = ORIENTED_EDGE('',*,*,#244,.T.);
#1037 = ADVANCED_FACE('',(#1038),#288,.T.);
#1038 = FACE_BOUND('',#1039,.T.);
#1039 = EDGE_LOOP('',(#1040,#1041,#1064,#1085));
#1040 = ORIENTED_EDGE('',*,*,#272,.F.);
#1041 = ORIENTED_EDGE('',*,*,#1042,.T.);
#1042 = EDGE_CURVE('',#273,#1043,#1045,.T.);
#1043 = VERTEX_POINT('',#1044);
#1044 = CARTESIAN_POINT('',(6.,144.,26.));
#1045 = SURFACE_CURVE('',#1046,(#1050,#1057),.PCURVE_S1.);
#1046 = LINE('',#1047,#1048);
#1047 = CARTESIAN_POINT('',(6.,144.,27.));
#1048 = VECTOR('',#1049,1.);
#1049 = DIRECTION('',(0.,1.224646799147E-16,1.));
#1050 = PCURVE('',#288,#1051);
#1051 = DEFINITIONAL_REPRESENTATION('',(#1052),#1056);
#1052 = LINE('',#1053,#1054);
#1053 = CARTESIAN_POINT('',(-1.,-18.));
#1054 = VECTOR('',#1055,1.);
#1055 = DIRECTION('',(-1.,0.));
#1056 = ( GEOMETRIC_REPRESENTATION_CONTEXT(2) 
PARAMETRIC_REPRESENTATION_CONTEXT() REPRESENTATION_CONTEXT('2D SPACE',''
  ) );
#1057 = PCURVE('',#316,#1058);
#1058 = DEFINITIONAL_REPRESENTATION('',(#1059),#1063);
#1059 = LINE('',#1060,#1061);
#1060 = CARTESIAN_POINT('',(-1.,6.));
#1061 = VECTOR('',#1062,1.);
#1062 = DIRECTION('',(1.,-0.));
#1063 = ( GEOMETRIC_REPRESENTATION_CONTEXT(2) 
PARAMETRIC_REPRESENTATION_CONTEXT() REPRESENTATION_CONTEXT('2D SPACE',''
  ) );
#1064 = ORIENTED_EDGE('',*,*,#1065,.T.);
#1065 = EDGE_CURVE('',#1043,#989,#1066,.T.);
#1066 = SURFACE_CURVE('',#1067,(#1071,#1078),.PCURVE_S1.);
#1067 = LINE('',#1068,#1069);
#1068 = CARTESIAN_POINT('',(6.,162.,26.));
#1069 = VECTOR('',#1070,1.);
#1070 = DIRECTION('',(0.,-1.,1.224646799147E-16));
#1071 = PCURVE('',#288,#1072);
#1072 = DEFINITIONAL_REPRESENTATION('',(#1073),#1077);
#1073 = LINE('',#1074,#1075);
#1074 = CARTESIAN_POINT('',(0.,0.));
#1075 = VECTOR('',#1076,1.);
#1076 = DIRECTION('',(0.,-1.));
#1077 = ( GEOMETRIC_REPRESENTATION_CONTEXT(2) 
PARAMETRIC_REPRESENTATION_CONTEXT() REPRESENTATION_CONTEXT('2D SPACE',''
  ) );
#1078 = PCURVE('',#1004,#1079);
#1079 = DEFINITIONAL_REPRESENTATION('',(#1080),#1084);
#1080 = LINE('',#1081,#1082);
#1081 = CARTESIAN_POINT('',(6.,0.));
#1082 = VECTOR('',#1083,1.);
#1083 = DIRECTION('',(0.,1.));
#1084 = ( GEOMETRIC_REPRESENTATION_CONTEXT(2) 
PARAMETRIC_REPRESENTATION_CONTEXT() REPRESENTATION_CONTEXT('2D SPACE',''
  ) );
#1085 = ORIENTED_EDGE('',*,*,#1016,.F.);
#1086 = ADVANCED_FACE('',(#1087),#316,.F.);
#1087 = FACE_BOUND('',#1088,.T.);
#1088 = EDGE_LOOP('',(#1089,#1112,#1140,#1163,#1184,#1185));
#1089 = ORIENTED_EDGE('',*,*,#1090,.F.);
#1090 = EDGE_CURVE('',#1091,#301,#1093,.T.);
#1091 = VERTEX_POINT('',#1092);
#1092 = CARTESIAN_POINT('',(24.,144.,28.));
#1093 = SURFACE_CURVE('',#1094,(#1098,#1105),.PCURVE_S1.);
#1094 = LINE('',#1095,#1096);
#1095 = CARTESIAN_POINT('',(24.,144.,28.));
#1096 = VECTOR('',#1097,1.);
#1097 = DIRECTION('',(0.,-1.224646799147E-16,-1.));
#1098 = PCURVE('',#316,#1099);
#1099 = DEFINITIONAL_REPRESENTATION('',(#1100),#1104);
#1100 = LINE('',#1101,#1102);
#1101 = CARTESIAN_POINT('',(-0.,24.));
#1102 = VECTOR('',#1103,1.);
#1103 = DIRECTION('',(-1.,0.));
#1104 = ( GEOMETRIC_REPRESENTATION_CONTEXT(2) 
PARAMETRIC_REPRESENTATION_CONTEXT() REPRESENTATION_CONTEXT('2D SPACE',''
  ) );
#1105 = PCURVE('',#344,#1106);
#1106 = DEFINITIONAL_REPRESENTATION('',(#1107),#1111);
#1107 = LINE('',#1108,#1109);
#1108 = CARTESIAN_POINT('',(-0.,0.));
#1109 = VECTOR('',#1110,1.);
#1110 = DIRECTION('',(-1.,0.));
#1111 = ( GEOMETRIC_REPRESENTATION_CONTEXT(2) 
PARAMETRIC_REPRESENTATION_CONTEXT() REPRESENTATION_CONTEXT('2D SPACE',''
  ) );
#1112 = ORIENTED_EDGE('',*,*,#1113,.F.);
#1113 = EDGE_CURVE('',#1114,#1091,#1116,.T.);
#1114 = VERTEX_POINT('',#1115);
#1115 = CARTESIAN_POINT('',(0.,144.,28.));
#1116 = SURFACE_CURVE('',#1117,(#1121,#1128),.PCURVE_S1.);
#1117 = LINE('',#1118,#1119);
#1118 = CARTESIAN_POINT('',(0.,144.,28.));
#1119 = VECTOR('',#1120,1.);
#1120 = DIRECTION('',(1.,0.,0.));
#1121 = PCURVE('',#316,#1122);
#1122 = DEFINITIONAL_REPRESENTATION('',(#1123),#1127);
#1123 = LINE('',#1124,#1125);
#1124 = CARTESIAN_POINT('',(-0.,0.));
#1125 = VECTOR('',#1126,1.);
#1126 = DIRECTION('',(-0.,1.));
#1127 = ( GEOMETRIC_REPRESENTATION_CONTEXT(2) 
PARAMETRIC_REPRESENTATION_CONTEXT() REPRESENTATION_CONTEXT('2D SPACE',''
  ) );
#1128 = PCURVE('',#1129,#1134);
#1129 = PLANE('',#1130);
#1130 = AXIS2_PLACEMENT_3D('',#1131,#1132,#1133);
#1131 = CARTESIAN_POINT('',(0.,144.,28.));
#1132 = DIRECTION('',(0.,-1.224646799147E-16,-1.));
#1133 = DIRECTION('',(-1.,-0.,-0.));
#1134 = DEFINITIONAL_REPRESENTATION('',(#1135),#1139);
#1135 = LINE('',#1136,#1137);
#1136 = CARTESIAN_POINT('',(-0.,0.));
#1137 = VECTOR('',#1138,1.);
#1138 = DIRECTION('',(-1.,0.));
#1139 = ( GEOMETRIC_REPRESENTATION_CONTEXT(2) 
PARAMETRIC_REPRESENTATION_CONTEXT() REPRESENTATION_CONTEXT('2D SPACE',''
  ) );
#1140 = ORIENTED_EDGE('',*,*,#1141,.T.);
#1141 = EDGE_CURVE('',#1114,#1142,#1144,.T.);
#1142 = VERTEX_POINT('',#1143);
#1143 = CARTESIAN_POINT('',(0.,144.,26.));
#1144 = SURFACE_CURVE('',#1145,(#1149,#1156),.PCURVE_S1.);
#1145 = LINE('',#1146,#1147);
#1146 = CARTESIAN_POINT('',(0.,144.,28.));
#1147 = VECTOR('',#1148,1.);
#1148 = DIRECTION('',(0.,-1.224646799147E-16,-1.));
#1149 = PCURVE('',#316,#1150);
#1150 = DEFINITIONAL_REPRESENTATION('',(#1151),#1155);
#1151 = LINE('',#1152,#1153);
#1152 = CARTESIAN_POINT('',(-0.,0.));
#1153 = VECTOR('',#1154,1.);
#1154 = DIRECTION('',(-1.,0.));
#1155 = ( GEOMETRIC_REPRESENTATION_CONTEXT(2) 
PARAMETRIC_REPRESENTATION_CONTEXT() REPRESENTATION_CONTEXT('2D SPACE',''
  ) );
#1156 = PCURVE('',#482,#1157);
#1157 = DEFINITIONAL_REPRESENTATION('',(#1158),#1162);
#1158 = LINE('',#1159,#1160);
#1159 = CARTESIAN_POINT('',(-1.175660927181E-14,96.));
#1160 = VECTOR('',#1161,1.);
#1161 = DIRECTION('',(1.,0.));
#1162 = ( GEOMETRIC_REPRESENTATION_CONTEXT(2) 
PARAMETRIC_REPRESENTATION_CONTEXT() REPRESENTATION_CONTEXT('2D SPACE',''
  ) );
#1163 = ORIENTED_EDGE('',*,*,#1164,.T.);
#1164 = EDGE_CURVE('',#1142,#1043,#1165,.T.);
#1165 = SURFACE_CURVE('',#1166,(#1170,#1177),.PCURVE_S1.);
#1166 = LINE('',#1167,#1168);
#1167 = CARTESIAN_POINT('',(0.,144.,26.));
#1168 = VECTOR('',#1169,1.);
#1169 = DIRECTION('',(1.,0.,0.));
#1170 = PCURVE('',#316,#1171);
#1171 = DEFINITIONAL_REPRESENTATION('',(#1172),#1176);
#1172 = LINE('',#1173,#1174);
#1173 = CARTESIAN_POINT('',(-2.,0.));
#1174 = VECTOR('',#1175,1.);
#1175 = DIRECTION('',(-0.,1.));
#1176 = ( GEOMETRIC_REPRESENTATION_CONTEXT(2) 
PARAMETRIC_REPRESENTATION_CONTEXT() REPRESENTATION_CONTEXT('2D SPACE',''
  ) );
#1177 = PCURVE('',#1004,#1178);
#1178 = DEFINITIONAL_REPRESENTATION('',(#1179),#1183);
#1179 = LINE('',#1180,#1181);
#1180 = CARTESIAN_POINT('',(0.,18.));
#1181 = VECTOR('',#1182,1.);
#1182 = DIRECTION('',(1.,0.));
#1183 = ( GEOMETRIC_REPRESENTATION_CONTEXT(2) 
PARAMETRIC_REPRESENTATION_CONTEXT() REPRESENTATION_CONTEXT('2D SPACE',''
  ) );
#1184 = ORIENTED_EDGE('',*,*,#1042,.F.);
#1185 = ORIENTED_EDGE('',*,*,#300,.T.);
#1186 = ADVANCED_FACE('',(#1187),#344,.T.);
#1187 = FACE_BOUND('',#1188,.F.);
#1188 = EDGE_LOOP('',(#1189,#1190,#1191,#1214,#1242,#1270));
#1189 = ORIENTED_EDGE('',*,*,#328,.F.);
#1190 = ORIENTED_EDGE('',*,*,#1090,.F.);
#1191 = ORIENTED_EDGE('',*,*,#1192,.T.);
#1192 = EDGE_CURVE('',#1091,#1193,#1195,.T.);
#1193 = VERTEX_POINT('',#1194);
#1194 = CARTESIAN_POINT('',(24.,164.30808296954,28.));
#1195 = SURFACE_CURVE('',#1196,(#1200,#1207),.PCURVE_S1.);
#1196 = LINE('',#1197,#1198);
#1197 = CARTESIAN_POINT('',(24.,144.,28.));
#1198 = VECTOR('',#1199,1.);
#1199 = DIRECTION('',(-0.,1.,-1.224646799147E-16));
#1200 = PCURVE('',#344,#1201);
#1201 = DEFINITIONAL_REPRESENTATION('',(#1202),#1206);
#1202 = LINE('',#1203,#1204);
#1203 = CARTESIAN_POINT('',(-0.,0.));
#1204 = VECTOR('',#1205,1.);
#1205 = DIRECTION('',(-0.,-1.));
#1206 = ( GEOMETRIC_REPRESENTATION_CONTEXT(2) 
PARAMETRIC_REPRESENTATION_CONTEXT() REPRESENTATION_CONTEXT('2D SPACE',''
  ) );
#1207 = PCURVE('',#1129,#1208);
#1208 = DEFINITIONAL_REPRESENTATION('',(#1209),#1213);
#1209 = LINE('',#1210,#1211);
#1210 = CARTESIAN_POINT('',(-24.,0.));
#1211 = VECTOR('',#1212,1.);
#1212 = DIRECTION('',(-0.,1.));
#1213 = ( GEOMETRIC_REPRESENTATION_CONTEXT(2) 
PARAMETRIC_REPRESENTATION_CONTEXT() REPRESENTATION_CONTEXT('2D SPACE',''
  ) );
#1214 = ORIENTED_EDGE('',*,*,#1215,.F.);
#1215 = EDGE_CURVE('',#1216,#1193,#1218,.T.);
#1216 = VERTEX_POINT('',#1217);
#1217 = CARTESIAN_POINT('',(24.,162.07699624763,12.07473572998));
#1218 = SURFACE_CURVE('',#1219,(#1223,#1230),.PCURVE_S1.);
#1219 = LINE('',#1220,#1221);
#1220 = CARTESIAN_POINT('',(24.,162.07699624763,12.07473572998));
#1221 = VECTOR('',#1222,1.);
#1222 = DIRECTION('',(-0.,0.138742362485,0.990328509562));
#1223 = PCURVE('',#344,#1224);
#1224 = DEFINITIONAL_REPRESENTATION('',(#1225),#1229);
#1225 = LINE('',#1226,#1227);
#1226 = CARTESIAN_POINT('',(-15.92526427002,-18.07699624763));
#1227 = VECTOR('',#1228,1.);
#1228 = DIRECTION('',(0.990328509562,-0.138742362485));
#1229 = ( GEOMETRIC_REPRESENTATION_CONTEXT(2) 
PARAMETRIC_REPRESENTATION_CONTEXT() REPRESENTATION_CONTEXT('2D SPACE',''
  ) );
#1230 = PCURVE('',#1231,#1236);
#1231 = PLANE('',#1232);
#1232 = AXIS2_PLACEMENT_3D('',#1233,#1234,#1235);
#1233 = CARTESIAN_POINT('',(24.,162.07699624763,12.07473572998));
#1234 = DIRECTION('',(0.,0.990328509562,-0.138742362485));
#1235 = DIRECTION('',(0.,-0.138742362485,-0.990328509562));
#1236 = DEFINITIONAL_REPRESENTATION('',(#1237),#1241);
#1237 = LINE('',#1238,#1239);
#1238 = CARTESIAN_POINT('',(-0.,0.));
#1239 = VECTOR('',#1240,1.);
#1240 = DIRECTION('',(-1.,0.));
#1241 = ( GEOMETRIC_REPRESENTATION_CONTEXT(2) 
PARAMETRIC_REPRESENTATION_CONTEXT() REPRESENTATION_CONTEXT('2D SPACE',''
  ) );
#1242 = ORIENTED_EDGE('',*,*,#1243,.F.);
#1243 = EDGE_CURVE('',#1244,#1216,#1246,.T.);
#1244 = VERTEX_POINT('',#1245);
#1245 = CARTESIAN_POINT('',(24.,162.,10.9));
#1246 = SURFACE_CURVE('',#1247,(#1251,#1258),.PCURVE_S1.);
#1247 = LINE('',#1248,#1249);
#1248 = CARTESIAN_POINT('',(24.,162.,10.9));
#1249 = VECTOR('',#1250,1.);
#1250 = DIRECTION('',(-0.,6.540312923014E-02,0.997858923239));
#1251 = PCURVE('',#344,#1252);
#1252 = DEFINITIONAL_REPRESENTATION('',(#1253),#1257);
#1253 = LINE('',#1254,#1255);
#1254 = CARTESIAN_POINT('',(-17.1,-18.));
#1255 = VECTOR('',#1256,1.);
#1256 = DIRECTION('',(0.997858923239,-6.540312923014E-02));
#1257 = ( GEOMETRIC_REPRESENTATION_CONTEXT(2) 
PARAMETRIC_REPRESENTATION_CONTEXT() REPRESENTATION_CONTEXT('2D SPACE',''
  ) );
#1258 = PCURVE('',#1259,#1264);
#1259 = PLANE('',#1260);
#1260 = AXIS2_PLACEMENT_3D('',#1261,#1262,#1263);
#1261 = CARTESIAN_POINT('',(24.,162.,10.9));
#1262 = DIRECTION('',(0.,0.997858923239,-6.540312923014E-02));
#1263 = DIRECTION('',(0.,-6.540312923014E-02,-0.997858923239));
#1264 = DEFINITIONAL_REPRESENTATION('',(#1265),#1269);
#1265 = LINE('',#1266,#1267);
#1266 = CARTESIAN_POINT('',(-0.,0.));
#1267 = VECTOR('',#1268,1.);
#1268 = DIRECTION('',(-1.,0.));
#1269 = ( GEOMETRIC_REPRESENTATION_CONTEXT(2) 
PARAMETRIC_REPRESENTATION_CONTEXT() REPRESENTATION_CONTEXT('2D SPACE',''
  ) );
#1270 = ORIENTED_EDGE('',*,*,#1271,.F.);
#1271 = EDGE_CURVE('',#329,#1244,#1272,.T.);
#1272 = SURFACE_CURVE('',#1273,(#1277,#1284),.PCURVE_S1.);
#1273 = LINE('',#1274,#1275);
#1274 = CARTESIAN_POINT('',(24.,162.,0.));
#1275 = VECTOR('',#1276,1.);
#1276 = DIRECTION('',(-0.,1.224646799147E-16,1.));
#1277 = PCURVE('',#344,#1278);
#1278 = DEFINITIONAL_REPRESENTATION('',(#1279),#1283);
#1279 = LINE('',#1280,#1281);
#1280 = CARTESIAN_POINT('',(-28.,-18.));
#1281 = VECTOR('',#1282,1.);
#1282 = DIRECTION('',(1.,-0.));
#1283 = ( GEOMETRIC_REPRESENTATION_CONTEXT(2) 
PARAMETRIC_REPRESENTATION_CONTEXT() REPRESENTATION_CONTEXT('2D SPACE',''
  ) );
#1284 = PCURVE('',#372,#1285);
#1285 = DEFINITIONAL_REPRESENTATION('',(#1286),#1290);
#1286 = LINE('',#1287,#1288);
#1287 = CARTESIAN_POINT('',(-0.,0.));
#1288 = VECTOR('',#1289,1.);
#1289 = DIRECTION('',(-1.,0.));
#1290 = ( GEOMETRIC_REPRESENTATION_CONTEXT(2) 
PARAMETRIC_REPRESENTATION_CONTEXT() REPRESENTATION_CONTEXT('2D SPACE',''
  ) );
#1291 = ADVANCED_FACE('',(#1292),#372,.F.);
#1292 = FACE_BOUND('',#1293,.T.);
#1293 = EDGE_LOOP('',(#1294,#1295,#1318,#1339));
#1294 = ORIENTED_EDGE('',*,*,#356,.T.);
#1295 = ORIENTED_EDGE('',*,*,#1296,.T.);
#1296 = EDGE_CURVE('',#357,#1297,#1299,.T.);
#1297 = VERTEX_POINT('',#1298);
#1298 = CARTESIAN_POINT('',(36.,162.,10.9));
#1299 = SURFACE_CURVE('',#1300,(#1304,#1311),.PCURVE_S1.);
#1300 = LINE('',#1301,#1302);
#1301 = CARTESIAN_POINT('',(36.,162.,0.));
#1302 = VECTOR('',#1303,1.);
#1303 = DIRECTION('',(-0.,1.224646799147E-16,1.));
#1304 = PCURVE('',#372,#1305);
#1305 = DEFINITIONAL_REPRESENTATION('',(#1306),#1310);
#1306 = LINE('',#1307,#1308);
#1307 = CARTESIAN_POINT('',(-0.,-12.));
#1308 = VECTOR('',#1309,1.);
#1309 = DIRECTION('',(-1.,0.));
#1310 = ( GEOMETRIC_REPRESENTATION_CONTEXT(2) 
PARAMETRIC_REPRESENTATION_CONTEXT() REPRESENTATION_CONTEXT('2D SPACE',''
  ) );
#1311 = PCURVE('',#400,#1312);
#1312 = DEFINITIONAL_REPRESENTATION('',(#1313),#1317);
#1313 = LINE('',#1314,#1315);
#1314 = CARTESIAN_POINT('',(-57.43165906876,15.355189540293));
#1315 = VECTOR('',#1316,1.);
#1316 = DIRECTION('',(1.,-0.));
#1317 = ( GEOMETRIC_REPRESENTATION_CONTEXT(2) 
PARAMETRIC_REPRESENTATION_CONTEXT() REPRESENTATION_CONTEXT('2D SPACE',''
  ) );
#1318 = ORIENTED_EDGE('',*,*,#1319,.F.);
#1319 = EDGE_CURVE('',#1244,#1297,#1320,.T.);
#1320 = SURFACE_CURVE('',#1321,(#1325,#1332),.PCURVE_S1.);
#1321 = LINE('',#1322,#1323);
#1322 = CARTESIAN_POINT('',(24.,162.,10.9));
#1323 = VECTOR('',#1324,1.);
#1324 = DIRECTION('',(1.,0.,0.));
#1325 = PCURVE('',#372,#1326);
#1326 = DEFINITIONAL_REPRESENTATION('',(#1327),#1331);
#1327 = LINE('',#1328,#1329);
#1328 = CARTESIAN_POINT('',(-10.9,0.));
#1329 = VECTOR('',#1330,1.);
#1330 = DIRECTION('',(-0.,-1.));
#1331 = ( GEOMETRIC_REPRESENTATION_CONTEXT(2) 
PARAMETRIC_REPRESENTATION_CONTEXT() REPRESENTATION_CONTEXT('2D SPACE',''
  ) );
#1332 = PCURVE('',#1259,#1333);
#1333 = DEFINITIONAL_REPRESENTATION('',(#1334),#1338);
#1334 = LINE('',#1335,#1336);
#1335 = CARTESIAN_POINT('',(-0.,0.));
#1336 = VECTOR('',#1337,1.);
#1337 = DIRECTION('',(-0.,-1.));
#1338 = ( GEOMETRIC_REPRESENTATION_CONTEXT(2) 
PARAMETRIC_REPRESENTATION_CONTEXT() REPRESENTATION_CONTEXT('2D SPACE',''
  ) );
#1339 = ORIENTED_EDGE('',*,*,#1271,.F.);
#1340 = ADVANCED_FACE('',(#1341,#1440),#400,.T.);
#1341 = FACE_BOUND('',#1342,.F.);
#1342 = EDGE_LOOP('',(#1343,#1344,#1345,#1368,#1391,#1419));
#1343 = ORIENTED_EDGE('',*,*,#384,.T.);
#1344 = ORIENTED_EDGE('',*,*,#1296,.T.);
#1345 = ORIENTED_EDGE('',*,*,#1346,.T.);
#1346 = EDGE_CURVE('',#1297,#1347,#1349,.T.);
#1347 = VERTEX_POINT('',#1348);
#1348 = CARTESIAN_POINT('',(36.,162.07699624763,12.07473572998));
#1349 = SURFACE_CURVE('',#1350,(#1354,#1361),.PCURVE_S1.);
#1350 = LINE('',#1351,#1352);
#1351 = CARTESIAN_POINT('',(36.,162.,10.9));
#1352 = VECTOR('',#1353,1.);
#1353 = DIRECTION('',(-0.,6.540312923014E-02,0.997858923239));
#1354 = PCURVE('',#400,#1355);
#1355 = DEFINITIONAL_REPRESENTATION('',(#1356),#1360);
#1356 = LINE('',#1357,#1358);
#1357 = CARTESIAN_POINT('',(-46.53165906876,15.355189540293));
#1358 = VECTOR('',#1359,1.);
#1359 = DIRECTION('',(0.997858923239,-6.540312923014E-02));
#1360 = ( GEOMETRIC_REPRESENTATION_CONTEXT(2) 
PARAMETRIC_REPRESENTATION_CONTEXT() REPRESENTATION_CONTEXT('2D SPACE',''
  ) );
#1361 = PCURVE('',#1259,#1362);
#1362 = DEFINITIONAL_REPRESENTATION('',(#1363),#1367);
#1363 = LINE('',#1364,#1365);
#1364 = CARTESIAN_POINT('',(-0.,-12.));
#1365 = VECTOR('',#1366,1.);
#1366 = DIRECTION('',(-1.,0.));
#1367 = ( GEOMETRIC_REPRESENTATION_CONTEXT(2) 
PARAMETRIC_REPRESENTATION_CONTEXT() REPRESENTATION_CONTEXT('2D SPACE',''
  ) );
#1368 = ORIENTED_EDGE('',*,*,#1369,.T.);
#1369 = EDGE_CURVE('',#1347,#1370,#1372,.T.);
#1370 = VERTEX_POINT('',#1371);
#1371 = CARTESIAN_POINT('',(36.,172.29362977069,85.));
#1372 = SURFACE_CURVE('',#1373,(#1377,#1384),.PCURVE_S1.);
#1373 = LINE('',#1374,#1375);
#1374 = CARTESIAN_POINT('',(36.,162.07699624763,12.07473572998));
#1375 = VECTOR('',#1376,1.);
#1376 = DIRECTION('',(-0.,0.138742362485,0.990328509562));
#1377 = PCURVE('',#400,#1378);
#1378 = DEFINITIONAL_REPRESENTATION('',(#1379),#1383);
#1379 = LINE('',#1380,#1381);
#1380 = CARTESIAN_POINT('',(-45.35692333878,15.278193292657));
#1381 = VECTOR('',#1382,1.);
#1382 = DIRECTION('',(0.990328509562,-0.138742362485));
#1383 = ( GEOMETRIC_REPRESENTATION_CONTEXT(2) 
PARAMETRIC_REPRESENTATION_CONTEXT() REPRESENTATION_CONTEXT('2D SPACE',''
  ) );
#1384 = PCURVE('',#1231,#1385);
#1385 = DEFINITIONAL_REPRESENTATION('',(#1386),#1390);
#1386 = LINE('',#1387,#1388);
#1387 = CARTESIAN_POINT('',(-0.,-12.));
#1388 = VECTOR('',#1389,1.);
#1389 = DIRECTION('',(-1.,0.));
#1390 = ( GEOMETRIC_REPRESENTATION_CONTEXT(2) 
PARAMETRIC_REPRESENTATION_CONTEXT() REPRESENTATION_CONTEXT('2D SPACE',''
  ) );
#1391 = ORIENTED_EDGE('',*,*,#1392,.F.);
#1392 = EDGE_CURVE('',#1393,#1370,#1395,.T.);
#1393 = VERTEX_POINT('',#1394);
#1394 = CARTESIAN_POINT('',(36.,189.23194400101,85.));
#1395 = SURFACE_CURVE('',#1396,(#1400,#1407),.PCURVE_S1.);
#1396 = LINE('',#1397,#1398);
#1397 = CARTESIAN_POINT('',(36.,136.67759477014,85.));
#1398 = VECTOR('',#1399,1.);
#1399 = DIRECTION('',(0.,-1.,1.224646799147E-16));
#1400 = PCURVE('',#400,#1401);
#1401 = DEFINITIONAL_REPRESENTATION('',(#1402),#1406);
#1402 = LINE('',#1403,#1404);
#1403 = CARTESIAN_POINT('',(27.568340931232,40.677594770146));
#1404 = VECTOR('',#1405,1.);
#1405 = DIRECTION('',(-0.,1.));
#1406 = ( GEOMETRIC_REPRESENTATION_CONTEXT(2) 
PARAMETRIC_REPRESENTATION_CONTEXT() REPRESENTATION_CONTEXT('2D SPACE',''
  ) );
#1407 = PCURVE('',#1408,#1413);
#1408 = PLANE('',#1409);
#1409 = AXIS2_PLACEMENT_3D('',#1410,#1411,#1412);
#1410 = CARTESIAN_POINT('',(33.,96.,85.));
#1411 = DIRECTION('',(0.,-1.224646799147E-16,-1.));
#1412 = DIRECTION('',(-1.,-0.,-0.));
#1413 = DEFINITIONAL_REPRESENTATION('',(#1414),#1418);
#1414 = LINE('',#1415,#1416);
#1415 = CARTESIAN_POINT('',(-3.,40.677594770146));
#1416 = VECTOR('',#1417,1.);
#1417 = DIRECTION('',(-0.,-1.));
#1418 = ( GEOMETRIC_REPRESENTATION_CONTEXT(2) 
PARAMETRIC_REPRESENTATION_CONTEXT() REPRESENTATION_CONTEXT('2D SPACE',''
  ) );
#1419 = ORIENTED_EDGE('',*,*,#1420,.T.);
#1420 = EDGE_CURVE('',#1393,#385,#1421,.T.);
#1421 = SURFACE_CURVE('',#1422,(#1426,#1433),.PCURVE_S1.);
#1422 = LINE('',#1423,#1424);
#1423 = CARTESIAN_POINT('',(36.,191.93155889099,109.85579046224));
#1424 = VECTOR('',#1425,1.);
#1425 = DIRECTION('',(0.,-0.107976109869,-0.994153489003));
#1426 = PCURVE('',#400,#1427);
#1427 = DEFINITIONAL_REPRESENTATION('',(#1428),#1432);
#1428 = LINE('',#1429,#1430);
#1429 = CARTESIAN_POINT('',(52.424131393472,-14.57636935069));
#1430 = VECTOR('',#1431,1.);
#1431 = DIRECTION('',(-0.994153489003,0.107976109869));
#1432 = ( GEOMETRIC_REPRESENTATION_CONTEXT(2) 
PARAMETRIC_REPRESENTATION_CONTEXT() REPRESENTATION_CONTEXT('2D SPACE',''
  ) );
#1433 = PCURVE('',#428,#1434);
#1434 = DEFINITIONAL_REPRESENTATION('',(#1435),#1439);
#1435 = LINE('',#1436,#1437);
#1436 = CARTESIAN_POINT('',(-0.,-12.));
#1437 = VECTOR('',#1438,1.);
#1438 = DIRECTION('',(-1.,0.));
#1439 = ( GEOMETRIC_REPRESENTATION_CONTEXT(2) 
PARAMETRIC_REPRESENTATION_CONTEXT() REPRESENTATION_CONTEXT('2D SPACE',''
  ) );
#1440 = FACE_BOUND('',#1441,.F.);
#1441 = EDGE_LOOP('',(#1442));
#1442 = ORIENTED_EDGE('',*,*,#1443,.T.);
#1443 = EDGE_CURVE('',#1444,#1444,#1446,.T.);
#1444 = VERTEX_POINT('',#1445);
#1445 = CARTESIAN_POINT('',(36.,171.,7.6));
#1446 = SURFACE_CURVE('',#1447,(#1452,#1459),.PCURVE_S1.);
#1447 = CIRCLE('',#1448,3.3);
#1448 = AXIS2_PLACEMENT_3D('',#1449,#1450,#1451);
#1449 = CARTESIAN_POINT('',(36.,171.,10.9));
#1450 = DIRECTION('',(1.,0.,0.));
#1451 = DIRECTION('',(0.,-1.224646799147E-16,-1.));
#1452 = PCURVE('',#400,#1453);
#1453 = DEFINITIONAL_REPRESENTATION('',(#1454),#1458);
#1454 = CIRCLE('',#1455,3.3);
#1455 = AXIS2_PLACEMENT_2D('',#1456,#1457);
#1456 = CARTESIAN_POINT('',(-46.53165906876,6.355189540293));
#1457 = DIRECTION('',(-1.,0.));
#1458 = ( GEOMETRIC_REPRESENTATION_CONTEXT(2) 
PARAMETRIC_REPRESENTATION_CONTEXT() REPRESENTATION_CONTEXT('2D SPACE',''
  ) );
#1459 = PCURVE('',#1460,#1465);
#1460 = CYLINDRICAL_SURFACE('',#1461,3.3);
#1461 = AXIS2_PLACEMENT_3D('',#1462,#1463,#1464);
#1462 = CARTESIAN_POINT('',(30.,171.,10.9));
#1463 = DIRECTION('',(1.,0.,0.));
#1464 = DIRECTION('',(0.,-1.224646799147E-16,-1.));
#1465 = DEFINITIONAL_REPRESENTATION('',(#1466),#1470);
#1466 = LINE('',#1467,#1468);
#1467 = CARTESIAN_POINT('',(0.,6.));
#1468 = VECTOR('',#1469,1.);
#1469 = DIRECTION('',(1.,0.));
#1470 = ( GEOMETRIC_REPRESENTATION_CONTEXT(2) 
PARAMETRIC_REPRESENTATION_CONTEXT() REPRESENTATION_CONTEXT('2D SPACE',''
  ) );
#1471 = ADVANCED_FACE('',(#1472),#428,.F.);
#1472 = FACE_BOUND('',#1473,.T.);
#1473 = EDGE_LOOP('',(#1474,#1502,#1530,#1558,#1579,#1580));
#1474 = ORIENTED_EDGE('',*,*,#1475,.F.);
#1475 = EDGE_CURVE('',#1476,#413,#1478,.T.);
#1476 = VERTEX_POINT('',#1477);
#1477 = CARTESIAN_POINT('',(24.,191.93155889099,109.85579046224));
#1478 = SURFACE_CURVE('',#1479,(#1483,#1490),.PCURVE_S1.);
#1479 = LINE('',#1480,#1481);
#1480 = CARTESIAN_POINT('',(24.,191.93155889099,109.85579046224));
#1481 = VECTOR('',#1482,1.);
#1482 = DIRECTION('',(0.,-0.107976109869,-0.994153489003));
#1483 = PCURVE('',#428,#1484);
#1484 = DEFINITIONAL_REPRESENTATION('',(#1485),#1489);
#1485 = LINE('',#1486,#1487);
#1486 = CARTESIAN_POINT('',(-0.,0.));
#1487 = VECTOR('',#1488,1.);
#1488 = DIRECTION('',(-1.,0.));
#1489 = ( GEOMETRIC_REPRESENTATION_CONTEXT(2) 
PARAMETRIC_REPRESENTATION_CONTEXT() REPRESENTATION_CONTEXT('2D SPACE',''
  ) );
#1490 = PCURVE('',#1491,#1496);
#1491 = PLANE('',#1492);
#1492 = AXIS2_PLACEMENT_3D('',#1493,#1494,#1495);
#1493 = CARTESIAN_POINT('',(24.,177.35518954029,57.431659068768));
#1494 = DIRECTION('',(1.,0.,0.));
#1495 = DIRECTION('',(-0.,1.224646799147E-16,1.));
#1496 = DEFINITIONAL_REPRESENTATION('',(#1497),#1501);
#1497 = LINE('',#1498,#1499);
#1498 = CARTESIAN_POINT('',(52.424131393472,-14.57636935069));
#1499 = VECTOR('',#1500,1.);
#1500 = DIRECTION('',(-0.994153489003,0.107976109869));
#1501 = ( GEOMETRIC_REPRESENTATION_CONTEXT(2) 
PARAMETRIC_REPRESENTATION_CONTEXT() REPRESENTATION_CONTEXT('2D SPACE',''
  ) );
#1502 = ORIENTED_EDGE('',*,*,#1503,.T.);
#1503 = EDGE_CURVE('',#1476,#1504,#1506,.T.);
#1504 = VERTEX_POINT('',#1505);
#1505 = CARTESIAN_POINT('',(33.,191.93155889099,109.85579046224));
#1506 = SURFACE_CURVE('',#1507,(#1511,#1518),.PCURVE_S1.);
#1507 = LINE('',#1508,#1509);
#1508 = CARTESIAN_POINT('',(24.,191.93155889099,109.85579046224));
#1509 = VECTOR('',#1510,1.);
#1510 = DIRECTION('',(1.,0.,0.));
#1511 = PCURVE('',#428,#1512);
#1512 = DEFINITIONAL_REPRESENTATION('',(#1513),#1517);
#1513 = LINE('',#1514,#1515);
#1514 = CARTESIAN_POINT('',(-0.,0.));
#1515 = VECTOR('',#1516,1.);
#1516 = DIRECTION('',(-0.,-1.));
#1517 = ( GEOMETRIC_REPRESENTATION_CONTEXT(2) 
PARAMETRIC_REPRESENTATION_CONTEXT() REPRESENTATION_CONTEXT('2D SPACE',''
  ) );
#1518 = PCURVE('',#1519,#1524);
#1519 = PLANE('',#1520);
#1520 = AXIS2_PLACEMENT_3D('',#1521,#1522,#1523);
#1521 = CARTESIAN_POINT('',(24.,192.,110.9));
#1522 = DIRECTION('',(0.,-0.997858923239,6.540312923014E-02));
#1523 = DIRECTION('',(-0.,6.540312923014E-02,0.997858923239));
#1524 = DEFINITIONAL_REPRESENTATION('',(#1525),#1529);
#1525 = LINE('',#1526,#1527);
#1526 = CARTESIAN_POINT('',(-1.046450067682,0.));
#1527 = VECTOR('',#1528,1.);
#1528 = DIRECTION('',(-0.,-1.));
#1529 = ( GEOMETRIC_REPRESENTATION_CONTEXT(2) 
PARAMETRIC_REPRESENTATION_CONTEXT() REPRESENTATION_CONTEXT('2D SPACE',''
  ) );
#1530 = ORIENTED_EDGE('',*,*,#1531,.T.);
#1531 = EDGE_CURVE('',#1504,#1532,#1534,.T.);
#1532 = VERTEX_POINT('',#1533);
#1533 = CARTESIAN_POINT('',(33.,189.23194400101,85.));
#1534 = SURFACE_CURVE('',#1535,(#1539,#1546),.PCURVE_S1.);
#1535 = LINE('',#1536,#1537);
#1536 = CARTESIAN_POINT('',(33.,206.9450734239,248.08764446368));
#1537 = VECTOR('',#1538,1.);
#1538 = DIRECTION('',(0.,-0.107976109869,-0.994153489003));
#1539 = PCURVE('',#428,#1540);
#1540 = DEFINITIONAL_REPRESENTATION('',(#1541),#1545);
#1541 = LINE('',#1542,#1543);
#1542 = CARTESIAN_POINT('',(139.04478084166,-9.));
#1543 = VECTOR('',#1544,1.);
#1544 = DIRECTION('',(-1.,0.));
#1545 = ( GEOMETRIC_REPRESENTATION_CONTEXT(2) 
PARAMETRIC_REPRESENTATION_CONTEXT() REPRESENTATION_CONTEXT('2D SPACE',''
  ) );
#1546 = PCURVE('',#1547,#1552);
#1547 = PLANE('',#1548);
#1548 = AXIS2_PLACEMENT_3D('',#1549,#1550,#1551);
#1549 = CARTESIAN_POINT('',(33.,96.,400.));
#1550 = DIRECTION('',(1.,0.,0.));
#1551 = DIRECTION('',(-0.,1.224646799147E-16,1.));
#1552 = DEFINITIONAL_REPRESENTATION('',(#1553),#1557);
#1553 = LINE('',#1554,#1555);
#1554 = CARTESIAN_POINT('',(-151.9123555363,-110.9450734239));
#1555 = VECTOR('',#1556,1.);
#1556 = DIRECTION('',(-0.994153489003,0.107976109869));
#1557 = ( GEOMETRIC_REPRESENTATION_CONTEXT(2) 
PARAMETRIC_REPRESENTATION_CONTEXT() REPRESENTATION_CONTEXT('2D SPACE',''
  ) );
#1558 = ORIENTED_EDGE('',*,*,#1559,.F.);
#1559 = EDGE_CURVE('',#1393,#1532,#1560,.T.);
#1560 = SURFACE_CURVE('',#1561,(#1565,#1572),.PCURVE_S1.);
#1561 = LINE('',#1562,#1563);
#1562 = CARTESIAN_POINT('',(28.5,189.23194400101,85.));
#1563 = VECTOR('',#1564,1.);
#1564 = DIRECTION('',(-1.,0.,-0.));
#1565 = PCURVE('',#428,#1566);
#1566 = DEFINITIONAL_REPRESENTATION('',(#1567),#1571);
#1567 = LINE('',#1568,#1569);
#1568 = CARTESIAN_POINT('',(-25.00196472393,-4.5));
#1569 = VECTOR('',#1570,1.);
#1570 = DIRECTION('',(0.,1.));
#1571 = ( GEOMETRIC_REPRESENTATION_CONTEXT(2) 
PARAMETRIC_REPRESENTATION_CONTEXT() REPRESENTATION_CONTEXT('2D SPACE',''
  ) );
#1572 = PCURVE('',#1408,#1573);
#1573 = DEFINITIONAL_REPRESENTATION('',(#1574),#1578);
#1574 = LINE('',#1575,#1576);
#1575 = CARTESIAN_POINT('',(4.5,93.231944001011));
#1576 = VECTOR('',#1577,1.);
#1577 = DIRECTION('',(1.,-0.));
#1578 = ( GEOMETRIC_REPRESENTATION_CONTEXT(2) 
PARAMETRIC_REPRESENTATION_CONTEXT() REPRESENTATION_CONTEXT('2D SPACE',''
  ) );
#1579 = ORIENTED_EDGE('',*,*,#1420,.T.);
#1580 = ORIENTED_EDGE('',*,*,#412,.F.);
#1581 = ADVANCED_FACE('',(#1582),#456,.T.);
#1582 = FACE_BOUND('',#1583,.F.);
#1583 = EDGE_LOOP('',(#1584,#1609,#1630,#1631));
#1584 = ORIENTED_EDGE('',*,*,#1585,.F.);
#1585 = EDGE_CURVE('',#1586,#1588,#1590,.T.);
#1586 = VERTEX_POINT('',#1587);
#1587 = CARTESIAN_POINT('',(0.,180.,28.));
#1588 = VERTEX_POINT('',#1589);
#1589 = CARTESIAN_POINT('',(24.,180.,28.));
#1590 = SURFACE_CURVE('',#1591,(#1595,#1602),.PCURVE_S1.);
#1591 = LINE('',#1592,#1593);
#1592 = CARTESIAN_POINT('',(0.,180.,28.));
#1593 = VECTOR('',#1594,1.);
#1594 = DIRECTION('',(1.,0.,0.));
#1595 = PCURVE('',#456,#1596);
#1596 = DEFINITIONAL_REPRESENTATION('',(#1597),#1601);
#1597 = LINE('',#1598,#1599);
#1598 = CARTESIAN_POINT('',(-0.,0.));
#1599 = VECTOR('',#1600,1.);
#1600 = DIRECTION('',(-0.,1.));
#1601 = ( GEOMETRIC_REPRESENTATION_CONTEXT(2) 
PARAMETRIC_REPRESENTATION_CONTEXT() REPRESENTATION_CONTEXT('2D SPACE',''
  ) );
#1602 = PCURVE('',#1129,#1603);
#1603 = DEFINITIONAL_REPRESENTATION('',(#1604),#1608);
#1604 = LINE('',#1605,#1606);
#1605 = CARTESIAN_POINT('',(-0.,36.));
#1606 = VECTOR('',#1607,1.);
#1607 = DIRECTION('',(-1.,0.));
#1608 = ( GEOMETRIC_REPRESENTATION_CONTEXT(2) 
PARAMETRIC_REPRESENTATION_CONTEXT() REPRESENTATION_CONTEXT('2D SPACE',''
  ) );
#1609 = ORIENTED_EDGE('',*,*,#1610,.T.);
#1610 = EDGE_CURVE('',#1586,#441,#1611,.T.);
#1611 = SURFACE_CURVE('',#1612,(#1616,#1623),.PCURVE_S1.);
#1612 = LINE('',#1613,#1614);
#1613 = CARTESIAN_POINT('',(0.,180.,28.));
#1614 = VECTOR('',#1615,1.);
#1615 = DIRECTION('',(0.,-1.224646799147E-16,-1.));
#1616 = PCURVE('',#456,#1617);
#1617 = DEFINITIONAL_REPRESENTATION('',(#1618),#1622);
#1618 = LINE('',#1619,#1620);
#1619 = CARTESIAN_POINT('',(-0.,0.));
#1620 = VECTOR('',#1621,1.);
#1621 = DIRECTION('',(-1.,0.));
#1622 = ( GEOMETRIC_REPRESENTATION_CONTEXT(2) 
PARAMETRIC_REPRESENTATION_CONTEXT() REPRESENTATION_CONTEXT('2D SPACE',''
  ) );
#1623 = PCURVE('',#482,#1624);
#1624 = DEFINITIONAL_REPRESENTATION('',(#1625),#1629);
#1625 = LINE('',#1626,#1627);
#1626 = CARTESIAN_POINT('',(-1.616533774875E-14,132.));
#1627 = VECTOR('',#1628,1.);
#1628 = DIRECTION('',(1.,0.));
#1629 = ( GEOMETRIC_REPRESENTATION_CONTEXT(2) 
PARAMETRIC_REPRESENTATION_CONTEXT() REPRESENTATION_CONTEXT('2D SPACE',''
  ) );
#1630 = ORIENTED_EDGE('',*,*,#440,.T.);
#1631 = ORIENTED_EDGE('',*,*,#1632,.F.);
#1632 = EDGE_CURVE('',#1588,#413,#1633,.T.);
#1633 = SURFACE_CURVE('',#1634,(#1638,#1645),.PCURVE_S1.);
#1634 = LINE('',#1635,#1636);
#1635 = CARTESIAN_POINT('',(24.,180.,28.));
#1636 = VECTOR('',#1637,1.);
#1637 = DIRECTION('',(0.,-1.224646799147E-16,-1.));
#1638 = PCURVE('',#456,#1639);
#1639 = DEFINITIONAL_REPRESENTATION('',(#1640),#1644);
#1640 = LINE('',#1641,#1642);
#1641 = CARTESIAN_POINT('',(-0.,24.));
#1642 = VECTOR('',#1643,1.);
#1643 = DIRECTION('',(-1.,0.));
#1644 = ( GEOMETRIC_REPRESENTATION_CONTEXT(2) 
PARAMETRIC_REPRESENTATION_CONTEXT() REPRESENTATION_CONTEXT('2D SPACE',''
  ) );
#1645 = PCURVE('',#1491,#1646);
#1646 = DEFINITIONAL_REPRESENTATION('',(#1647),#1651);
#1647 = LINE('',#1648,#1649);
#1648 = CARTESIAN_POINT('',(-29.43165906876,-2.644810459707));
#1649 = VECTOR('',#1650,1.);
#1650 = DIRECTION('',(-1.,0.));
#1651 = ( GEOMETRIC_REPRESENTATION_CONTEXT(2) 
PARAMETRIC_REPRESENTATION_CONTEXT() REPRESENTATION_CONTEXT('2D SPACE',''
  ) );
#1652 = ADVANCED_FACE('',(#1653,#1723,#1754),#482,.F.);
#1653 = FACE_BOUND('',#1654,.F.);
#1654 = EDGE_LOOP('',(#1655,#1656,#1677,#1678,#1679,#1680,#1701,#1702));
#1655 = ORIENTED_EDGE('',*,*,#965,.F.);
#1656 = ORIENTED_EDGE('',*,*,#1657,.T.);
#1657 = EDGE_CURVE('',#943,#761,#1658,.T.);
#1658 = SURFACE_CURVE('',#1659,(#1663,#1670),.PCURVE_S1.);
#1659 = LINE('',#1660,#1661);
#1660 = CARTESIAN_POINT('',(0.,48.,28.));
#1661 = VECTOR('',#1662,1.);
#1662 = DIRECTION('',(0.,-1.,1.224646799147E-16));
#1663 = PCURVE('',#482,#1664);
#1664 = DEFINITIONAL_REPRESENTATION('',(#1665),#1669);
#1665 = LINE('',#1666,#1667);
#1666 = CARTESIAN_POINT('',(0.,0.));
#1667 = VECTOR('',#1668,1.);
#1668 = DIRECTION('',(0.,-1.));
#1669 = ( GEOMETRIC_REPRESENTATION_CONTEXT(2) 
PARAMETRIC_REPRESENTATION_CONTEXT() REPRESENTATION_CONTEXT('2D SPACE',''
  ) );
#1670 = PCURVE('',#613,#1671);
#1671 = DEFINITIONAL_REPRESENTATION('',(#1672),#1676);
#1672 = LINE('',#1673,#1674);
#1673 = CARTESIAN_POINT('',(0.,0.));
#1674 = VECTOR('',#1675,1.);
#1675 = DIRECTION('',(0.,1.));
#1676 = ( GEOMETRIC_REPRESENTATION_CONTEXT(2) 
PARAMETRIC_REPRESENTATION_CONTEXT() REPRESENTATION_CONTEXT('2D SPACE',''
  ) );
#1677 = ORIENTED_EDGE('',*,*,#785,.T.);
#1678 = ORIENTED_EDGE('',*,*,#468,.T.);
#1679 = ORIENTED_EDGE('',*,*,#1610,.F.);
#1680 = ORIENTED_EDGE('',*,*,#1681,.F.);
#1681 = EDGE_CURVE('',#1114,#1586,#1682,.T.);
#1682 = SURFACE_CURVE('',#1683,(#1687,#1694),.PCURVE_S1.);
#1683 = LINE('',#1684,#1685);
#1684 = CARTESIAN_POINT('',(0.,144.,28.));
#1685 = VECTOR('',#1686,1.);
#1686 = DIRECTION('',(-0.,1.,-1.224646799147E-16));
#1687 = PCURVE('',#482,#1688);
#1688 = DEFINITIONAL_REPRESENTATION('',(#1689),#1693);
#1689 = LINE('',#1690,#1691);
#1690 = CARTESIAN_POINT('',(-1.175660927181E-14,96.));
#1691 = VECTOR('',#1692,1.);
#1692 = DIRECTION('',(0.,1.));
#1693 = ( GEOMETRIC_REPRESENTATION_CONTEXT(2) 
PARAMETRIC_REPRESENTATION_CONTEXT() REPRESENTATION_CONTEXT('2D SPACE',''
  ) );
#1694 = PCURVE('',#1129,#1695);
#1695 = DEFINITIONAL_REPRESENTATION('',(#1696),#1700);
#1696 = LINE('',#1697,#1698);
#1697 = CARTESIAN_POINT('',(-0.,0.));
#1698 = VECTOR('',#1699,1.);
#1699 = DIRECTION('',(-0.,1.));
#1700 = ( GEOMETRIC_REPRESENTATION_CONTEXT(2) 
PARAMETRIC_REPRESENTATION_CONTEXT() REPRESENTATION_CONTEXT('2D SPACE',''
  ) );
#1701 = ORIENTED_EDGE('',*,*,#1141,.T.);
#1702 = ORIENTED_EDGE('',*,*,#1703,.T.);
#1703 = EDGE_CURVE('',#1142,#966,#1704,.T.);
#1704 = SURFACE_CURVE('',#1705,(#1709,#1716),.PCURVE_S1.);
#1705 = LINE('',#1706,#1707);
#1706 = CARTESIAN_POINT('',(0.,162.,26.));
#1707 = VECTOR('',#1708,1.);
#1708 = DIRECTION('',(0.,-1.,1.224646799147E-16));
#1709 = PCURVE('',#482,#1710);
#1710 = DEFINITIONAL_REPRESENTATION('',(#1711),#1715);
#1711 = LINE('',#1712,#1713);
#1712 = CARTESIAN_POINT('',(2.,114.));
#1713 = VECTOR('',#1714,1.);
#1714 = DIRECTION('',(0.,-1.));
#1715 = ( GEOMETRIC_REPRESENTATION_CONTEXT(2) 
PARAMETRIC_REPRESENTATION_CONTEXT() REPRESENTATION_CONTEXT('2D SPACE',''
  ) );
#1716 = PCURVE('',#1004,#1717);
#1717 = DEFINITIONAL_REPRESENTATION('',(#1718),#1722);
#1718 = LINE('',#1719,#1720);
#1719 = CARTESIAN_POINT('',(0.,0.));
#1720 = VECTOR('',#1721,1.);
#1721 = DIRECTION('',(0.,1.));
#1722 = ( GEOMETRIC_REPRESENTATION_CONTEXT(2) 
PARAMETRIC_REPRESENTATION_CONTEXT() REPRESENTATION_CONTEXT('2D SPACE',''
  ) );
#1723 = FACE_BOUND('',#1724,.F.);
#1724 = EDGE_LOOP('',(#1725));
#1725 = ORIENTED_EDGE('',*,*,#1726,.F.);
#1726 = EDGE_CURVE('',#1727,#1727,#1729,.T.);
#1727 = VERTEX_POINT('',#1728);
#1728 = CARTESIAN_POINT('',(0.,21.,4.65));
#1729 = SURFACE_CURVE('',#1730,(#1735,#1742),.PCURVE_S1.);
#1730 = CIRCLE('',#1731,6.25);
#1731 = AXIS2_PLACEMENT_3D('',#1732,#1733,#1734);
#1732 = CARTESIAN_POINT('',(0.,21.,10.9));
#1733 = DIRECTION('',(1.,0.,0.));
#1734 = DIRECTION('',(0.,-1.224646799147E-16,-1.));
#1735 = PCURVE('',#482,#1736);
#1736 = DEFINITIONAL_REPRESENTATION('',(#1737),#1741);
#1737 = CIRCLE('',#1738,6.25);
#1738 = AXIS2_PLACEMENT_2D('',#1739,#1740);
#1739 = CARTESIAN_POINT('',(17.1,-27.));
#1740 = DIRECTION('',(1.,0.));
#1741 = ( GEOMETRIC_REPRESENTATION_CONTEXT(2) 
PARAMETRIC_REPRESENTATION_CONTEXT() REPRESENTATION_CONTEXT('2D SPACE',''
  ) );
#1742 = PCURVE('',#1743,#1748);
#1743 = CYLINDRICAL_SURFACE('',#1744,6.25);
#1744 = AXIS2_PLACEMENT_3D('',#1745,#1746,#1747);
#1745 = CARTESIAN_POINT('',(-1.,21.,10.9));
#1746 = DIRECTION('',(1.,0.,0.));
#1747 = DIRECTION('',(0.,-1.224646799147E-16,-1.));
#1748 = DEFINITIONAL_REPRESENTATION('',(#1749),#1753);
#1749 = LINE('',#1750,#1751);
#1750 = CARTESIAN_POINT('',(0.,1.));
#1751 = VECTOR('',#1752,1.);
#1752 = DIRECTION('',(1.,0.));
#1753 = ( GEOMETRIC_REPRESENTATION_CONTEXT(2) 
PARAMETRIC_REPRESENTATION_CONTEXT() REPRESENTATION_CONTEXT('2D SPACE',''
  ) );
#1754 = FACE_BOUND('',#1755,.F.);
#1755 = EDGE_LOOP('',(#1756));
#1756 = ORIENTED_EDGE('',*,*,#1757,.F.);
#1757 = EDGE_CURVE('',#1758,#1758,#1760,.T.);
#1758 = VERTEX_POINT('',#1759);
#1759 = CARTESIAN_POINT('',(0.,171.,4.65));
#1760 = SURFACE_CURVE('',#1761,(#1766,#1773),.PCURVE_S1.);
#1761 = CIRCLE('',#1762,6.25);
#1762 = AXIS2_PLACEMENT_3D('',#1763,#1764,#1765);
#1763 = CARTESIAN_POINT('',(0.,171.,10.9));
#1764 = DIRECTION('',(1.,0.,0.));
#1765 = DIRECTION('',(0.,-1.224646799147E-16,-1.));
#1766 = PCURVE('',#482,#1767);
#1767 = DEFINITIONAL_REPRESENTATION('',(#1768),#1772);
#1768 = CIRCLE('',#1769,6.25);
#1769 = AXIS2_PLACEMENT_2D('',#1770,#1771);
#1770 = CARTESIAN_POINT('',(17.1,123.));
#1771 = DIRECTION('',(1.,0.));
#1772 = ( GEOMETRIC_REPRESENTATION_CONTEXT(2) 
PARAMETRIC_REPRESENTATION_CONTEXT() REPRESENTATION_CONTEXT('2D SPACE',''
  ) );
#1773 = PCURVE('',#1774,#1779);
#1774 = CYLINDRICAL_SURFACE('',#1775,6.25);
#1775 = AXIS2_PLACEMENT_3D('',#1776,#1777,#1778);
#1776 = CARTESIAN_POINT('',(-1.,171.,10.9));
#1777 = DIRECTION('',(1.,0.,0.));
#1778 = DIRECTION('',(0.,-1.224646799147E-16,-1.));
#1779 = DEFINITIONAL_REPRESENTATION('',(#1780),#1784);
#1780 = LINE('',#1781,#1782);
#1781 = CARTESIAN_POINT('',(0.,1.));
#1782 = VECTOR('',#1783,1.);
#1783 = DIRECTION('',(1.,0.));
#1784 = ( GEOMETRIC_REPRESENTATION_CONTEXT(2) 
PARAMETRIC_REPRESENTATION_CONTEXT() REPRESENTATION_CONTEXT('2D SPACE',''
  ) );
#1785 = ADVANCED_FACE('',(#1786),#537,.F.);
#1786 = FACE_BOUND('',#1787,.F.);
#1787 = EDGE_LOOP('',(#1788,#1789,#1790,#1791,#1814,#1837,#1865));
#1788 = ORIENTED_EDGE('',*,*,#625,.F.);
#1789 = ORIENTED_EDGE('',*,*,#521,.T.);
#1790 = ORIENTED_EDGE('',*,*,#654,.T.);
#1791 = ORIENTED_EDGE('',*,*,#1792,.F.);
#1792 = EDGE_CURVE('',#1793,#655,#1795,.T.);
#1793 = VERTEX_POINT('',#1794);
#1794 = CARTESIAN_POINT('',(33.,19.706370229303,85.));
#1795 = SURFACE_CURVE('',#1796,(#1800,#1807),.PCURVE_S1.);
#1796 = LINE('',#1797,#1798);
#1797 = CARTESIAN_POINT('',(28.5,19.706370229303,85.));
#1798 = VECTOR('',#1799,1.);
#1799 = DIRECTION('',(1.,0.,0.));
#1800 = PCURVE('',#537,#1801);
#1801 = DEFINITIONAL_REPRESENTATION('',(#1802),#1806);
#1802 = LINE('',#1803,#1804);
#1803 = CARTESIAN_POINT('',(73.637448145606,-4.5));
#1804 = VECTOR('',#1805,1.);
#1805 = DIRECTION('',(0.,-1.));
#1806 = ( GEOMETRIC_REPRESENTATION_CONTEXT(2) 
PARAMETRIC_REPRESENTATION_CONTEXT() REPRESENTATION_CONTEXT('2D SPACE',''
  ) );
#1807 = PCURVE('',#693,#1808);
#1808 = DEFINITIONAL_REPRESENTATION('',(#1809),#1813);
#1809 = LINE('',#1810,#1811);
#1810 = CARTESIAN_POINT('',(-4.5,76.293629770697));
#1811 = VECTOR('',#1812,1.);
#1812 = DIRECTION('',(1.,0.));
#1813 = ( GEOMETRIC_REPRESENTATION_CONTEXT(2) 
PARAMETRIC_REPRESENTATION_CONTEXT() REPRESENTATION_CONTEXT('2D SPACE',''
  ) );
#1814 = ORIENTED_EDGE('',*,*,#1815,.T.);
#1815 = EDGE_CURVE('',#1793,#1816,#1818,.T.);
#1816 = VERTEX_POINT('',#1817);
#1817 = CARTESIAN_POINT('',(33.,15.93155889099,111.94420953776));
#1818 = SURFACE_CURVE('',#1819,(#1823,#1830),.PCURVE_S1.);
#1819 = LINE('',#1820,#1821);
#1820 = CARTESIAN_POINT('',(33.,3.908410499457,197.76418848005));
#1821 = VECTOR('',#1822,1.);
#1822 = DIRECTION('',(0.,-0.138742362485,0.990328509562));
#1823 = PCURVE('',#537,#1824);
#1824 = DEFINITIONAL_REPRESENTATION('',(#1825),#1829);
#1825 = LINE('',#1826,#1827);
#1826 = CARTESIAN_POINT('',(187.50288511043,-9.));
#1827 = VECTOR('',#1828,1.);
#1828 = DIRECTION('',(1.,0.));
#1829 = ( GEOMETRIC_REPRESENTATION_CONTEXT(2) 
PARAMETRIC_REPRESENTATION_CONTEXT() REPRESENTATION_CONTEXT('2D SPACE',''
  ) );
#1830 = PCURVE('',#903,#1831);
#1831 = DEFINITIONAL_REPRESENTATION('',(#1832),#1836);
#1832 = LINE('',#1833,#1834);
#1833 = CARTESIAN_POINT('',(202.23581151994,-92.09158950054));
#1834 = VECTOR('',#1835,1.);
#1835 = DIRECTION('',(-0.990328509562,-0.138742362485));
#1836 = ( GEOMETRIC_REPRESENTATION_CONTEXT(2) 
PARAMETRIC_REPRESENTATION_CONTEXT() REPRESENTATION_CONTEXT('2D SPACE',''
  ) );
#1837 = ORIENTED_EDGE('',*,*,#1838,.F.);
#1838 = EDGE_CURVE('',#1839,#1816,#1841,.T.);
#1839 = VERTEX_POINT('',#1840);
#1840 = CARTESIAN_POINT('',(24.,15.93155889099,111.94420953776));
#1841 = SURFACE_CURVE('',#1842,(#1846,#1853),.PCURVE_S1.);
#1842 = LINE('',#1843,#1844);
#1843 = CARTESIAN_POINT('',(24.,15.93155889099,111.94420953776));
#1844 = VECTOR('',#1845,1.);
#1845 = DIRECTION('',(1.,0.,0.));
#1846 = PCURVE('',#537,#1847);
#1847 = DEFINITIONAL_REPRESENTATION('',(#1848),#1852);
#1848 = LINE('',#1849,#1850);
#1849 = CARTESIAN_POINT('',(100.84479326148,0.));
#1850 = VECTOR('',#1851,1.);
#1851 = DIRECTION('',(0.,-1.));
#1852 = ( GEOMETRIC_REPRESENTATION_CONTEXT(2) 
PARAMETRIC_REPRESENTATION_CONTEXT() REPRESENTATION_CONTEXT('2D SPACE',''
  ) );
#1853 = PCURVE('',#1854,#1859);
#1854 = PLANE('',#1855);
#1855 = AXIS2_PLACEMENT_3D('',#1856,#1857,#1858);
#1856 = CARTESIAN_POINT('',(24.,15.93155889099,111.94420953776));
#1857 = DIRECTION('',(0.,-0.980785280403,-0.195090322016));
#1858 = DIRECTION('',(0.,-0.195090322016,0.980785280403));
#1859 = DEFINITIONAL_REPRESENTATION('',(#1860),#1864);
#1860 = LINE('',#1861,#1862);
#1861 = CARTESIAN_POINT('',(0.,0.));
#1862 = VECTOR('',#1863,1.);
#1863 = DIRECTION('',(0.,-1.));
#1864 = ( GEOMETRIC_REPRESENTATION_CONTEXT(2) 
PARAMETRIC_REPRESENTATION_CONTEXT() REPRESENTATION_CONTEXT('2D SPACE',''
  ) );
#1865 = ORIENTED_EDGE('',*,*,#1866,.F.);
#1866 = EDGE_CURVE('',#598,#1839,#1867,.T.);
#1867 = SURFACE_CURVE('',#1868,(#1872,#1879),.PCURVE_S1.);
#1868 = LINE('',#1869,#1870);
#1869 = CARTESIAN_POINT('',(24.,29.923003752364,12.07473572998));
#1870 = VECTOR('',#1871,1.);
#1871 = DIRECTION('',(0.,-0.138742362485,0.990328509562));
#1872 = PCURVE('',#537,#1873);
#1873 = DEFINITIONAL_REPRESENTATION('',(#1874),#1878);
#1874 = LINE('',#1875,#1876);
#1875 = CARTESIAN_POINT('',(0.,0.));
#1876 = VECTOR('',#1877,1.);
#1877 = DIRECTION('',(1.,0.));
#1878 = ( GEOMETRIC_REPRESENTATION_CONTEXT(2) 
PARAMETRIC_REPRESENTATION_CONTEXT() REPRESENTATION_CONTEXT('2D SPACE',''
  ) );
#1879 = PCURVE('',#821,#1880);
#1880 = DEFINITIONAL_REPRESENTATION('',(#1881),#1885);
#1881 = LINE('',#1882,#1883);
#1882 = CARTESIAN_POINT('',(45.356923338788,15.278193292657));
#1883 = VECTOR('',#1884,1.);
#1884 = DIRECTION('',(-0.990328509562,-0.138742362485));
#1885 = ( GEOMETRIC_REPRESENTATION_CONTEXT(2) 
PARAMETRIC_REPRESENTATION_CONTEXT() REPRESENTATION_CONTEXT('2D SPACE',''
  ) );
#1886 = ADVANCED_FACE('',(#1887),#613,.F.);
#1887 = FACE_BOUND('',#1888,.F.);
#1888 = EDGE_LOOP('',(#1889,#1890,#1891,#1892,#1913));
#1889 = ORIENTED_EDGE('',*,*,#1657,.F.);
#1890 = ORIENTED_EDGE('',*,*,#942,.T.);
#1891 = ORIENTED_EDGE('',*,*,#597,.T.);
#1892 = ORIENTED_EDGE('',*,*,#1893,.T.);
#1893 = EDGE_CURVE('',#598,#763,#1894,.T.);
#1894 = SURFACE_CURVE('',#1895,(#1899,#1906),.PCURVE_S1.);
#1895 = LINE('',#1896,#1897);
#1896 = CARTESIAN_POINT('',(24.,48.,28.));
#1897 = VECTOR('',#1898,1.);
#1898 = DIRECTION('',(0.,-1.,1.224646799147E-16));
#1899 = PCURVE('',#613,#1900);
#1900 = DEFINITIONAL_REPRESENTATION('',(#1901),#1905);
#1901 = LINE('',#1902,#1903);
#1902 = CARTESIAN_POINT('',(24.,0.));
#1903 = VECTOR('',#1904,1.);
#1904 = DIRECTION('',(0.,1.));
#1905 = ( GEOMETRIC_REPRESENTATION_CONTEXT(2) 
PARAMETRIC_REPRESENTATION_CONTEXT() REPRESENTATION_CONTEXT('2D SPACE',''
  ) );
#1906 = PCURVE('',#821,#1907);
#1907 = DEFINITIONAL_REPRESENTATION('',(#1908),#1912);
#1908 = LINE('',#1909,#1910);
#1909 = CARTESIAN_POINT('',(29.431659068768,33.355189540293));
#1910 = VECTOR('',#1911,1.);
#1911 = DIRECTION('',(0.,-1.));
#1912 = ( GEOMETRIC_REPRESENTATION_CONTEXT(2) 
PARAMETRIC_REPRESENTATION_CONTEXT() REPRESENTATION_CONTEXT('2D SPACE',''
  ) );
#1913 = ORIENTED_EDGE('',*,*,#760,.F.);
#1914 = ADVANCED_FACE('',(#1915),#693,.F.);
#1915 = FACE_BOUND('',#1916,.F.);
#1916 = EDGE_LOOP('',(#1917,#1938,#1939,#1940));
#1917 = ORIENTED_EDGE('',*,*,#1918,.F.);
#1918 = EDGE_CURVE('',#1793,#888,#1919,.T.);
#1919 = SURFACE_CURVE('',#1920,(#1924,#1931),.PCURVE_S1.);
#1920 = LINE('',#1921,#1922);
#1921 = CARTESIAN_POINT('',(33.,96.,85.));
#1922 = VECTOR('',#1923,1.);
#1923 = DIRECTION('',(0.,-1.,1.224646799147E-16));
#1924 = PCURVE('',#693,#1925);
#1925 = DEFINITIONAL_REPRESENTATION('',(#1926),#1930);
#1926 = LINE('',#1927,#1928);
#1927 = CARTESIAN_POINT('',(0.,0.));
#1928 = VECTOR('',#1929,1.);
#1929 = DIRECTION('',(0.,1.));
#1930 = ( GEOMETRIC_REPRESENTATION_CONTEXT(2) 
PARAMETRIC_REPRESENTATION_CONTEXT() REPRESENTATION_CONTEXT('2D SPACE',''
  ) );
#1931 = PCURVE('',#903,#1932);
#1932 = DEFINITIONAL_REPRESENTATION('',(#1933),#1937);
#1933 = LINE('',#1934,#1935);
#1934 = CARTESIAN_POINT('',(315.,-4.056189972464E-15));
#1935 = VECTOR('',#1936,1.);
#1936 = DIRECTION('',(0.,-1.));
#1937 = ( GEOMETRIC_REPRESENTATION_CONTEXT(2) 
PARAMETRIC_REPRESENTATION_CONTEXT() REPRESENTATION_CONTEXT('2D SPACE',''
  ) );
#1938 = ORIENTED_EDGE('',*,*,#1792,.T.);
#1939 = ORIENTED_EDGE('',*,*,#677,.F.);
#1940 = ORIENTED_EDGE('',*,*,#915,.T.);
#1941 = ADVANCED_FACE('',(#1942),#745,.F.);
#1942 = FACE_BOUND('',#1943,.F.);
#1943 = EDGE_LOOP('',(#1944,#1945,#1968,#1995));
#1944 = ORIENTED_EDGE('',*,*,#728,.F.);
#1945 = ORIENTED_EDGE('',*,*,#1946,.F.);
#1946 = EDGE_CURVE('',#1947,#729,#1949,.T.);
#1947 = VERTEX_POINT('',#1948);
#1948 = CARTESIAN_POINT('',(33.5,21.,7.6));
#1949 = SEAM_CURVE('',#1950,(#1954,#1961),.PCURVE_S1.);
#1950 = LINE('',#1951,#1952);
#1951 = CARTESIAN_POINT('',(30.,21.,7.6));
#1952 = VECTOR('',#1953,1.);
#1953 = DIRECTION('',(1.,0.,0.));
#1954 = PCURVE('',#745,#1955);
#1955 = DEFINITIONAL_REPRESENTATION('',(#1956),#1960);
#1956 = LINE('',#1957,#1958);
#1957 = CARTESIAN_POINT('',(6.28318530718,-0.));
#1958 = VECTOR('',#1959,1.);
#1959 = DIRECTION('',(0.,1.));
#1960 = ( GEOMETRIC_REPRESENTATION_CONTEXT(2) 
PARAMETRIC_REPRESENTATION_CONTEXT() REPRESENTATION_CONTEXT('2D SPACE',''
  ) );
#1961 = PCURVE('',#745,#1962);
#1962 = DEFINITIONAL_REPRESENTATION('',(#1963),#1967);
#1963 = LINE('',#1964,#1965);
#1964 = CARTESIAN_POINT('',(0.,-0.));
#1965 = VECTOR('',#1966,1.);
#1966 = DIRECTION('',(0.,1.));
#1967 = ( GEOMETRIC_REPRESENTATION_CONTEXT(2) 
PARAMETRIC_REPRESENTATION_CONTEXT() REPRESENTATION_CONTEXT('2D SPACE',''
  ) );
#1968 = ORIENTED_EDGE('',*,*,#1969,.T.);
#1969 = EDGE_CURVE('',#1947,#1947,#1970,.T.);
#1970 = SURFACE_CURVE('',#1971,(#1976,#1983),.PCURVE_S1.);
#1971 = CIRCLE('',#1972,3.3);
#1972 = AXIS2_PLACEMENT_3D('',#1973,#1974,#1975);
#1973 = CARTESIAN_POINT('',(33.5,21.,10.9));
#1974 = DIRECTION('',(1.,0.,0.));
#1975 = DIRECTION('',(0.,-1.224646799147E-16,-1.));
#1976 = PCURVE('',#745,#1977);
#1977 = DEFINITIONAL_REPRESENTATION('',(#1978),#1982);
#1978 = LINE('',#1979,#1980);
#1979 = CARTESIAN_POINT('',(0.,3.5));
#1980 = VECTOR('',#1981,1.);
#1981 = DIRECTION('',(1.,0.));
#1982 = ( GEOMETRIC_REPRESENTATION_CONTEXT(2) 
PARAMETRIC_REPRESENTATION_CONTEXT() REPRESENTATION_CONTEXT('2D SPACE',''
  ) );
#1983 = PCURVE('',#1984,#1989);
#1984 = CONICAL_SURFACE('',#1985,6.8,0.785398163397);
#1985 = AXIS2_PLACEMENT_3D('',#1986,#1987,#1988);
#1986 = CARTESIAN_POINT('',(30.,21.,10.9));
#1987 = DIRECTION('',(-1.,-0.,-0.));
#1988 = DIRECTION('',(0.,-1.224646799147E-16,-1.));
#1989 = DEFINITIONAL_REPRESENTATION('',(#1990),#1994);
#1990 = LINE('',#1991,#1992);
#1991 = CARTESIAN_POINT('',(-0.,-3.5));
#1992 = VECTOR('',#1993,1.);
#1993 = DIRECTION('',(-1.,-0.));
#1994 = ( GEOMETRIC_REPRESENTATION_CONTEXT(2) 
PARAMETRIC_REPRESENTATION_CONTEXT() REPRESENTATION_CONTEXT('2D SPACE',''
  ) );
#1995 = ORIENTED_EDGE('',*,*,#1946,.T.);
#1996 = ADVANCED_FACE('',(#1997,#2663),#821,.F.);
#1997 = FACE_BOUND('',#1998,.F.);
#1998 = EDGE_LOOP('',(#1999,#2000,#2001,#2002,#2003,#2026,#2054,#2082,
    #2110,#2138,#2166,#2194,#2222,#2250,#2278,#2306,#2334,#2362,#2390,
    #2418,#2446,#2474,#2502,#2530,#2558,#2586,#2614,#2642));
#1999 = ORIENTED_EDGE('',*,*,#836,.T.);
#2000 = ORIENTED_EDGE('',*,*,#807,.F.);
#2001 = ORIENTED_EDGE('',*,*,#1893,.F.);
#2002 = ORIENTED_EDGE('',*,*,#1866,.T.);
#2003 = ORIENTED_EDGE('',*,*,#2004,.T.);
#2004 = EDGE_CURVE('',#1839,#2005,#2007,.T.);
#2005 = VERTEX_POINT('',#2006);
#2006 = CARTESIAN_POINT('',(24.,15.727406610313,112.97055236082));
#2007 = SURFACE_CURVE('',#2008,(#2012,#2019),.PCURVE_S1.);
#2008 = LINE('',#2009,#2010);
#2009 = CARTESIAN_POINT('',(24.,15.93155889099,111.94420953776));
#2010 = VECTOR('',#2011,1.);
#2011 = DIRECTION('',(0.,-0.195090322016,0.980785280403));
#2012 = PCURVE('',#821,#2013);
#2013 = DEFINITIONAL_REPRESENTATION('',(#2014),#2018);
#2014 = LINE('',#2015,#2016);
#2015 = CARTESIAN_POINT('',(-54.51255046899,1.286748431283));
#2016 = VECTOR('',#2017,1.);
#2017 = DIRECTION('',(-0.980785280403,-0.195090322016));
#2018 = ( GEOMETRIC_REPRESENTATION_CONTEXT(2) 
PARAMETRIC_REPRESENTATION_CONTEXT() REPRESENTATION_CONTEXT('2D SPACE',''
  ) );
#2019 = PCURVE('',#1854,#2020);
#2020 = DEFINITIONAL_REPRESENTATION('',(#2021),#2025);
#2021 = LINE('',#2022,#2023);
#2022 = CARTESIAN_POINT('',(0.,0.));
#2023 = VECTOR('',#2024,1.);
#2024 = DIRECTION('',(1.,0.));
#2025 = ( GEOMETRIC_REPRESENTATION_CONTEXT(2) 
PARAMETRIC_REPRESENTATION_CONTEXT() REPRESENTATION_CONTEXT('2D SPACE',''
  ) );
#2026 = ORIENTED_EDGE('',*,*,#2027,.T.);
#2027 = EDGE_CURVE('',#2005,#2028,#2030,.T.);
#2028 = VERTEX_POINT('',#2029);
#2029 = CARTESIAN_POINT('',(24.,15.39103626009,113.96146745892));
#2030 = SURFACE_CURVE('',#2031,(#2035,#2042),.PCURVE_S1.);
#2031 = LINE('',#2032,#2033);
#2032 = CARTESIAN_POINT('',(24.,15.727406610313,112.97055236082));
#2033 = VECTOR('',#2034,1.);
#2034 = DIRECTION('',(0.,-0.321439465303,0.946930129495));
#2035 = PCURVE('',#821,#2036);
#2036 = DEFINITIONAL_REPRESENTATION('',(#2037),#2041);
#2037 = LINE('',#2038,#2039);
#2038 = CARTESIAN_POINT('',(-55.53889329205,1.082596150605));
#2039 = VECTOR('',#2040,1.);
#2040 = DIRECTION('',(-0.946930129495,-0.321439465303));
#2041 = ( GEOMETRIC_REPRESENTATION_CONTEXT(2) 
PARAMETRIC_REPRESENTATION_CONTEXT() REPRESENTATION_CONTEXT('2D SPACE',''
  ) );
#2042 = PCURVE('',#2043,#2048);
#2043 = PLANE('',#2044);
#2044 = AXIS2_PLACEMENT_3D('',#2045,#2046,#2047);
#2045 = CARTESIAN_POINT('',(24.,15.727406610313,112.97055236082));
#2046 = DIRECTION('',(0.,-0.946930129495,-0.321439465303));
#2047 = DIRECTION('',(0.,-0.321439465303,0.946930129495));
#2048 = DEFINITIONAL_REPRESENTATION('',(#2049),#2053);
#2049 = LINE('',#2050,#2051);
#2050 = CARTESIAN_POINT('',(0.,0.));
#2051 = VECTOR('',#2052,1.);
#2052 = DIRECTION('',(1.,0.));
#2053 = ( GEOMETRIC_REPRESENTATION_CONTEXT(2) 
PARAMETRIC_REPRESENTATION_CONTEXT() REPRESENTATION_CONTEXT('2D SPACE',''
  ) );
#2054 = ORIENTED_EDGE('',*,*,#2055,.T.);
#2055 = EDGE_CURVE('',#2028,#2056,#2058,.T.);
#2056 = VERTEX_POINT('',#2057);
#2057 = CARTESIAN_POINT('',(24.,14.928203230276,114.9));
#2058 = SURFACE_CURVE('',#2059,(#2063,#2070),.PCURVE_S1.);
#2059 = LINE('',#2060,#2061);
#2060 = CARTESIAN_POINT('',(24.,15.39103626009,113.96146745892));
#2061 = VECTOR('',#2062,1.);
#2062 = DIRECTION('',(0.,-0.442288690219,0.896872741533));
#2063 = PCURVE('',#821,#2064);
#2064 = DEFINITIONAL_REPRESENTATION('',(#2065),#2069);
#2065 = LINE('',#2066,#2067);
#2066 = CARTESIAN_POINT('',(-56.52980839015,0.746225800383));
#2067 = VECTOR('',#2068,1.);
#2068 = DIRECTION('',(-0.896872741533,-0.442288690219));
#2069 = ( GEOMETRIC_REPRESENTATION_CONTEXT(2) 
PARAMETRIC_REPRESENTATION_CONTEXT() REPRESENTATION_CONTEXT('2D SPACE',''
  ) );
#2070 = PCURVE('',#2071,#2076);
#2071 = PLANE('',#2072);
#2072 = AXIS2_PLACEMENT_3D('',#2073,#2074,#2075);
#2073 = CARTESIAN_POINT('',(24.,15.39103626009,113.96146745892));
#2074 = DIRECTION('',(0.,-0.896872741533,-0.442288690219));
#2075 = DIRECTION('',(0.,-0.442288690219,0.896872741533));
#2076 = DEFINITIONAL_REPRESENTATION('',(#2077),#2081);
#2077 = LINE('',#2078,#2079);
#2078 = CARTESIAN_POINT('',(0.,0.));
#2079 = VECTOR('',#2080,1.);
#2080 = DIRECTION('',(1.,0.));
#2081 = ( GEOMETRIC_REPRESENTATION_CONTEXT(2) 
PARAMETRIC_REPRESENTATION_CONTEXT() REPRESENTATION_CONTEXT('2D SPACE',''
  ) );
#2082 = ORIENTED_EDGE('',*,*,#2083,.T.);
#2083 = EDGE_CURVE('',#2056,#2084,#2086,.T.);
#2084 = VERTEX_POINT('',#2085);
#2085 = CARTESIAN_POINT('',(24.,14.34682672233,115.77009143207));
#2086 = SURFACE_CURVE('',#2087,(#2091,#2098),.PCURVE_S1.);
#2087 = LINE('',#2088,#2089);
#2088 = CARTESIAN_POINT('',(24.,14.928203230276,114.9));
#2089 = VECTOR('',#2090,1.);
#2090 = DIRECTION('',(0.,-0.55557023302,0.831469612303));
#2091 = PCURVE('',#821,#2092);
#2092 = DEFINITIONAL_REPRESENTATION('',(#2093),#2097);
#2093 = LINE('',#2094,#2095);
#2094 = CARTESIAN_POINT('',(-57.46834093123,0.283392770568));
#2095 = VECTOR('',#2096,1.);
#2096 = DIRECTION('',(-0.831469612303,-0.55557023302));
#2097 = ( GEOMETRIC_REPRESENTATION_CONTEXT(2) 
PARAMETRIC_REPRESENTATION_CONTEXT() REPRESENTATION_CONTEXT('2D SPACE',''
  ) );
#2098 = PCURVE('',#2099,#2104);
#2099 = PLANE('',#2100);
#2100 = AXIS2_PLACEMENT_3D('',#2101,#2102,#2103);
#2101 = CARTESIAN_POINT('',(24.,14.928203230276,114.9));
#2102 = DIRECTION('',(0.,-0.831469612303,-0.55557023302));
#2103 = DIRECTION('',(0.,-0.55557023302,0.831469612303));
#2104 = DEFINITIONAL_REPRESENTATION('',(#2105),#2109);
#2105 = LINE('',#2106,#2107);
#2106 = CARTESIAN_POINT('',(0.,0.));
#2107 = VECTOR('',#2108,1.);
#2108 = DIRECTION('',(1.,0.));
#2109 = ( GEOMETRIC_REPRESENTATION_CONTEXT(2) 
PARAMETRIC_REPRESENTATION_CONTEXT() REPRESENTATION_CONTEXT('2D SPACE',''
  ) );
#2110 = ORIENTED_EDGE('',*,*,#2111,.T.);
#2111 = EDGE_CURVE('',#2084,#2112,#2114,.T.);
#2112 = VERTEX_POINT('',#2113);
#2113 = CARTESIAN_POINT('',(24.,13.656854249492,116.55685424949));
#2114 = SURFACE_CURVE('',#2115,(#2119,#2126),.PCURVE_S1.);
#2115 = LINE('',#2116,#2117);
#2116 = CARTESIAN_POINT('',(24.,14.34682672233,115.77009143207));
#2117 = VECTOR('',#2118,1.);
#2118 = DIRECTION('',(0.,-0.6593458151,0.751839807479));
#2119 = PCURVE('',#821,#2120);
#2120 = DEFINITIONAL_REPRESENTATION('',(#2121),#2125);
#2121 = LINE('',#2122,#2123);
#2122 = CARTESIAN_POINT('',(-58.3384323633,-0.297983737378));
#2123 = VECTOR('',#2124,1.);
#2124 = DIRECTION('',(-0.751839807479,-0.6593458151));
#2125 = ( GEOMETRIC_REPRESENTATION_CONTEXT(2) 
PARAMETRIC_REPRESENTATION_CONTEXT() REPRESENTATION_CONTEXT('2D SPACE',''
  ) );
#2126 = PCURVE('',#2127,#2132);
#2127 = PLANE('',#2128);
#2128 = AXIS2_PLACEMENT_3D('',#2129,#2130,#2131);
#2129 = CARTESIAN_POINT('',(24.,14.34682672233,115.77009143207));
#2130 = DIRECTION('',(0.,-0.751839807479,-0.6593458151));
#2131 = DIRECTION('',(0.,-0.6593458151,0.751839807479));
#2132 = DEFINITIONAL_REPRESENTATION('',(#2133),#2137);
#2133 = LINE('',#2134,#2135);
#2134 = CARTESIAN_POINT('',(0.,0.));
#2135 = VECTOR('',#2136,1.);
#2136 = DIRECTION('',(1.,0.));
#2137 = ( GEOMETRIC_REPRESENTATION_CONTEXT(2) 
PARAMETRIC_REPRESENTATION_CONTEXT() REPRESENTATION_CONTEXT('2D SPACE',''
  ) );
#2138 = ORIENTED_EDGE('',*,*,#2139,.T.);
#2139 = EDGE_CURVE('',#2112,#2140,#2142,.T.);
#2140 = VERTEX_POINT('',#2141);
#2141 = CARTESIAN_POINT('',(24.,12.87009143207,117.24682672233));
#2142 = SURFACE_CURVE('',#2143,(#2147,#2154),.PCURVE_S1.);
#2143 = LINE('',#2144,#2145);
#2144 = CARTESIAN_POINT('',(24.,13.656854249492,116.55685424949));
#2145 = VECTOR('',#2146,1.);
#2146 = DIRECTION('',(0.,-0.751839807479,0.6593458151));
#2147 = PCURVE('',#821,#2148);
#2148 = DEFINITIONAL_REPRESENTATION('',(#2149),#2153);
#2149 = LINE('',#2150,#2151);
#2150 = CARTESIAN_POINT('',(-59.12519518072,-0.987956210215));
#2151 = VECTOR('',#2152,1.);
#2152 = DIRECTION('',(-0.6593458151,-0.751839807479));
#2153 = ( GEOMETRIC_REPRESENTATION_CONTEXT(2) 
PARAMETRIC_REPRESENTATION_CONTEXT() REPRESENTATION_CONTEXT('2D SPACE',''
  ) );
#2154 = PCURVE('',#2155,#2160);
#2155 = PLANE('',#2156);
#2156 = AXIS2_PLACEMENT_3D('',#2157,#2158,#2159);
#2157 = CARTESIAN_POINT('',(24.,13.656854249492,116.55685424949));
#2158 = DIRECTION('',(0.,-0.6593458151,-0.751839807479));
#2159 = DIRECTION('',(0.,-0.751839807479,0.6593458151));
#2160 = DEFINITIONAL_REPRESENTATION('',(#2161),#2165);
#2161 = LINE('',#2162,#2163);
#2162 = CARTESIAN_POINT('',(0.,0.));
#2163 = VECTOR('',#2164,1.);
#2164 = DIRECTION('',(1.,0.));
#2165 = ( GEOMETRIC_REPRESENTATION_CONTEXT(2) 
PARAMETRIC_REPRESENTATION_CONTEXT() REPRESENTATION_CONTEXT('2D SPACE',''
  ) );
#2166 = ORIENTED_EDGE('',*,*,#2167,.T.);
#2167 = EDGE_CURVE('',#2140,#2168,#2170,.T.);
#2168 = VERTEX_POINT('',#2169);
#2169 = CARTESIAN_POINT('',(24.,12.,117.82820323027));
#2170 = SURFACE_CURVE('',#2171,(#2175,#2182),.PCURVE_S1.);
#2171 = LINE('',#2172,#2173);
#2172 = CARTESIAN_POINT('',(24.,12.87009143207,117.24682672233));
#2173 = VECTOR('',#2174,1.);
#2174 = DIRECTION('',(0.,-0.831469612303,0.55557023302));
#2175 = PCURVE('',#821,#2176);
#2176 = DEFINITIONAL_REPRESENTATION('',(#2177),#2181);
#2177 = LINE('',#2178,#2179);
#2178 = CARTESIAN_POINT('',(-59.81516765356,-1.774719027638));
#2179 = VECTOR('',#2180,1.);
#2180 = DIRECTION('',(-0.55557023302,-0.831469612303));
#2181 = ( GEOMETRIC_REPRESENTATION_CONTEXT(2) 
PARAMETRIC_REPRESENTATION_CONTEXT() REPRESENTATION_CONTEXT('2D SPACE',''
  ) );
#2182 = PCURVE('',#2183,#2188);
#2183 = PLANE('',#2184);
#2184 = AXIS2_PLACEMENT_3D('',#2185,#2186,#2187);
#2185 = CARTESIAN_POINT('',(24.,12.87009143207,117.24682672233));
#2186 = DIRECTION('',(0.,-0.55557023302,-0.831469612303));
#2187 = DIRECTION('',(0.,-0.831469612303,0.55557023302));
#2188 = DEFINITIONAL_REPRESENTATION('',(#2189),#2193);
#2189 = LINE('',#2190,#2191);
#2190 = CARTESIAN_POINT('',(0.,0.));
#2191 = VECTOR('',#2192,1.);
#2192 = DIRECTION('',(1.,0.));
#2193 = ( GEOMETRIC_REPRESENTATION_CONTEXT(2) 
PARAMETRIC_REPRESENTATION_CONTEXT() REPRESENTATION_CONTEXT('2D SPACE',''
  ) );
#2194 = ORIENTED_EDGE('',*,*,#2195,.T.);
#2195 = EDGE_CURVE('',#2168,#2196,#2198,.T.);
#2196 = VERTEX_POINT('',#2197);
#2197 = CARTESIAN_POINT('',(24.,11.061467458921,118.29103626009));
#2198 = SURFACE_CURVE('',#2199,(#2203,#2210),.PCURVE_S1.);
#2199 = LINE('',#2200,#2201);
#2200 = CARTESIAN_POINT('',(24.,12.,117.82820323027));
#2201 = VECTOR('',#2202,1.);
#2202 = DIRECTION('',(0.,-0.896872741533,0.442288690219));
#2203 = PCURVE('',#821,#2204);
#2204 = DEFINITIONAL_REPRESENTATION('',(#2205),#2209);
#2205 = LINE('',#2206,#2207);
#2206 = CARTESIAN_POINT('',(-60.3965441615,-2.644810459707));
#2207 = VECTOR('',#2208,1.);
#2208 = DIRECTION('',(-0.442288690219,-0.896872741533));
#2209 = ( GEOMETRIC_REPRESENTATION_CONTEXT(2) 
PARAMETRIC_REPRESENTATION_CONTEXT() REPRESENTATION_CONTEXT('2D SPACE',''
  ) );
#2210 = PCURVE('',#2211,#2216);
#2211 = PLANE('',#2212);
#2212 = AXIS2_PLACEMENT_3D('',#2213,#2214,#2215);
#2213 = CARTESIAN_POINT('',(24.,12.,117.82820323027));
#2214 = DIRECTION('',(0.,-0.442288690219,-0.896872741533));
#2215 = DIRECTION('',(0.,-0.896872741533,0.442288690219));
#2216 = DEFINITIONAL_REPRESENTATION('',(#2217),#2221);
#2217 = LINE('',#2218,#2219);
#2218 = CARTESIAN_POINT('',(0.,0.));
#2219 = VECTOR('',#2220,1.);
#2220 = DIRECTION('',(1.,0.));
#2221 = ( GEOMETRIC_REPRESENTATION_CONTEXT(2) 
PARAMETRIC_REPRESENTATION_CONTEXT() REPRESENTATION_CONTEXT('2D SPACE',''
  ) );
#2222 = ORIENTED_EDGE('',*,*,#2223,.T.);
#2223 = EDGE_CURVE('',#2196,#2224,#2226,.T.);
#2224 = VERTEX_POINT('',#2225);
#2225 = CARTESIAN_POINT('',(24.,10.07055236082,118.62740661031));
#2226 = SURFACE_CURVE('',#2227,(#2231,#2238),.PCURVE_S1.);
#2227 = LINE('',#2228,#2229);
#2228 = CARTESIAN_POINT('',(24.,11.061467458921,118.29103626009));
#2229 = VECTOR('',#2230,1.);
#2230 = DIRECTION('',(0.,-0.946930129495,0.321439465303));
#2231 = PCURVE('',#821,#2232);
#2232 = DEFINITIONAL_REPRESENTATION('',(#2233),#2237);
#2233 = LINE('',#2234,#2235);
#2234 = CARTESIAN_POINT('',(-60.85937719132,-3.583343000787));
#2235 = VECTOR('',#2236,1.);
#2236 = DIRECTION('',(-0.321439465303,-0.946930129495));
#2237 = ( GEOMETRIC_REPRESENTATION_CONTEXT(2) 
PARAMETRIC_REPRESENTATION_CONTEXT() REPRESENTATION_CONTEXT('2D SPACE',''
  ) );
#2238 = PCURVE('',#2239,#2244);
#2239 = PLANE('',#2240);
#2240 = AXIS2_PLACEMENT_3D('',#2241,#2242,#2243);
#2241 = CARTESIAN_POINT('',(24.,11.061467458921,118.29103626009));
#2242 = DIRECTION('',(0.,-0.321439465303,-0.946930129495));
#2243 = DIRECTION('',(0.,-0.946930129495,0.321439465303));
#2244 = DEFINITIONAL_REPRESENTATION('',(#2245),#2249);
#2245 = LINE('',#2246,#2247);
#2246 = CARTESIAN_POINT('',(0.,0.));
#2247 = VECTOR('',#2248,1.);
#2248 = DIRECTION('',(1.,0.));
#2249 = ( GEOMETRIC_REPRESENTATION_CONTEXT(2) 
PARAMETRIC_REPRESENTATION_CONTEXT() REPRESENTATION_CONTEXT('2D SPACE',''
  ) );
#2250 = ORIENTED_EDGE('',*,*,#2251,.T.);
#2251 = EDGE_CURVE('',#2224,#2252,#2254,.T.);
#2252 = VERTEX_POINT('',#2253);
#2253 = CARTESIAN_POINT('',(24.,9.04420953776,118.83155889099));
#2254 = SURFACE_CURVE('',#2255,(#2259,#2266),.PCURVE_S1.);
#2255 = LINE('',#2256,#2257);
#2256 = CARTESIAN_POINT('',(24.,10.07055236082,118.62740661031));
#2257 = VECTOR('',#2258,1.);
#2258 = DIRECTION('',(0.,-0.980785280403,0.195090322016));
#2259 = PCURVE('',#821,#2260);
#2260 = DEFINITIONAL_REPRESENTATION('',(#2261),#2265);
#2261 = LINE('',#2262,#2263);
#2262 = CARTESIAN_POINT('',(-61.19574754154,-4.574258098887));
#2263 = VECTOR('',#2264,1.);
#2264 = DIRECTION('',(-0.195090322016,-0.980785280403));
#2265 = ( GEOMETRIC_REPRESENTATION_CONTEXT(2) 
PARAMETRIC_REPRESENTATION_CONTEXT() REPRESENTATION_CONTEXT('2D SPACE',''
  ) );
#2266 = PCURVE('',#2267,#2272);
#2267 = PLANE('',#2268);
#2268 = AXIS2_PLACEMENT_3D('',#2269,#2270,#2271);
#2269 = CARTESIAN_POINT('',(24.,10.07055236082,118.62740661031));
#2270 = DIRECTION('',(0.,-0.195090322016,-0.980785280403));
#2271 = DIRECTION('',(0.,-0.980785280403,0.195090322016));
#2272 = DEFINITIONAL_REPRESENTATION('',(#2273),#2277);
#2273 = LINE('',#2274,#2275);
#2274 = CARTESIAN_POINT('',(0.,0.));
#2275 = VECTOR('',#2276,1.);
#2276 = DIRECTION('',(1.,0.));
#2277 = ( GEOMETRIC_REPRESENTATION_CONTEXT(2) 
PARAMETRIC_REPRESENTATION_CONTEXT() REPRESENTATION_CONTEXT('2D SPACE',''
  ) );
#2278 = ORIENTED_EDGE('',*,*,#2279,.T.);
#2279 = EDGE_CURVE('',#2252,#2280,#2282,.T.);
#2280 = VERTEX_POINT('',#2281);
#2281 = CARTESIAN_POINT('',(24.,8.,118.9));
#2282 = SURFACE_CURVE('',#2283,(#2287,#2294),.PCURVE_S1.);
#2283 = LINE('',#2284,#2285);
#2284 = CARTESIAN_POINT('',(24.,9.04420953776,118.83155889099));
#2285 = VECTOR('',#2286,1.);
#2286 = DIRECTION('',(0.,-0.997858923239,6.540312923017E-02));
#2287 = PCURVE('',#821,#2288);
#2288 = DEFINITIONAL_REPRESENTATION('',(#2289),#2293);
#2289 = LINE('',#2290,#2291);
#2290 = CARTESIAN_POINT('',(-61.39989982222,-5.600600921947));
#2291 = VECTOR('',#2292,1.);
#2292 = DIRECTION('',(-6.540312923017E-02,-0.997858923239));
#2293 = ( GEOMETRIC_REPRESENTATION_CONTEXT(2) 
PARAMETRIC_REPRESENTATION_CONTEXT() REPRESENTATION_CONTEXT('2D SPACE',''
  ) );
#2294 = PCURVE('',#2295,#2300);
#2295 = PLANE('',#2296);
#2296 = AXIS2_PLACEMENT_3D('',#2297,#2298,#2299);
#2297 = CARTESIAN_POINT('',(24.,9.04420953776,118.83155889099));
#2298 = DIRECTION('',(0.,-6.540312923017E-02,-0.997858923239));
#2299 = DIRECTION('',(0.,-0.997858923239,6.540312923017E-02));
#2300 = DEFINITIONAL_REPRESENTATION('',(#2301),#2305);
#2301 = LINE('',#2302,#2303);
#2302 = CARTESIAN_POINT('',(0.,0.));
#2303 = VECTOR('',#2304,1.);
#2304 = DIRECTION('',(1.,0.));
#2305 = ( GEOMETRIC_REPRESENTATION_CONTEXT(2) 
PARAMETRIC_REPRESENTATION_CONTEXT() REPRESENTATION_CONTEXT('2D SPACE',''
  ) );
#2306 = ORIENTED_EDGE('',*,*,#2307,.T.);
#2307 = EDGE_CURVE('',#2280,#2308,#2310,.T.);
#2308 = VERTEX_POINT('',#2309);
#2309 = CARTESIAN_POINT('',(24.,6.95579046224,118.83155889099));
#2310 = SURFACE_CURVE('',#2311,(#2315,#2322),.PCURVE_S1.);
#2311 = LINE('',#2312,#2313);
#2312 = CARTESIAN_POINT('',(24.,8.,118.9));
#2313 = VECTOR('',#2314,1.);
#2314 = DIRECTION('',(0.,-0.997858923239,-6.540312923017E-02));
#2315 = PCURVE('',#821,#2316);
#2316 = DEFINITIONAL_REPRESENTATION('',(#2317),#2321);
#2317 = LINE('',#2318,#2319);
#2318 = CARTESIAN_POINT('',(-61.46834093123,-6.644810459707));
#2319 = VECTOR('',#2320,1.);
#2320 = DIRECTION('',(6.540312923017E-02,-0.997858923239));
#2321 = ( GEOMETRIC_REPRESENTATION_CONTEXT(2) 
PARAMETRIC_REPRESENTATION_CONTEXT() REPRESENTATION_CONTEXT('2D SPACE',''
  ) );
#2322 = PCURVE('',#2323,#2328);
#2323 = PLANE('',#2324);
#2324 = AXIS2_PLACEMENT_3D('',#2325,#2326,#2327);
#2325 = CARTESIAN_POINT('',(24.,8.,118.9));
#2326 = DIRECTION('',(0.,6.540312923017E-02,-0.997858923239));
#2327 = DIRECTION('',(0.,-0.997858923239,-6.540312923017E-02));
#2328 = DEFINITIONAL_REPRESENTATION('',(#2329),#2333);
#2329 = LINE('',#2330,#2331);
#2330 = CARTESIAN_POINT('',(0.,0.));
#2331 = VECTOR('',#2332,1.);
#2332 = DIRECTION('',(1.,0.));
#2333 = ( GEOMETRIC_REPRESENTATION_CONTEXT(2) 
PARAMETRIC_REPRESENTATION_CONTEXT() REPRESENTATION_CONTEXT('2D SPACE',''
  ) );
#2334 = ORIENTED_EDGE('',*,*,#2335,.T.);
#2335 = EDGE_CURVE('',#2308,#2336,#2338,.T.);
#2336 = VERTEX_POINT('',#2337);
#2337 = CARTESIAN_POINT('',(24.,5.92944763918,118.62740661031));
#2338 = SURFACE_CURVE('',#2339,(#2343,#2350),.PCURVE_S1.);
#2339 = LINE('',#2340,#2341);
#2340 = CARTESIAN_POINT('',(24.,6.95579046224,118.83155889099));
#2341 = VECTOR('',#2342,1.);
#2342 = DIRECTION('',(0.,-0.980785280403,-0.195090322016));
#2343 = PCURVE('',#821,#2344);
#2344 = DEFINITIONAL_REPRESENTATION('',(#2345),#2349);
#2345 = LINE('',#2346,#2347);
#2346 = CARTESIAN_POINT('',(-61.39989982222,-7.689019997468));
#2347 = VECTOR('',#2348,1.);
#2348 = DIRECTION('',(0.195090322016,-0.980785280403));
#2349 = ( GEOMETRIC_REPRESENTATION_CONTEXT(2) 
PARAMETRIC_REPRESENTATION_CONTEXT() REPRESENTATION_CONTEXT('2D SPACE',''
  ) );
#2350 = PCURVE('',#2351,#2356);
#2351 = PLANE('',#2352);
#2352 = AXIS2_PLACEMENT_3D('',#2353,#2354,#2355);
#2353 = CARTESIAN_POINT('',(24.,6.95579046224,118.83155889099));
#2354 = DIRECTION('',(0.,0.195090322016,-0.980785280403));
#2355 = DIRECTION('',(0.,-0.980785280403,-0.195090322016));
#2356 = DEFINITIONAL_REPRESENTATION('',(#2357),#2361);
#2357 = LINE('',#2358,#2359);
#2358 = CARTESIAN_POINT('',(0.,0.));
#2359 = VECTOR('',#2360,1.);
#2360 = DIRECTION('',(1.,0.));
#2361 = ( GEOMETRIC_REPRESENTATION_CONTEXT(2) 
PARAMETRIC_REPRESENTATION_CONTEXT() REPRESENTATION_CONTEXT('2D SPACE',''
  ) );
#2362 = ORIENTED_EDGE('',*,*,#2363,.T.);
#2363 = EDGE_CURVE('',#2336,#2364,#2366,.T.);
#2364 = VERTEX_POINT('',#2365);
#2365 = CARTESIAN_POINT('',(24.,4.938532541079,118.29103626009));
#2366 = SURFACE_CURVE('',#2367,(#2371,#2378),.PCURVE_S1.);
#2367 = LINE('',#2368,#2369);
#2368 = CARTESIAN_POINT('',(24.,5.92944763918,118.62740661031));
#2369 = VECTOR('',#2370,1.);
#2370 = DIRECTION('',(0.,-0.946930129495,-0.321439465303));
#2371 = PCURVE('',#821,#2372);
#2372 = DEFINITIONAL_REPRESENTATION('',(#2373),#2377);
#2373 = LINE('',#2374,#2375);
#2374 = CARTESIAN_POINT('',(-61.19574754154,-8.715362820528));
#2375 = VECTOR('',#2376,1.);
#2376 = DIRECTION('',(0.321439465303,-0.946930129495));
#2377 = ( GEOMETRIC_REPRESENTATION_CONTEXT(2) 
PARAMETRIC_REPRESENTATION_CONTEXT() REPRESENTATION_CONTEXT('2D SPACE',''
  ) );
#2378 = PCURVE('',#2379,#2384);
#2379 = PLANE('',#2380);
#2380 = AXIS2_PLACEMENT_3D('',#2381,#2382,#2383);
#2381 = CARTESIAN_POINT('',(24.,5.92944763918,118.62740661031));
#2382 = DIRECTION('',(0.,0.321439465303,-0.946930129495));
#2383 = DIRECTION('',(0.,-0.946930129495,-0.321439465303));
#2384 = DEFINITIONAL_REPRESENTATION('',(#2385),#2389);
#2385 = LINE('',#2386,#2387);
#2386 = CARTESIAN_POINT('',(0.,0.));
#2387 = VECTOR('',#2388,1.);
#2388 = DIRECTION('',(1.,0.));
#2389 = ( GEOMETRIC_REPRESENTATION_CONTEXT(2) 
PARAMETRIC_REPRESENTATION_CONTEXT() REPRESENTATION_CONTEXT('2D SPACE',''
  ) );
#2390 = ORIENTED_EDGE('',*,*,#2391,.T.);
#2391 = EDGE_CURVE('',#2364,#2392,#2394,.T.);
#2392 = VERTEX_POINT('',#2393);
#2393 = CARTESIAN_POINT('',(24.,4.,117.82820323027));
#2394 = SURFACE_CURVE('',#2395,(#2399,#2406),.PCURVE_S1.);
#2395 = LINE('',#2396,#2397);
#2396 = CARTESIAN_POINT('',(24.,4.938532541079,118.29103626009));
#2397 = VECTOR('',#2398,1.);
#2398 = DIRECTION('',(0.,-0.896872741533,-0.442288690219));
#2399 = PCURVE('',#821,#2400);
#2400 = DEFINITIONAL_REPRESENTATION('',(#2401),#2405);
#2401 = LINE('',#2402,#2403);
#2402 = CARTESIAN_POINT('',(-60.85937719132,-9.706277918628));
#2403 = VECTOR('',#2404,1.);
#2404 = DIRECTION('',(0.442288690219,-0.896872741533));
#2405 = ( GEOMETRIC_REPRESENTATION_CONTEXT(2) 
PARAMETRIC_REPRESENTATION_CONTEXT() REPRESENTATION_CONTEXT('2D SPACE',''
  ) );
#2406 = PCURVE('',#2407,#2412);
#2407 = PLANE('',#2408);
#2408 = AXIS2_PLACEMENT_3D('',#2409,#2410,#2411);
#2409 = CARTESIAN_POINT('',(24.,4.938532541079,118.29103626009));
#2410 = DIRECTION('',(0.,0.442288690219,-0.896872741533));
#2411 = DIRECTION('',(0.,-0.896872741533,-0.442288690219));
#2412 = DEFINITIONAL_REPRESENTATION('',(#2413),#2417);
#2413 = LINE('',#2414,#2415);
#2414 = CARTESIAN_POINT('',(0.,0.));
#2415 = VECTOR('',#2416,1.);
#2416 = DIRECTION('',(1.,0.));
#2417 = ( GEOMETRIC_REPRESENTATION_CONTEXT(2) 
PARAMETRIC_REPRESENTATION_CONTEXT() REPRESENTATION_CONTEXT('2D SPACE',''
  ) );
#2418 = ORIENTED_EDGE('',*,*,#2419,.T.);
#2419 = EDGE_CURVE('',#2392,#2420,#2422,.T.);
#2420 = VERTEX_POINT('',#2421);
#2421 = CARTESIAN_POINT('',(24.,3.12990856793,117.24682672233));
#2422 = SURFACE_CURVE('',#2423,(#2427,#2434),.PCURVE_S1.);
#2423 = LINE('',#2424,#2425);
#2424 = CARTESIAN_POINT('',(24.,4.,117.82820323027));
#2425 = VECTOR('',#2426,1.);
#2426 = DIRECTION('',(0.,-0.831469612303,-0.55557023302));
#2427 = PCURVE('',#821,#2428);
#2428 = DEFINITIONAL_REPRESENTATION('',(#2429),#2433);
#2429 = LINE('',#2430,#2431);
#2430 = CARTESIAN_POINT('',(-60.3965441615,-10.6448104597));
#2431 = VECTOR('',#2432,1.);
#2432 = DIRECTION('',(0.55557023302,-0.831469612303));
#2433 = ( GEOMETRIC_REPRESENTATION_CONTEXT(2) 
PARAMETRIC_REPRESENTATION_CONTEXT() REPRESENTATION_CONTEXT('2D SPACE',''
  ) );
#2434 = PCURVE('',#2435,#2440);
#2435 = PLANE('',#2436);
#2436 = AXIS2_PLACEMENT_3D('',#2437,#2438,#2439);
#2437 = CARTESIAN_POINT('',(24.,4.,117.82820323027));
#2438 = DIRECTION('',(0.,0.55557023302,-0.831469612303));
#2439 = DIRECTION('',(0.,-0.831469612303,-0.55557023302));
#2440 = DEFINITIONAL_REPRESENTATION('',(#2441),#2445);
#2441 = LINE('',#2442,#2443);
#2442 = CARTESIAN_POINT('',(0.,0.));
#2443 = VECTOR('',#2444,1.);
#2444 = DIRECTION('',(1.,0.));
#2445 = ( GEOMETRIC_REPRESENTATION_CONTEXT(2) 
PARAMETRIC_REPRESENTATION_CONTEXT() REPRESENTATION_CONTEXT('2D SPACE',''
  ) );
#2446 = ORIENTED_EDGE('',*,*,#2447,.T.);
#2447 = EDGE_CURVE('',#2420,#2448,#2450,.T.);
#2448 = VERTEX_POINT('',#2449);
#2449 = CARTESIAN_POINT('',(24.,2.343145750508,116.55685424949));
#2450 = SURFACE_CURVE('',#2451,(#2455,#2462),.PCURVE_S1.);
#2451 = LINE('',#2452,#2453);
#2452 = CARTESIAN_POINT('',(24.,3.12990856793,117.24682672233));
#2453 = VECTOR('',#2454,1.);
#2454 = DIRECTION('',(0.,-0.751839807479,-0.6593458151));
#2455 = PCURVE('',#821,#2456);
#2456 = DEFINITIONAL_REPRESENTATION('',(#2457),#2461);
#2457 = LINE('',#2458,#2459);
#2458 = CARTESIAN_POINT('',(-59.81516765356,-11.51490189177));
#2459 = VECTOR('',#2460,1.);
#2460 = DIRECTION('',(0.6593458151,-0.751839807479));
#2461 = ( GEOMETRIC_REPRESENTATION_CONTEXT(2) 
PARAMETRIC_REPRESENTATION_CONTEXT() REPRESENTATION_CONTEXT('2D SPACE',''
  ) );
#2462 = PCURVE('',#2463,#2468);
#2463 = PLANE('',#2464);
#2464 = AXIS2_PLACEMENT_3D('',#2465,#2466,#2467);
#2465 = CARTESIAN_POINT('',(24.,3.12990856793,117.24682672233));
#2466 = DIRECTION('',(0.,0.6593458151,-0.751839807479));
#2467 = DIRECTION('',(0.,-0.751839807479,-0.6593458151));
#2468 = DEFINITIONAL_REPRESENTATION('',(#2469),#2473);
#2469 = LINE('',#2470,#2471);
#2470 = CARTESIAN_POINT('',(0.,0.));
#2471 = VECTOR('',#2472,1.);
#2472 = DIRECTION('',(1.,0.));
#2473 = ( GEOMETRIC_REPRESENTATION_CONTEXT(2) 
PARAMETRIC_REPRESENTATION_CONTEXT() REPRESENTATION_CONTEXT('2D SPACE',''
  ) );
#2474 = ORIENTED_EDGE('',*,*,#2475,.T.);
#2475 = EDGE_CURVE('',#2448,#2476,#2478,.T.);
#2476 = VERTEX_POINT('',#2477);
#2477 = CARTESIAN_POINT('',(24.,1.65317327767,115.77009143207));
#2478 = SURFACE_CURVE('',#2479,(#2483,#2490),.PCURVE_S1.);
#2479 = LINE('',#2480,#2481);
#2480 = CARTESIAN_POINT('',(24.,2.343145750508,116.55685424949));
#2481 = VECTOR('',#2482,1.);
#2482 = DIRECTION('',(0.,-0.6593458151,-0.751839807479));
#2483 = PCURVE('',#821,#2484);
#2484 = DEFINITIONAL_REPRESENTATION('',(#2485),#2489);
#2485 = LINE('',#2486,#2487);
#2486 = CARTESIAN_POINT('',(-59.12519518072,-12.3016647092));
#2487 = VECTOR('',#2488,1.);
#2488 = DIRECTION('',(0.751839807479,-0.6593458151));
#2489 = ( GEOMETRIC_REPRESENTATION_CONTEXT(2) 
PARAMETRIC_REPRESENTATION_CONTEXT() REPRESENTATION_CONTEXT('2D SPACE',''
  ) );
#2490 = PCURVE('',#2491,#2496);
#2491 = PLANE('',#2492);
#2492 = AXIS2_PLACEMENT_3D('',#2493,#2494,#2495);
#2493 = CARTESIAN_POINT('',(24.,2.343145750508,116.55685424949));
#2494 = DIRECTION('',(0.,0.751839807479,-0.6593458151));
#2495 = DIRECTION('',(0.,-0.6593458151,-0.751839807479));
#2496 = DEFINITIONAL_REPRESENTATION('',(#2497),#2501);
#2497 = LINE('',#2498,#2499);
#2498 = CARTESIAN_POINT('',(0.,0.));
#2499 = VECTOR('',#2500,1.);
#2500 = DIRECTION('',(1.,0.));
#2501 = ( GEOMETRIC_REPRESENTATION_CONTEXT(2) 
PARAMETRIC_REPRESENTATION_CONTEXT() REPRESENTATION_CONTEXT('2D SPACE',''
  ) );
#2502 = ORIENTED_EDGE('',*,*,#2503,.T.);
#2503 = EDGE_CURVE('',#2476,#2504,#2506,.T.);
#2504 = VERTEX_POINT('',#2505);
#2505 = CARTESIAN_POINT('',(24.,1.071796769725,114.9));
#2506 = SURFACE_CURVE('',#2507,(#2511,#2518),.PCURVE_S1.);
#2507 = LINE('',#2508,#2509);
#2508 = CARTESIAN_POINT('',(24.,1.65317327767,115.77009143207));
#2509 = VECTOR('',#2510,1.);
#2510 = DIRECTION('',(0.,-0.55557023302,-0.831469612303));
#2511 = PCURVE('',#821,#2512);
#2512 = DEFINITIONAL_REPRESENTATION('',(#2513),#2517);
#2513 = LINE('',#2514,#2515);
#2514 = CARTESIAN_POINT('',(-58.3384323633,-12.99163718203));
#2515 = VECTOR('',#2516,1.);
#2516 = DIRECTION('',(0.831469612303,-0.55557023302));
#2517 = ( GEOMETRIC_REPRESENTATION_CONTEXT(2) 
PARAMETRIC_REPRESENTATION_CONTEXT() REPRESENTATION_CONTEXT('2D SPACE',''
  ) );
#2518 = PCURVE('',#2519,#2524);
#2519 = PLANE('',#2520);
#2520 = AXIS2_PLACEMENT_3D('',#2521,#2522,#2523);
#2521 = CARTESIAN_POINT('',(24.,1.65317327767,115.77009143207));
#2522 = DIRECTION('',(0.,0.831469612303,-0.55557023302));
#2523 = DIRECTION('',(0.,-0.55557023302,-0.831469612303));
#2524 = DEFINITIONAL_REPRESENTATION('',(#2525),#2529);
#2525 = LINE('',#2526,#2527);
#2526 = CARTESIAN_POINT('',(0.,0.));
#2527 = VECTOR('',#2528,1.);
#2528 = DIRECTION('',(1.,0.));
#2529 = ( GEOMETRIC_REPRESENTATION_CONTEXT(2) 
PARAMETRIC_REPRESENTATION_CONTEXT() REPRESENTATION_CONTEXT('2D SPACE',''
  ) );
#2530 = ORIENTED_EDGE('',*,*,#2531,.T.);
#2531 = EDGE_CURVE('',#2504,#2532,#2534,.T.);
#2532 = VERTEX_POINT('',#2533);
#2533 = CARTESIAN_POINT('',(24.,0.60896373991,113.96146745892));
#2534 = SURFACE_CURVE('',#2535,(#2539,#2546),.PCURVE_S1.);
#2535 = LINE('',#2536,#2537);
#2536 = CARTESIAN_POINT('',(24.,1.071796769725,114.9));
#2537 = VECTOR('',#2538,1.);
#2538 = DIRECTION('',(0.,-0.442288690219,-0.896872741533));
#2539 = PCURVE('',#821,#2540);
#2540 = DEFINITIONAL_REPRESENTATION('',(#2541),#2545);
#2541 = LINE('',#2542,#2543);
#2542 = CARTESIAN_POINT('',(-57.46834093123,-13.57301368998));
#2543 = VECTOR('',#2544,1.);
#2544 = DIRECTION('',(0.896872741533,-0.442288690219));
#2545 = ( GEOMETRIC_REPRESENTATION_CONTEXT(2) 
PARAMETRIC_REPRESENTATION_CONTEXT() REPRESENTATION_CONTEXT('2D SPACE',''
  ) );
#2546 = PCURVE('',#2547,#2552);
#2547 = PLANE('',#2548);
#2548 = AXIS2_PLACEMENT_3D('',#2549,#2550,#2551);
#2549 = CARTESIAN_POINT('',(24.,1.071796769725,114.9));
#2550 = DIRECTION('',(0.,0.896872741533,-0.442288690219));
#2551 = DIRECTION('',(0.,-0.442288690219,-0.896872741533));
#2552 = DEFINITIONAL_REPRESENTATION('',(#2553),#2557);
#2553 = LINE('',#2554,#2555);
#2554 = CARTESIAN_POINT('',(0.,0.));
#2555 = VECTOR('',#2556,1.);
#2556 = DIRECTION('',(1.,0.));
#2557 = ( GEOMETRIC_REPRESENTATION_CONTEXT(2) 
PARAMETRIC_REPRESENTATION_CONTEXT() REPRESENTATION_CONTEXT('2D SPACE',''
  ) );
#2558 = ORIENTED_EDGE('',*,*,#2559,.T.);
#2559 = EDGE_CURVE('',#2532,#2560,#2562,.T.);
#2560 = VERTEX_POINT('',#2561);
#2561 = CARTESIAN_POINT('',(24.,0.272593389687,112.97055236082));
#2562 = SURFACE_CURVE('',#2563,(#2567,#2574),.PCURVE_S1.);
#2563 = LINE('',#2564,#2565);
#2564 = CARTESIAN_POINT('',(24.,0.60896373991,113.96146745892));
#2565 = VECTOR('',#2566,1.);
#2566 = DIRECTION('',(0.,-0.321439465303,-0.946930129495));
#2567 = PCURVE('',#821,#2568);
#2568 = DEFINITIONAL_REPRESENTATION('',(#2569),#2573);
#2569 = LINE('',#2570,#2571);
#2570 = CARTESIAN_POINT('',(-56.52980839015,-14.03584671979));
#2571 = VECTOR('',#2572,1.);
#2572 = DIRECTION('',(0.946930129495,-0.321439465303));
#2573 = ( GEOMETRIC_REPRESENTATION_CONTEXT(2) 
PARAMETRIC_REPRESENTATION_CONTEXT() REPRESENTATION_CONTEXT('2D SPACE',''
  ) );
#2574 = PCURVE('',#2575,#2580);
#2575 = PLANE('',#2576);
#2576 = AXIS2_PLACEMENT_3D('',#2577,#2578,#2579);
#2577 = CARTESIAN_POINT('',(24.,0.60896373991,113.96146745892));
#2578 = DIRECTION('',(0.,0.946930129495,-0.321439465303));
#2579 = DIRECTION('',(0.,-0.321439465303,-0.946930129495));
#2580 = DEFINITIONAL_REPRESENTATION('',(#2581),#2585);
#2581 = LINE('',#2582,#2583);
#2582 = CARTESIAN_POINT('',(0.,0.));
#2583 = VECTOR('',#2584,1.);
#2584 = DIRECTION('',(1.,0.));
#2585 = ( GEOMETRIC_REPRESENTATION_CONTEXT(2) 
PARAMETRIC_REPRESENTATION_CONTEXT() REPRESENTATION_CONTEXT('2D SPACE',''
  ) );
#2586 = ORIENTED_EDGE('',*,*,#2587,.T.);
#2587 = EDGE_CURVE('',#2560,#2588,#2590,.T.);
#2588 = VERTEX_POINT('',#2589);
#2589 = CARTESIAN_POINT('',(24.,6.844110900951E-02,111.94420953776));
#2590 = SURFACE_CURVE('',#2591,(#2595,#2602),.PCURVE_S1.);
#2591 = LINE('',#2592,#2593);
#2592 = CARTESIAN_POINT('',(24.,0.272593389687,112.97055236082));
#2593 = VECTOR('',#2594,1.);
#2594 = DIRECTION('',(0.,-0.195090322016,-0.980785280403));
#2595 = PCURVE('',#821,#2596);
#2596 = DEFINITIONAL_REPRESENTATION('',(#2597),#2601);
#2597 = LINE('',#2598,#2599);
#2598 = CARTESIAN_POINT('',(-55.53889329205,-14.37221707002));
#2599 = VECTOR('',#2600,1.);
#2600 = DIRECTION('',(0.980785280403,-0.195090322016));
#2601 = ( GEOMETRIC_REPRESENTATION_CONTEXT(2) 
PARAMETRIC_REPRESENTATION_CONTEXT() REPRESENTATION_CONTEXT('2D SPACE',''
  ) );
#2602 = PCURVE('',#2603,#2608);
#2603 = PLANE('',#2604);
#2604 = AXIS2_PLACEMENT_3D('',#2605,#2606,#2607);
#2605 = CARTESIAN_POINT('',(24.,0.272593389687,112.97055236082));
#2606 = DIRECTION('',(0.,0.980785280403,-0.195090322016));
#2607 = DIRECTION('',(0.,-0.195090322016,-0.980785280403));
#2608 = DEFINITIONAL_REPRESENTATION('',(#2609),#2613);
#2609 = LINE('',#2610,#2611);
#2610 = CARTESIAN_POINT('',(0.,0.));
#2611 = VECTOR('',#2612,1.);
#2612 = DIRECTION('',(1.,0.));
#2613 = ( GEOMETRIC_REPRESENTATION_CONTEXT(2) 
PARAMETRIC_REPRESENTATION_CONTEXT() REPRESENTATION_CONTEXT('2D SPACE',''
  ) );
#2614 = ORIENTED_EDGE('',*,*,#2615,.T.);
#2615 = EDGE_CURVE('',#2588,#2616,#2618,.T.);
#2616 = VERTEX_POINT('',#2617);
#2617 = CARTESIAN_POINT('',(24.,0.,110.9));
#2618 = SURFACE_CURVE('',#2619,(#2623,#2630),.PCURVE_S1.);
#2619 = LINE('',#2620,#2621);
#2620 = CARTESIAN_POINT('',(24.,6.844110900951E-02,111.94420953776));
#2621 = VECTOR('',#2622,1.);
#2622 = DIRECTION('',(0.,-6.540312923014E-02,-0.997858923239));
#2623 = PCURVE('',#821,#2624);
#2624 = DEFINITIONAL_REPRESENTATION('',(#2625),#2629);
#2625 = LINE('',#2626,#2627);
#2626 = CARTESIAN_POINT('',(-54.51255046899,-14.57636935069));
#2627 = VECTOR('',#2628,1.);
#2628 = DIRECTION('',(0.997858923239,-6.540312923014E-02));
#2629 = ( GEOMETRIC_REPRESENTATION_CONTEXT(2) 
PARAMETRIC_REPRESENTATION_CONTEXT() REPRESENTATION_CONTEXT('2D SPACE',''
  ) );
#2630 = PCURVE('',#2631,#2636);
#2631 = PLANE('',#2632);
#2632 = AXIS2_PLACEMENT_3D('',#2633,#2634,#2635);
#2633 = CARTESIAN_POINT('',(24.,6.844110900951E-02,111.94420953776));
#2634 = DIRECTION('',(0.,0.997858923239,-6.540312923014E-02));
#2635 = DIRECTION('',(0.,-6.540312923014E-02,-0.997858923239));
#2636 = DEFINITIONAL_REPRESENTATION('',(#2637),#2641);
#2637 = LINE('',#2638,#2639);
#2638 = CARTESIAN_POINT('',(0.,0.));
#2639 = VECTOR('',#2640,1.);
#2640 = DIRECTION('',(1.,0.));
#2641 = ( GEOMETRIC_REPRESENTATION_CONTEXT(2) 
PARAMETRIC_REPRESENTATION_CONTEXT() REPRESENTATION_CONTEXT('2D SPACE',''
  ) );
#2642 = ORIENTED_EDGE('',*,*,#2643,.T.);
#2643 = EDGE_CURVE('',#2616,#837,#2644,.T.);
#2644 = SURFACE_CURVE('',#2645,(#2649,#2656),.PCURVE_S1.);
#2645 = LINE('',#2646,#2647);
#2646 = CARTESIAN_POINT('',(24.,0.,110.9));
#2647 = VECTOR('',#2648,1.);
#2648 = DIRECTION('',(0.,6.540312923014E-02,-0.997858923239));
#2649 = PCURVE('',#821,#2650);
#2650 = DEFINITIONAL_REPRESENTATION('',(#2651),#2655);
#2651 = LINE('',#2652,#2653);
#2652 = CARTESIAN_POINT('',(-53.46834093123,-14.6448104597));
#2653 = VECTOR('',#2654,1.);
#2654 = DIRECTION('',(0.997858923239,6.540312923014E-02));
#2655 = ( GEOMETRIC_REPRESENTATION_CONTEXT(2) 
PARAMETRIC_REPRESENTATION_CONTEXT() REPRESENTATION_CONTEXT('2D SPACE',''
  ) );
#2656 = PCURVE('',#875,#2657);
#2657 = DEFINITIONAL_REPRESENTATION('',(#2658),#2662);
#2658 = LINE('',#2659,#2660);
#2659 = CARTESIAN_POINT('',(0.,0.));
#2660 = VECTOR('',#2661,1.);
#2661 = DIRECTION('',(1.,0.));
#2662 = ( GEOMETRIC_REPRESENTATION_CONTEXT(2) 
PARAMETRIC_REPRESENTATION_CONTEXT() REPRESENTATION_CONTEXT('2D SPACE',''
  ) );
#2663 = FACE_BOUND('',#2664,.F.);
#2664 = EDGE_LOOP('',(#2665));
#2665 = ORIENTED_EDGE('',*,*,#2666,.F.);
#2666 = EDGE_CURVE('',#2667,#2667,#2669,.T.);
#2667 = VERTEX_POINT('',#2668);
#2668 = CARTESIAN_POINT('',(24.,8.,105.1));
#2669 = SURFACE_CURVE('',#2670,(#2675,#2682),.PCURVE_S1.);
#2670 = CIRCLE('',#2671,5.8);
#2671 = AXIS2_PLACEMENT_3D('',#2672,#2673,#2674);
#2672 = CARTESIAN_POINT('',(24.,8.,110.9));
#2673 = DIRECTION('',(1.,0.,0.));
#2674 = DIRECTION('',(0.,-1.224646799147E-16,-1.));
#2675 = PCURVE('',#821,#2676);
#2676 = DEFINITIONAL_REPRESENTATION('',(#2677),#2681);
#2677 = CIRCLE('',#2678,5.8);
#2678 = AXIS2_PLACEMENT_2D('',#2679,#2680);
#2679 = CARTESIAN_POINT('',(-53.46834093123,-6.644810459707));
#2680 = DIRECTION('',(1.,0.));
#2681 = ( GEOMETRIC_REPRESENTATION_CONTEXT(2) 
PARAMETRIC_REPRESENTATION_CONTEXT() REPRESENTATION_CONTEXT('2D SPACE',''
  ) );
#2682 = PCURVE('',#2683,#2688);
#2683 = CONICAL_SURFACE('',#2684,6.8,0.785398163397);
#2684 = AXIS2_PLACEMENT_3D('',#2685,#2686,#2687);
#2685 = CARTESIAN_POINT('',(23.,8.,110.9));
#2686 = DIRECTION('',(-1.,-0.,-0.));
#2687 = DIRECTION('',(0.,-1.224646799147E-16,-1.));
#2688 = DEFINITIONAL_REPRESENTATION('',(#2689),#2693);
#2689 = LINE('',#2690,#2691);
#2690 = CARTESIAN_POINT('',(-0.,-1.));
#2691 = VECTOR('',#2692,1.);
#2692 = DIRECTION('',(-1.,-0.));
#2693 = ( GEOMETRIC_REPRESENTATION_CONTEXT(2) 
PARAMETRIC_REPRESENTATION_CONTEXT() REPRESENTATION_CONTEXT('2D SPACE',''
  ) );
#2694 = ADVANCED_FACE('',(#2695,#3250),#903,.T.);
#2695 = FACE_BOUND('',#2696,.T.);
#2696 = EDGE_LOOP('',(#2697,#2698,#2699,#2722,#2745,#2768,#2791,#2814,
    #2837,#2860,#2883,#2906,#2929,#2952,#2975,#2998,#3021,#3044,#3067,
    #3090,#3113,#3136,#3159,#3182,#3205,#3228,#3249));
#2697 = ORIENTED_EDGE('',*,*,#1918,.F.);
#2698 = ORIENTED_EDGE('',*,*,#1815,.T.);
#2699 = ORIENTED_EDGE('',*,*,#2700,.T.);
#2700 = EDGE_CURVE('',#1816,#2701,#2703,.T.);
#2701 = VERTEX_POINT('',#2702);
#2702 = CARTESIAN_POINT('',(33.,15.727406610313,112.97055236082));
#2703 = SURFACE_CURVE('',#2704,(#2708,#2715),.PCURVE_S1.);
#2704 = LINE('',#2705,#2706);
#2705 = CARTESIAN_POINT('',(33.,-10.10327396861,242.83015294374));
#2706 = VECTOR('',#2707,1.);
#2707 = DIRECTION('',(0.,-0.195090322016,0.980785280403));
#2708 = PCURVE('',#903,#2709);
#2709 = DEFINITIONAL_REPRESENTATION('',(#2710),#2714);
#2710 = LINE('',#2711,#2712);
#2711 = CARTESIAN_POINT('',(157.16984705625,-106.1032739686));
#2712 = VECTOR('',#2713,1.);
#2713 = DIRECTION('',(-0.980785280403,-0.195090322016));
#2714 = ( GEOMETRIC_REPRESENTATION_CONTEXT(2) 
PARAMETRIC_REPRESENTATION_CONTEXT() REPRESENTATION_CONTEXT('2D SPACE',''
  ) );
#2715 = PCURVE('',#1854,#2716);
#2716 = DEFINITIONAL_REPRESENTATION('',(#2717),#2721);
#2717 = LINE('',#2718,#2719);
#2718 = CARTESIAN_POINT('',(133.45015063049,-9.));
#2719 = VECTOR('',#2720,1.);
#2720 = DIRECTION('',(1.,0.));
#2721 = ( GEOMETRIC_REPRESENTATION_CONTEXT(2) 
PARAMETRIC_REPRESENTATION_CONTEXT() REPRESENTATION_CONTEXT('2D SPACE',''
  ) );
#2722 = ORIENTED_EDGE('',*,*,#2723,.T.);
#2723 = EDGE_CURVE('',#2701,#2724,#2726,.T.);
#2724 = VERTEX_POINT('',#2725);
#2725 = CARTESIAN_POINT('',(33.,15.39103626009,113.96146745892));
#2726 = SURFACE_CURVE('',#2727,(#2731,#2738),.PCURVE_S1.);
#2727 = LINE('',#2728,#2729);
#2728 = CARTESIAN_POINT('',(33.,-23.80869174525,229.4401423667));
#2729 = VECTOR('',#2730,1.);
#2730 = DIRECTION('',(0.,-0.321439465303,0.946930129495));
#2731 = PCURVE('',#903,#2732);
#2732 = DEFINITIONAL_REPRESENTATION('',(#2733),#2737);
#2733 = LINE('',#2734,#2735);
#2734 = CARTESIAN_POINT('',(170.55985763329,-119.8086917452));
#2735 = VECTOR('',#2736,1.);
#2736 = DIRECTION('',(-0.946930129495,-0.321439465303));
#2737 = ( GEOMETRIC_REPRESENTATION_CONTEXT(2) 
PARAMETRIC_REPRESENTATION_CONTEXT() REPRESENTATION_CONTEXT('2D SPACE',''
  ) );
#2738 = PCURVE('',#2043,#2739);
#2739 = DEFINITIONAL_REPRESENTATION('',(#2740),#2744);
#2740 = LINE('',#2741,#2742);
#2741 = CARTESIAN_POINT('',(122.99702626209,-9.));
#2742 = VECTOR('',#2743,1.);
#2743 = DIRECTION('',(1.,0.));
#2744 = ( GEOMETRIC_REPRESENTATION_CONTEXT(2) 
PARAMETRIC_REPRESENTATION_CONTEXT() REPRESENTATION_CONTEXT('2D SPACE',''
  ) );
#2745 = ORIENTED_EDGE('',*,*,#2746,.T.);
#2746 = EDGE_CURVE('',#2724,#2747,#2749,.T.);
#2747 = VERTEX_POINT('',#2748);
#2748 = CARTESIAN_POINT('',(33.,14.928203230276,114.9));
#2749 = SURFACE_CURVE('',#2750,(#2754,#2761),.PCURVE_S1.);
#2750 = LINE('',#2751,#2752);
#2751 = CARTESIAN_POINT('',(33.,-33.4570361051,213.01555938938));
#2752 = VECTOR('',#2753,1.);
#2753 = DIRECTION('',(0.,-0.442288690219,0.896872741533));
#2754 = PCURVE('',#903,#2755);
#2755 = DEFINITIONAL_REPRESENTATION('',(#2756),#2760);
#2756 = LINE('',#2757,#2758);
#2757 = CARTESIAN_POINT('',(186.98444061061,-129.4570361051));
#2758 = VECTOR('',#2759,1.);
#2759 = DIRECTION('',(-0.896872741533,-0.442288690219));
#2760 = ( GEOMETRIC_REPRESENTATION_CONTEXT(2) 
PARAMETRIC_REPRESENTATION_CONTEXT() REPRESENTATION_CONTEXT('2D SPACE',''
  ) );
#2761 = PCURVE('',#2071,#2762);
#2762 = DEFINITIONAL_REPRESENTATION('',(#2763),#2767);
#2763 = LINE('',#2764,#2765);
#2764 = CARTESIAN_POINT('',(110.44386493583,-9.));
#2765 = VECTOR('',#2766,1.);
#2766 = DIRECTION('',(1.,0.));
#2767 = ( GEOMETRIC_REPRESENTATION_CONTEXT(2) 
PARAMETRIC_REPRESENTATION_CONTEXT() REPRESENTATION_CONTEXT('2D SPACE',''
  ) );
#2768 = ORIENTED_EDGE('',*,*,#2769,.T.);
#2769 = EDGE_CURVE('',#2747,#2770,#2772,.T.);
#2770 = VERTEX_POINT('',#2771);
#2771 = CARTESIAN_POINT('',(33.,14.34682672233,115.77009143207));
#2772 = SURFACE_CURVE('',#2773,(#2777,#2784),.PCURVE_S1.);
#2773 = LINE('',#2774,#2775);
#2774 = CARTESIAN_POINT('',(33.,-38.40956962099,194.72561821695));
#2775 = VECTOR('',#2776,1.);
#2776 = DIRECTION('',(0.,-0.55557023302,0.831469612303));
#2777 = PCURVE('',#903,#2778);
#2778 = DEFINITIONAL_REPRESENTATION('',(#2779),#2783);
#2779 = LINE('',#2780,#2781);
#2780 = CARTESIAN_POINT('',(205.27438178304,-134.4095696209));
#2781 = VECTOR('',#2782,1.);
#2782 = DIRECTION('',(-0.831469612303,-0.55557023302));
#2783 = ( GEOMETRIC_REPRESENTATION_CONTEXT(2) 
PARAMETRIC_REPRESENTATION_CONTEXT() REPRESENTATION_CONTEXT('2D SPACE',''
  ) );
#2784 = PCURVE('',#2099,#2785);
#2785 = DEFINITIONAL_REPRESENTATION('',(#2786),#2790);
#2786 = LINE('',#2787,#2788);
#2787 = CARTESIAN_POINT('',(96.005454722392,-9.));
#2788 = VECTOR('',#2789,1.);
#2789 = DIRECTION('',(1.,0.));
#2790 = ( GEOMETRIC_REPRESENTATION_CONTEXT(2) 
PARAMETRIC_REPRESENTATION_CONTEXT() REPRESENTATION_CONTEXT('2D SPACE',''
  ) );
#2791 = ORIENTED_EDGE('',*,*,#2792,.T.);
#2792 = EDGE_CURVE('',#2770,#2793,#2795,.T.);
#2793 = VERTEX_POINT('',#2794);
#2794 = CARTESIAN_POINT('',(33.,13.656854249492,116.55685424949));
#2795 = SURFACE_CURVE('',#2796,(#2800,#2807),.PCURVE_S1.);
#2796 = LINE('',#2797,#2798);
#2797 = CARTESIAN_POINT('',(33.,-38.35391998051,175.8637757289));
#2798 = VECTOR('',#2799,1.);
#2799 = DIRECTION('',(0.,-0.6593458151,0.751839807479));
#2800 = PCURVE('',#903,#2801);
#2801 = DEFINITIONAL_REPRESENTATION('',(#2802),#2806);
#2802 = LINE('',#2803,#2804);
#2803 = CARTESIAN_POINT('',(224.13622427109,-134.3539199805));
#2804 = VECTOR('',#2805,1.);
#2805 = DIRECTION('',(-0.751839807479,-0.6593458151));
#2806 = ( GEOMETRIC_REPRESENTATION_CONTEXT(2) 
PARAMETRIC_REPRESENTATION_CONTEXT() REPRESENTATION_CONTEXT('2D SPACE',''
  ) );
#2807 = PCURVE('',#2127,#2808);
#2808 = DEFINITIONAL_REPRESENTATION('',(#2809),#2813);
#2809 = LINE('',#2810,#2811);
#2810 = CARTESIAN_POINT('',(79.928840823602,-9.));
#2811 = VECTOR('',#2812,1.);
#2812 = DIRECTION('',(1.,0.));
#2813 = ( GEOMETRIC_REPRESENTATION_CONTEXT(2) 
PARAMETRIC_REPRESENTATION_CONTEXT() REPRESENTATION_CONTEXT('2D SPACE',''
  ) );
#2814 = ORIENTED_EDGE('',*,*,#2815,.T.);
#2815 = EDGE_CURVE('',#2793,#2816,#2818,.T.);
#2816 = VERTEX_POINT('',#2817);
#2817 = CARTESIAN_POINT('',(33.,12.87009143207,117.24682672233));
#2818 = SURFACE_CURVE('',#2819,(#2823,#2830),.PCURVE_S1.);
#2819 = LINE('',#2820,#2821);
#2820 = CARTESIAN_POINT('',(33.,-33.32493758181,157.75877987477));
#2821 = VECTOR('',#2822,1.);
#2822 = DIRECTION('',(0.,-0.751839807479,0.6593458151));
#2823 = PCURVE('',#903,#2824);
#2824 = DEFINITIONAL_REPRESENTATION('',(#2825),#2829);
#2825 = LINE('',#2826,#2827);
#2826 = CARTESIAN_POINT('',(242.24122012522,-129.3249375818));
#2827 = VECTOR('',#2828,1.);
#2828 = DIRECTION('',(-0.6593458151,-0.751839807479));
#2829 = ( GEOMETRIC_REPRESENTATION_CONTEXT(2) 
PARAMETRIC_REPRESENTATION_CONTEXT() REPRESENTATION_CONTEXT('2D SPACE',''
  ) );
#2830 = PCURVE('',#2155,#2831);
#2831 = DEFINITIONAL_REPRESENTATION('',(#2832),#2836);
#2832 = LINE('',#2833,#2834);
#2833 = CARTESIAN_POINT('',(62.48909856056,-9.));
#2834 = VECTOR('',#2835,1.);
#2835 = DIRECTION('',(1.,0.));
#2836 = ( GEOMETRIC_REPRESENTATION_CONTEXT(2) 
PARAMETRIC_REPRESENTATION_CONTEXT() REPRESENTATION_CONTEXT('2D SPACE',''
  ) );
#2837 = ORIENTED_EDGE('',*,*,#2838,.T.);
#2838 = EDGE_CURVE('',#2816,#2839,#2841,.T.);
#2839 = VERTEX_POINT('',#2840);
#2840 = CARTESIAN_POINT('',(33.,12.,117.82820323027));
#2841 = SURFACE_CURVE('',#2842,(#2846,#2853),.PCURVE_S1.);
#2842 = LINE('',#2843,#2844);
#2843 = CARTESIAN_POINT('',(33.,-23.70178912617,141.68337605988));
#2844 = VECTOR('',#2845,1.);
#2845 = DIRECTION('',(0.,-0.831469612303,0.55557023302));
#2846 = PCURVE('',#903,#2847);
#2847 = DEFINITIONAL_REPRESENTATION('',(#2848),#2852);
#2848 = LINE('',#2849,#2850);
#2849 = CARTESIAN_POINT('',(258.31662394011,-119.7017891261));
#2850 = VECTOR('',#2851,1.);
#2851 = DIRECTION('',(-0.55557023302,-0.831469612303));
#2852 = ( GEOMETRIC_REPRESENTATION_CONTEXT(2) 
PARAMETRIC_REPRESENTATION_CONTEXT() REPRESENTATION_CONTEXT('2D SPACE',''
  ) );
#2853 = PCURVE('',#2183,#2854);
#2854 = DEFINITIONAL_REPRESENTATION('',(#2855),#2859);
#2855 = LINE('',#2856,#2857);
#2856 = CARTESIAN_POINT('',(43.984626758596,-9.));
#2857 = VECTOR('',#2858,1.);
#2858 = DIRECTION('',(1.,0.));
#2859 = ( GEOMETRIC_REPRESENTATION_CONTEXT(2) 
PARAMETRIC_REPRESENTATION_CONTEXT() REPRESENTATION_CONTEXT('2D SPACE',''
  ) );
#2860 = ORIENTED_EDGE('',*,*,#2861,.T.);
#2861 = EDGE_CURVE('',#2839,#2862,#2864,.T.);
#2862 = VERTEX_POINT('',#2863);
#2863 = CARTESIAN_POINT('',(33.,11.061467458921,118.29103626009));
#2864 = SURFACE_CURVE('',#2865,(#2869,#2876),.PCURVE_S1.);
#2865 = LINE('',#2866,#2867);
#2866 = CARTESIAN_POINT('',(33.,-10.18149436662,128.76690571971));
#2867 = VECTOR('',#2868,1.);
#2868 = DIRECTION('',(0.,-0.896872741533,0.442288690219));
#2869 = PCURVE('',#903,#2870);
#2870 = DEFINITIONAL_REPRESENTATION('',(#2871),#2875);
#2871 = LINE('',#2872,#2873);
#2872 = CARTESIAN_POINT('',(271.23309428028,-106.1814943666));
#2873 = VECTOR('',#2874,1.);
#2874 = DIRECTION('',(-0.442288690219,-0.896872741533));
#2875 = ( GEOMETRIC_REPRESENTATION_CONTEXT(2) 
PARAMETRIC_REPRESENTATION_CONTEXT() REPRESENTATION_CONTEXT('2D SPACE',''
  ) );
#2876 = PCURVE('',#2211,#2877);
#2877 = DEFINITIONAL_REPRESENTATION('',(#2878),#2882);
#2878 = LINE('',#2879,#2880);
#2879 = CARTESIAN_POINT('',(24.732042060636,-9.));
#2880 = VECTOR('',#2881,1.);
#2881 = DIRECTION('',(1.,0.));
#2882 = ( GEOMETRIC_REPRESENTATION_CONTEXT(2) 
PARAMETRIC_REPRESENTATION_CONTEXT() REPRESENTATION_CONTEXT('2D SPACE',''
  ) );
#2883 = ORIENTED_EDGE('',*,*,#2884,.T.);
#2884 = EDGE_CURVE('',#2862,#2885,#2887,.T.);
#2885 = VERTEX_POINT('',#2886);
#2886 = CARTESIAN_POINT('',(33.,10.07055236082,118.62740661031));
#2887 = SURFACE_CURVE('',#2888,(#2892,#2899),.PCURVE_S1.);
#2888 = LINE('',#2889,#2890);
#2889 = CARTESIAN_POINT('',(33.,6.269279889199,119.9177647399));
#2890 = VECTOR('',#2891,1.);
#2891 = DIRECTION('',(0.,-0.946930129495,0.321439465303));
#2892 = PCURVE('',#903,#2893);
#2893 = DEFINITIONAL_REPRESENTATION('',(#2894),#2898);
#2894 = LINE('',#2895,#2896);
#2895 = CARTESIAN_POINT('',(280.08223526009,-89.7307201108));
#2896 = VECTOR('',#2897,1.);
#2897 = DIRECTION('',(-0.321439465303,-0.946930129495));
#2898 = ( GEOMETRIC_REPRESENTATION_CONTEXT(2) 
PARAMETRIC_REPRESENTATION_CONTEXT() REPRESENTATION_CONTEXT('2D SPACE',''
  ) );
#2899 = PCURVE('',#2239,#2900);
#2900 = DEFINITIONAL_REPRESENTATION('',(#2901),#2905);
#2901 = LINE('',#2902,#2903);
#2902 = CARTESIAN_POINT('',(5.060761528707,-9.));
#2903 = VECTOR('',#2904,1.);
#2904 = DIRECTION('',(1.,0.));
#2905 = ( GEOMETRIC_REPRESENTATION_CONTEXT(2) 
PARAMETRIC_REPRESENTATION_CONTEXT() REPRESENTATION_CONTEXT('2D SPACE',''
  ) );
#2906 = ORIENTED_EDGE('',*,*,#2907,.T.);
#2907 = EDGE_CURVE('',#2885,#2908,#2910,.T.);
#2908 = VERTEX_POINT('',#2909);
#2909 = CARTESIAN_POINT('',(33.,9.04420953776,118.83155889099));
#2910 = SURFACE_CURVE('',#2911,(#2915,#2922),.PCURVE_S1.);
#2911 = LINE('',#2912,#2913);
#2912 = CARTESIAN_POINT('',(33.,24.480871296117,115.76101595619));
#2913 = VECTOR('',#2914,1.);
#2914 = DIRECTION('',(0.,-0.980785280403,0.195090322016));
#2915 = PCURVE('',#903,#2916);
#2916 = DEFINITIONAL_REPRESENTATION('',(#2917),#2921);
#2917 = LINE('',#2918,#2919);
#2918 = CARTESIAN_POINT('',(284.2389840438,-71.51912870388));
#2919 = VECTOR('',#2920,1.);
#2920 = DIRECTION('',(-0.195090322016,-0.980785280403));
#2921 = ( GEOMETRIC_REPRESENTATION_CONTEXT(2) 
PARAMETRIC_REPRESENTATION_CONTEXT() REPRESENTATION_CONTEXT('2D SPACE',''
  ) );
#2922 = PCURVE('',#2267,#2923);
#2923 = DEFINITIONAL_REPRESENTATION('',(#2924),#2928);
#2924 = LINE('',#2925,#2926);
#2925 = CARTESIAN_POINT('',(-14.69263377339,-9.));
#2926 = VECTOR('',#2927,1.);
#2927 = DIRECTION('',(1.,0.));
#2928 = ( GEOMETRIC_REPRESENTATION_CONTEXT(2) 
PARAMETRIC_REPRESENTATION_CONTEXT() REPRESENTATION_CONTEXT('2D SPACE',''
  ) );
#2929 = ORIENTED_EDGE('',*,*,#2930,.T.);
#2930 = EDGE_CURVE('',#2908,#2931,#2933,.T.);
#2931 = VERTEX_POINT('',#2932);
#2932 = CARTESIAN_POINT('',(33.,8.,118.9));
#2933 = SURFACE_CURVE('',#2934,(#2938,#2945),.PCURVE_S1.);
#2934 = LINE('',#2935,#2936);
#2935 = CARTESIAN_POINT('',(33.,43.161163560837,116.5954155836));
#2936 = VECTOR('',#2937,1.);
#2937 = DIRECTION('',(0.,-0.997858923239,6.540312923017E-02));
#2938 = PCURVE('',#903,#2939);
#2939 = DEFINITIONAL_REPRESENTATION('',(#2940),#2944);
#2940 = LINE('',#2941,#2942);
#2941 = CARTESIAN_POINT('',(283.40458441639,-52.83883643916));
#2942 = VECTOR('',#2943,1.);
#2943 = DIRECTION('',(-6.540312923017E-02,-0.997858923239));
#2944 = ( GEOMETRIC_REPRESENTATION_CONTEXT(2) 
PARAMETRIC_REPRESENTATION_CONTEXT() REPRESENTATION_CONTEXT('2D SPACE',''
  ) );
#2945 = PCURVE('',#2295,#2946);
#2946 = DEFINITIONAL_REPRESENTATION('',(#2947),#2951);
#2947 = LINE('',#2948,#2949);
#2948 = CARTESIAN_POINT('',(-34.19015777535,-9.));
#2949 = VECTOR('',#2950,1.);
#2950 = DIRECTION('',(1.,0.));
#2951 = ( GEOMETRIC_REPRESENTATION_CONTEXT(2) 
PARAMETRIC_REPRESENTATION_CONTEXT() REPRESENTATION_CONTEXT('2D SPACE',''
  ) );
#2952 = ORIENTED_EDGE('',*,*,#2953,.T.);
#2953 = EDGE_CURVE('',#2931,#2954,#2956,.T.);
#2954 = VERTEX_POINT('',#2955);
#2955 = CARTESIAN_POINT('',(33.,6.95579046224,118.83155889099));
#2956 = SURFACE_CURVE('',#2957,(#2961,#2968),.PCURVE_S1.);
#2957 = LINE('',#2958,#2959);
#2958 = CARTESIAN_POINT('',(33.,60.984515108491,122.37278859579));
#2959 = VECTOR('',#2960,1.);
#2960 = DIRECTION('',(0.,-0.997858923239,-6.540312923017E-02));
#2961 = PCURVE('',#903,#2962);
#2962 = DEFINITIONAL_REPRESENTATION('',(#2963),#2967);
#2963 = LINE('',#2964,#2965);
#2964 = CARTESIAN_POINT('',(277.6272114042,-35.0154848915));
#2965 = VECTOR('',#2966,1.);
#2966 = DIRECTION('',(6.540312923017E-02,-0.997858923239));
#2967 = ( GEOMETRIC_REPRESENTATION_CONTEXT(2) 
PARAMETRIC_REPRESENTATION_CONTEXT() REPRESENTATION_CONTEXT('2D SPACE',''
  ) );
#2968 = PCURVE('',#2323,#2969);
#2969 = DEFINITIONAL_REPRESENTATION('',(#2970),#2974);
#2970 = LINE('',#2971,#2972);
#2971 = CARTESIAN_POINT('',(-53.09820243579,-9.));
#2972 = VECTOR('',#2973,1.);
#2973 = DIRECTION('',(1.,0.));
#2974 = ( GEOMETRIC_REPRESENTATION_CONTEXT(2) 
PARAMETRIC_REPRESENTATION_CONTEXT() REPRESENTATION_CONTEXT('2D SPACE',''
  ) );
#2975 = ORIENTED_EDGE('',*,*,#2976,.T.);
#2976 = EDGE_CURVE('',#2954,#2977,#2979,.T.);
#2977 = VERTEX_POINT('',#2978);
#2978 = CARTESIAN_POINT('',(33.,5.92944763918,118.62740661031));
#2979 = SURFACE_CURVE('',#2980,(#2984,#2991),.PCURVE_S1.);
#2980 = LINE('',#2981,#2982);
#2981 = CARTESIAN_POINT('',(33.,76.682999545909,132.70116312059));
#2982 = VECTOR('',#2983,1.);
#2983 = DIRECTION('',(0.,-0.980785280403,-0.195090322016));
#2984 = PCURVE('',#903,#2985);
#2985 = DEFINITIONAL_REPRESENTATION('',(#2986),#2990);
#2986 = LINE('',#2987,#2988);
#2987 = CARTESIAN_POINT('',(267.2988368794,-19.31700045409));
#2988 = VECTOR('',#2989,1.);
#2989 = DIRECTION('',(0.195090322016,-0.980785280403));
#2990 = ( GEOMETRIC_REPRESENTATION_CONTEXT(2) 
PARAMETRIC_REPRESENTATION_CONTEXT() REPRESENTATION_CONTEXT('2D SPACE',''
  ) );
#2991 = PCURVE('',#2351,#2992);
#2992 = DEFINITIONAL_REPRESENTATION('',(#2993),#2997);
#2993 = LINE('',#2994,#2995);
#2994 = CARTESIAN_POINT('',(-71.09324586825,-9.));
#2995 = VECTOR('',#2996,1.);
#2996 = DIRECTION('',(1.,0.));
#2997 = ( GEOMETRIC_REPRESENTATION_CONTEXT(2) 
PARAMETRIC_REPRESENTATION_CONTEXT() REPRESENTATION_CONTEXT('2D SPACE',''
  ) );
#2998 = ORIENTED_EDGE('',*,*,#2999,.T.);
#2999 = EDGE_CURVE('',#2977,#3000,#3002,.T.);
#3000 = VERTEX_POINT('',#3001);
#3001 = CARTESIAN_POINT('',(33.,4.938532541079,118.29103626009));
#3002 = SURFACE_CURVE('',#3003,(#3007,#3014),.PCURVE_S1.);
#3003 = LINE('',#3004,#3005);
#3004 = CARTESIAN_POINT('',(33.,89.133724632666,146.87145279139));
#3005 = VECTOR('',#3006,1.);
#3006 = DIRECTION('',(0.,-0.946930129495,-0.321439465303));
#3007 = PCURVE('',#903,#3008);
#3008 = DEFINITIONAL_REPRESENTATION('',(#3009),#3013);
#3009 = LINE('',#3010,#3011);
#3010 = CARTESIAN_POINT('',(253.1285472086,-6.866275367334));
#3011 = VECTOR('',#3012,1.);
#3012 = DIRECTION('',(0.321439465303,-0.946930129495));
#3013 = ( GEOMETRIC_REPRESENTATION_CONTEXT(2) 
PARAMETRIC_REPRESENTATION_CONTEXT() REPRESENTATION_CONTEXT('2D SPACE',''
  ) );
#3014 = PCURVE('',#2379,#3015);
#3015 = DEFINITIONAL_REPRESENTATION('',(#3016),#3020);
#3016 = LINE('',#3017,#3018);
#3017 = CARTESIAN_POINT('',(-87.86738789043,-9.));
#3018 = VECTOR('',#3019,1.);
#3019 = DIRECTION('',(1.,0.));
#3020 = ( GEOMETRIC_REPRESENTATION_CONTEXT(2) 
PARAMETRIC_REPRESENTATION_CONTEXT() REPRESENTATION_CONTEXT('2D SPACE',''
  ) );
#3021 = ORIENTED_EDGE('',*,*,#3022,.T.);
#3022 = EDGE_CURVE('',#3000,#3023,#3025,.T.);
#3023 = VERTEX_POINT('',#3024);
#3024 = CARTESIAN_POINT('',(33.,4.,117.82820323027));
#3025 = SURFACE_CURVE('',#3026,(#3030,#3037),.PCURVE_S1.);
#3026 = LINE('',#3027,#3028);
#3027 = CARTESIAN_POINT('',(33.,97.436263513549,163.90586920743));
#3028 = VECTOR('',#3029,1.);
#3029 = DIRECTION('',(0.,-0.896872741533,-0.442288690219));
#3030 = PCURVE('',#903,#3031);
#3031 = DEFINITIONAL_REPRESENTATION('',(#3032),#3036);
#3032 = LINE('',#3033,#3034);
#3033 = CARTESIAN_POINT('',(236.09413079256,1.436263513549));
#3034 = VECTOR('',#3035,1.);
#3035 = DIRECTION('',(0.442288690219,-0.896872741533));
#3036 = ( GEOMETRIC_REPRESENTATION_CONTEXT(2) 
PARAMETRIC_REPRESENTATION_CONTEXT() REPRESENTATION_CONTEXT('2D SPACE',''
  ) );
#3037 = PCURVE('',#2407,#3038);
#3038 = DEFINITIONAL_REPRESENTATION('',(#3039),#3043);
#3039 = LINE('',#3040,#3041);
#3040 = CARTESIAN_POINT('',(-103.1336182816,-9.));
#3041 = VECTOR('',#3042,1.);
#3042 = DIRECTION('',(1.,0.));
#3043 = ( GEOMETRIC_REPRESENTATION_CONTEXT(2) 
PARAMETRIC_REPRESENTATION_CONTEXT() REPRESENTATION_CONTEXT('2D SPACE',''
  ) );
#3044 = ORIENTED_EDGE('',*,*,#3045,.T.);
#3045 = EDGE_CURVE('',#3023,#3046,#3048,.T.);
#3046 = VERTEX_POINT('',#3047);
#3047 = CARTESIAN_POINT('',(33.,3.12990856793,117.24682672233));
#3048 = SURFACE_CURVE('',#3049,(#3053,#3060),.PCURVE_S1.);
#3049 = LINE('',#3050,#3051);
#3050 = CARTESIAN_POINT('',(33.,100.97490586626,182.62476374435));
#3051 = VECTOR('',#3052,1.);
#3052 = DIRECTION('',(0.,-0.831469612303,-0.55557023302));
#3053 = PCURVE('',#903,#3054);
#3054 = DEFINITIONAL_REPRESENTATION('',(#3055),#3059);
#3055 = LINE('',#3056,#3057);
#3056 = CARTESIAN_POINT('',(217.37523625564,4.974905866268));
#3057 = VECTOR('',#3058,1.);
#3058 = DIRECTION('',(0.55557023302,-0.831469612303));
#3059 = ( GEOMETRIC_REPRESENTATION_CONTEXT(2) 
PARAMETRIC_REPRESENTATION_CONTEXT() REPRESENTATION_CONTEXT('2D SPACE',''
  ) );
#3060 = PCURVE('',#2435,#3061);
#3061 = DEFINITIONAL_REPRESENTATION('',(#3062),#3066);
#3062 = LINE('',#3063,#3064);
#3063 = CARTESIAN_POINT('',(-116.6307276073,-9.));
#3064 = VECTOR('',#3065,1.);
#3065 = DIRECTION('',(1.,0.));
#3066 = ( GEOMETRIC_REPRESENTATION_CONTEXT(2) 
PARAMETRIC_REPRESENTATION_CONTEXT() REPRESENTATION_CONTEXT('2D SPACE',''
  ) );
#3067 = ORIENTED_EDGE('',*,*,#3068,.T.);
#3068 = EDGE_CURVE('',#3046,#3069,#3071,.T.);
#3069 = VERTEX_POINT('',#3070);
#3070 = CARTESIAN_POINT('',(33.,2.343145750508,116.55685424949));
#3071 = SURFACE_CURVE('',#3072,(#3076,#3083),.PCURVE_S1.);
#3072 = LINE('',#3073,#3074);
#3073 = CARTESIAN_POINT('',(33.,99.461471448208,201.72734001163));
#3074 = VECTOR('',#3075,1.);
#3075 = DIRECTION('',(0.,-0.751839807479,-0.6593458151));
#3076 = PCURVE('',#903,#3077);
#3077 = DEFINITIONAL_REPRESENTATION('',(#3078),#3082);
#3078 = LINE('',#3079,#3080);
#3079 = CARTESIAN_POINT('',(198.27265998836,3.461471448208));
#3080 = VECTOR('',#3081,1.);
#3081 = DIRECTION('',(0.6593458151,-0.751839807479));
#3082 = ( GEOMETRIC_REPRESENTATION_CONTEXT(2) 
PARAMETRIC_REPRESENTATION_CONTEXT() REPRESENTATION_CONTEXT('2D SPACE',''
  ) );
#3083 = PCURVE('',#2463,#3084);
#3084 = DEFINITIONAL_REPRESENTATION('',(#3085),#3089);
#3085 = LINE('',#3086,#3087);
#3086 = CARTESIAN_POINT('',(-128.1277765848,-9.));
#3087 = VECTOR('',#3088,1.);
#3088 = DIRECTION('',(1.,0.));
#3089 = ( GEOMETRIC_REPRESENTATION_CONTEXT(2) 
PARAMETRIC_REPRESENTATION_CONTEXT() REPRESENTATION_CONTEXT('2D SPACE',''
  ) );
#3090 = ORIENTED_EDGE('',*,*,#3091,.T.);
#3091 = EDGE_CURVE('',#3069,#3092,#3094,.T.);
#3092 = VERTEX_POINT('',#3093);
#3093 = CARTESIAN_POINT('',(33.,1.65317327767,115.77009143207));
#3094 = SURFACE_CURVE('',#3095,(#3099,#3106),.PCURVE_S1.);
#3095 = LINE('',#3096,#3097);
#3096 = CARTESIAN_POINT('',(33.,92.95575375925,219.88073103806));
#3097 = VECTOR('',#3098,1.);
#3098 = DIRECTION('',(0.,-0.6593458151,-0.751839807479));
#3099 = PCURVE('',#903,#3100);
#3100 = DEFINITIONAL_REPRESENTATION('',(#3101),#3105);
#3101 = LINE('',#3102,#3103);
#3102 = CARTESIAN_POINT('',(180.11926896193,-3.04424624075));
#3103 = VECTOR('',#3104,1.);
#3104 = DIRECTION('',(0.751839807479,-0.6593458151));
#3105 = ( GEOMETRIC_REPRESENTATION_CONTEXT(2) 
PARAMETRIC_REPRESENTATION_CONTEXT() REPRESENTATION_CONTEXT('2D SPACE',''
  ) );
#3106 = PCURVE('',#2491,#3107);
#3107 = DEFINITIONAL_REPRESENTATION('',(#3108),#3112);
#3108 = LINE('',#3109,#3110);
#3109 = CARTESIAN_POINT('',(-137.4280475185,-9.));
#3110 = VECTOR('',#3111,1.);
#3111 = DIRECTION('',(1.,0.));
#3112 = ( GEOMETRIC_REPRESENTATION_CONTEXT(2) 
PARAMETRIC_REPRESENTATION_CONTEXT() REPRESENTATION_CONTEXT('2D SPACE',''
  ) );
#3113 = ORIENTED_EDGE('',*,*,#3114,.T.);
#3114 = EDGE_CURVE('',#3092,#3115,#3117,.T.);
#3115 = VERTEX_POINT('',#3116);
#3116 = CARTESIAN_POINT('',(33.,1.071796769725,114.9));
#3117 = SURFACE_CURVE('',#3118,(#3122,#3129),.PCURVE_S1.);
#3118 = LINE('',#3119,#3120);
#3119 = CARTESIAN_POINT('',(33.,81.862186850903,235.81136336348));
#3120 = VECTOR('',#3121,1.);
#3121 = DIRECTION('',(0.,-0.55557023302,-0.831469612303));
#3122 = PCURVE('',#903,#3123);
#3123 = DEFINITIONAL_REPRESENTATION('',(#3124),#3128);
#3124 = LINE('',#3125,#3126);
#3125 = CARTESIAN_POINT('',(164.18863663651,-14.13781314909));
#3126 = VECTOR('',#3127,1.);
#3127 = DIRECTION('',(0.831469612303,-0.55557023302));
#3128 = ( GEOMETRIC_REPRESENTATION_CONTEXT(2) 
PARAMETRIC_REPRESENTATION_CONTEXT() REPRESENTATION_CONTEXT('2D SPACE',''
  ) );
#3129 = PCURVE('',#2519,#3130);
#3130 = DEFINITIONAL_REPRESENTATION('',(#3131),#3135);
#3131 = LINE('',#3132,#3133);
#3132 = CARTESIAN_POINT('',(-144.3724101942,-9.));
#3133 = VECTOR('',#3134,1.);
#3134 = DIRECTION('',(1.,0.));
#3135 = ( GEOMETRIC_REPRESENTATION_CONTEXT(2) 
PARAMETRIC_REPRESENTATION_CONTEXT() REPRESENTATION_CONTEXT('2D SPACE',''
  ) );
#3136 = ORIENTED_EDGE('',*,*,#3137,.T.);
#3137 = EDGE_CURVE('',#3115,#3138,#3140,.T.);
#3138 = VERTEX_POINT('',#3139);
#3139 = CARTESIAN_POINT('',(33.,0.60896373991,113.96146745892));
#3140 = SURFACE_CURVE('',#3141,(#3145,#3152),.PCURVE_S1.);
#3141 = LINE('',#3142,#3143);
#3142 = CARTESIAN_POINT('',(33.,66.902949743629,248.39237263274));
#3143 = VECTOR('',#3144,1.);
#3144 = DIRECTION('',(0.,-0.442288690219,-0.896872741533));
#3145 = PCURVE('',#903,#3146);
#3146 = DEFINITIONAL_REPRESENTATION('',(#3147),#3151);
#3147 = LINE('',#3148,#3149);
#3148 = CARTESIAN_POINT('',(151.60762736725,-29.09705025637));
#3149 = VECTOR('',#3150,1.);
#3150 = DIRECTION('',(0.896872741533,-0.442288690219));
#3151 = ( GEOMETRIC_REPRESENTATION_CONTEXT(2) 
PARAMETRIC_REPRESENTATION_CONTEXT() REPRESENTATION_CONTEXT('2D SPACE',''
  ) );
#3152 = PCURVE('',#2547,#3153);
#3153 = DEFINITIONAL_REPRESENTATION('',(#3154),#3158);
#3154 = LINE('',#3155,#3156);
#3155 = CARTESIAN_POINT('',(-148.8420446412,-9.));
#3156 = VECTOR('',#3157,1.);
#3157 = DIRECTION('',(1.,0.));
#3158 = ( GEOMETRIC_REPRESENTATION_CONTEXT(2) 
PARAMETRIC_REPRESENTATION_CONTEXT() REPRESENTATION_CONTEXT('2D SPACE',''
  ) );
#3159 = ORIENTED_EDGE('',*,*,#3160,.T.);
#3160 = EDGE_CURVE('',#3138,#3161,#3163,.T.);
#3161 = VERTEX_POINT('',#3162);
#3162 = CARTESIAN_POINT('',(33.,0.272593389687,112.97055236082));
#3163 = SURFACE_CURVE('',#3164,(#3168,#3175),.PCURVE_S1.);
#3164 = LINE('',#3165,#3166);
#3165 = CARTESIAN_POINT('',(33.,49.069329947552,256.72110279213));
#3166 = VECTOR('',#3167,1.);
#3167 = DIRECTION('',(0.,-0.321439465303,-0.946930129495));
#3168 = PCURVE('',#903,#3169);
#3169 = DEFINITIONAL_REPRESENTATION('',(#3170),#3174);
#3170 = LINE('',#3171,#3172);
#3171 = CARTESIAN_POINT('',(143.27889720786,-46.93067005244));
#3172 = VECTOR('',#3173,1.);
#3173 = DIRECTION('',(0.946930129495,-0.321439465303));
#3174 = ( GEOMETRIC_REPRESENTATION_CONTEXT(2) 
PARAMETRIC_REPRESENTATION_CONTEXT() REPRESENTATION_CONTEXT('2D SPACE',''
  ) );
#3175 = PCURVE('',#2575,#3176);
#3176 = DEFINITIONAL_REPRESENTATION('',(#3177),#3181);
#3177 = LINE('',#3178,#3179);
#3178 = CARTESIAN_POINT('',(-150.7604741749,-9.));
#3179 = VECTOR('',#3180,1.);
#3180 = DIRECTION('',(1.,0.));
#3181 = ( GEOMETRIC_REPRESENTATION_CONTEXT(2) 
PARAMETRIC_REPRESENTATION_CONTEXT() REPRESENTATION_CONTEXT('2D SPACE',''
  ) );
#3182 = ORIENTED_EDGE('',*,*,#3183,.T.);
#3183 = EDGE_CURVE('',#3161,#3184,#3186,.T.);
#3184 = VERTEX_POINT('',#3185);
#3185 = CARTESIAN_POINT('',(33.,6.844110900951E-02,111.94420953776));
#3186 = SURFACE_CURVE('',#3187,(#3191,#3198),.PCURVE_S1.);
#3187 = LINE('',#3188,#3189);
#3188 = CARTESIAN_POINT('',(33.,29.554650678458,260.18139537934));
#3189 = VECTOR('',#3190,1.);
#3190 = DIRECTION('',(0.,-0.195090322016,-0.980785280403));
#3191 = PCURVE('',#903,#3192);
#3192 = DEFINITIONAL_REPRESENTATION('',(#3193),#3197);
#3193 = LINE('',#3194,#3195);
#3194 = CARTESIAN_POINT('',(139.81860462066,-66.44534932154));
#3195 = VECTOR('',#3196,1.);
#3196 = DIRECTION('',(0.980785280403,-0.195090322016));
#3197 = ( GEOMETRIC_REPRESENTATION_CONTEXT(2) 
PARAMETRIC_REPRESENTATION_CONTEXT() REPRESENTATION_CONTEXT('2D SPACE',''
  ) );
#3198 = PCURVE('',#2603,#3199);
#3199 = DEFINITIONAL_REPRESENTATION('',(#3200),#3204);
#3200 = LINE('',#3201,#3202);
#3201 = CARTESIAN_POINT('',(-150.094873934,-9.));
#3202 = VECTOR('',#3203,1.);
#3203 = DIRECTION('',(1.,0.));
#3204 = ( GEOMETRIC_REPRESENTATION_CONTEXT(2) 
PARAMETRIC_REPRESENTATION_CONTEXT() REPRESENTATION_CONTEXT('2D SPACE',''
  ) );
#3205 = ORIENTED_EDGE('',*,*,#3206,.T.);
#3206 = EDGE_CURVE('',#3184,#3207,#3209,.T.);
#3207 = VERTEX_POINT('',#3208);
#3208 = CARTESIAN_POINT('',(33.,0.,110.9));
#3209 = SURFACE_CURVE('',#3210,(#3214,#3221),.PCURVE_S1.);
#3210 = LINE('',#3211,#3212);
#3211 = CARTESIAN_POINT('',(33.,9.673324424237,258.48641073795));
#3212 = VECTOR('',#3213,1.);
#3213 = DIRECTION('',(0.,-6.540312923014E-02,-0.997858923239));
#3214 = PCURVE('',#903,#3215);
#3215 = DEFINITIONAL_REPRESENTATION('',(#3216),#3220);
#3216 = LINE('',#3217,#3218);
#3217 = CARTESIAN_POINT('',(141.51358926204,-86.32667557576));
#3218 = VECTOR('',#3219,1.);
#3219 = DIRECTION('',(0.997858923239,-6.540312923014E-02));
#3220 = ( GEOMETRIC_REPRESENTATION_CONTEXT(2) 
PARAMETRIC_REPRESENTATION_CONTEXT() REPRESENTATION_CONTEXT('2D SPACE',''
  ) );
#3221 = PCURVE('',#2631,#3222);
#3222 = DEFINITIONAL_REPRESENTATION('',(#3223),#3227);
#3223 = LINE('',#3224,#3225);
#3224 = CARTESIAN_POINT('',(-146.8566325233,-9.));
#3225 = VECTOR('',#3226,1.);
#3226 = DIRECTION('',(1.,0.));
#3227 = ( GEOMETRIC_REPRESENTATION_CONTEXT(2) 
PARAMETRIC_REPRESENTATION_CONTEXT() REPRESENTATION_CONTEXT('2D SPACE',''
  ) );
#3228 = ORIENTED_EDGE('',*,*,#3229,.T.);
#3229 = EDGE_CURVE('',#3207,#860,#3230,.T.);
#3230 = SURFACE_CURVE('',#3231,(#3235,#3242),.PCURVE_S1.);
#3231 = LINE('',#3232,#3233);
#3232 = CARTESIAN_POINT('',(33.,-9.228457215675,251.69904874251));
#3233 = VECTOR('',#3234,1.);
#3234 = DIRECTION('',(0.,6.540312923014E-02,-0.997858923239));
#3235 = PCURVE('',#903,#3236);
#3236 = DEFINITIONAL_REPRESENTATION('',(#3237),#3241);
#3237 = LINE('',#3238,#3239);
#3238 = CARTESIAN_POINT('',(148.30095125748,-105.2284572156));
#3239 = VECTOR('',#3240,1.);
#3240 = DIRECTION('',(0.997858923239,6.540312923014E-02));
#3241 = ( GEOMETRIC_REPRESENTATION_CONTEXT(2) 
PARAMETRIC_REPRESENTATION_CONTEXT() REPRESENTATION_CONTEXT('2D SPACE',''
  ) );
#3242 = PCURVE('',#875,#3243);
#3243 = DEFINITIONAL_REPRESENTATION('',(#3244),#3248);
#3244 = LINE('',#3245,#3246);
#3245 = CARTESIAN_POINT('',(-141.101157151,-9.));
#3246 = VECTOR('',#3247,1.);
#3247 = DIRECTION('',(1.,0.));
#3248 = ( GEOMETRIC_REPRESENTATION_CONTEXT(2) 
PARAMETRIC_REPRESENTATION_CONTEXT() REPRESENTATION_CONTEXT('2D SPACE',''
  ) );
#3249 = ORIENTED_EDGE('',*,*,#887,.T.);
#3250 = FACE_BOUND('',#3251,.T.);
#3251 = EDGE_LOOP('',(#3252));
#3252 = ORIENTED_EDGE('',*,*,#3253,.F.);
#3253 = EDGE_CURVE('',#3254,#3254,#3256,.T.);
#3254 = VERTEX_POINT('',#3255);
#3255 = CARTESIAN_POINT('',(33.,8.,107.6));
#3256 = SURFACE_CURVE('',#3257,(#3262,#3269),.PCURVE_S1.);
#3257 = CIRCLE('',#3258,3.3);
#3258 = AXIS2_PLACEMENT_3D('',#3259,#3260,#3261);
#3259 = CARTESIAN_POINT('',(33.,8.,110.9));
#3260 = DIRECTION('',(1.,0.,0.));
#3261 = DIRECTION('',(0.,-1.224646799147E-16,-1.));
#3262 = PCURVE('',#903,#3263);
#3263 = DEFINITIONAL_REPRESENTATION('',(#3264),#3268);
#3264 = CIRCLE('',#3265,3.3);
#3265 = AXIS2_PLACEMENT_2D('',#3266,#3267);
#3266 = CARTESIAN_POINT('',(289.1,-88.));
#3267 = DIRECTION('',(1.,0.));
#3268 = ( GEOMETRIC_REPRESENTATION_CONTEXT(2) 
PARAMETRIC_REPRESENTATION_CONTEXT() REPRESENTATION_CONTEXT('2D SPACE',''
  ) );
#3269 = PCURVE('',#3270,#3275);
#3270 = CYLINDRICAL_SURFACE('',#3271,3.3);
#3271 = AXIS2_PLACEMENT_3D('',#3272,#3273,#3274);
#3272 = CARTESIAN_POINT('',(23.,8.,110.9));
#3273 = DIRECTION('',(1.,0.,0.));
#3274 = DIRECTION('',(0.,-1.224646799147E-16,-1.));
#3275 = DEFINITIONAL_REPRESENTATION('',(#3276),#3280);
#3276 = LINE('',#3277,#3278);
#3277 = CARTESIAN_POINT('',(0.,10.));
#3278 = VECTOR('',#3279,1.);
#3279 = DIRECTION('',(1.,0.));
#3280 = ( GEOMETRIC_REPRESENTATION_CONTEXT(2) 
PARAMETRIC_REPRESENTATION_CONTEXT() REPRESENTATION_CONTEXT('2D SPACE',''
  ) );
#3281 = ADVANCED_FACE('',(#3282),#875,.F.);
#3282 = FACE_BOUND('',#3283,.F.);
#3283 = EDGE_LOOP('',(#3284,#3285,#3306,#3307));
#3284 = ORIENTED_EDGE('',*,*,#2643,.F.);
#3285 = ORIENTED_EDGE('',*,*,#3286,.T.);
#3286 = EDGE_CURVE('',#2616,#3207,#3287,.T.);
#3287 = SURFACE_CURVE('',#3288,(#3292,#3299),.PCURVE_S1.);
#3288 = LINE('',#3289,#3290);
#3289 = CARTESIAN_POINT('',(24.,0.,110.9));
#3290 = VECTOR('',#3291,1.);
#3291 = DIRECTION('',(1.,0.,0.));
#3292 = PCURVE('',#875,#3293);
#3293 = DEFINITIONAL_REPRESENTATION('',(#3294),#3298);
#3294 = LINE('',#3295,#3296);
#3295 = CARTESIAN_POINT('',(0.,0.));
#3296 = VECTOR('',#3297,1.);
#3297 = DIRECTION('',(0.,-1.));
#3298 = ( GEOMETRIC_REPRESENTATION_CONTEXT(2) 
PARAMETRIC_REPRESENTATION_CONTEXT() REPRESENTATION_CONTEXT('2D SPACE',''
  ) );
#3299 = PCURVE('',#2631,#3300);
#3300 = DEFINITIONAL_REPRESENTATION('',(#3301),#3305);
#3301 = LINE('',#3302,#3303);
#3302 = CARTESIAN_POINT('',(1.046450067682,0.));
#3303 = VECTOR('',#3304,1.);
#3304 = DIRECTION('',(0.,-1.));
#3305 = ( GEOMETRIC_REPRESENTATION_CONTEXT(2) 
PARAMETRIC_REPRESENTATION_CONTEXT() REPRESENTATION_CONTEXT('2D SPACE',''
  ) );
#3306 = ORIENTED_EDGE('',*,*,#3229,.T.);
#3307 = ORIENTED_EDGE('',*,*,#859,.F.);
#3308 = ADVANCED_FACE('',(#3309),#1004,.F.);
#3309 = FACE_BOUND('',#3310,.F.);
#3310 = EDGE_LOOP('',(#3311,#3312,#3313,#3314));
#3311 = ORIENTED_EDGE('',*,*,#1703,.F.);
#3312 = ORIENTED_EDGE('',*,*,#1164,.T.);
#3313 = ORIENTED_EDGE('',*,*,#1065,.T.);
#3314 = ORIENTED_EDGE('',*,*,#988,.F.);
#3315 = ADVANCED_FACE('',(#3316),#1129,.F.);
#3316 = FACE_BOUND('',#3317,.T.);
#3317 = EDGE_LOOP('',(#3318,#3319,#3320,#3321,#3342));
#3318 = ORIENTED_EDGE('',*,*,#1681,.F.);
#3319 = ORIENTED_EDGE('',*,*,#1113,.T.);
#3320 = ORIENTED_EDGE('',*,*,#1192,.T.);
#3321 = ORIENTED_EDGE('',*,*,#3322,.T.);
#3322 = EDGE_CURVE('',#1193,#1588,#3323,.T.);
#3323 = SURFACE_CURVE('',#3324,(#3328,#3335),.PCURVE_S1.);
#3324 = LINE('',#3325,#3326);
#3325 = CARTESIAN_POINT('',(24.,144.,28.));
#3326 = VECTOR('',#3327,1.);
#3327 = DIRECTION('',(-0.,1.,-1.224646799147E-16));
#3328 = PCURVE('',#1129,#3329);
#3329 = DEFINITIONAL_REPRESENTATION('',(#3330),#3334);
#3330 = LINE('',#3331,#3332);
#3331 = CARTESIAN_POINT('',(-24.,0.));
#3332 = VECTOR('',#3333,1.);
#3333 = DIRECTION('',(-0.,1.));
#3334 = ( GEOMETRIC_REPRESENTATION_CONTEXT(2) 
PARAMETRIC_REPRESENTATION_CONTEXT() REPRESENTATION_CONTEXT('2D SPACE',''
  ) );
#3335 = PCURVE('',#1491,#3336);
#3336 = DEFINITIONAL_REPRESENTATION('',(#3337),#3341);
#3337 = LINE('',#3338,#3339);
#3338 = CARTESIAN_POINT('',(-29.43165906876,33.355189540293));
#3339 = VECTOR('',#3340,1.);
#3340 = DIRECTION('',(-0.,-1.));
#3341 = ( GEOMETRIC_REPRESENTATION_CONTEXT(2) 
PARAMETRIC_REPRESENTATION_CONTEXT() REPRESENTATION_CONTEXT('2D SPACE',''
  ) );
#3342 = ORIENTED_EDGE('',*,*,#1585,.F.);
#3343 = ADVANCED_FACE('',(#3344),#1259,.F.);
#3344 = FACE_BOUND('',#3345,.T.);
#3345 = EDGE_LOOP('',(#3346,#3347,#3348,#3369));
#3346 = ORIENTED_EDGE('',*,*,#1319,.T.);
#3347 = ORIENTED_EDGE('',*,*,#1346,.T.);
#3348 = ORIENTED_EDGE('',*,*,#3349,.F.);
#3349 = EDGE_CURVE('',#1216,#1347,#3350,.T.);
#3350 = SURFACE_CURVE('',#3351,(#3355,#3362),.PCURVE_S1.);
#3351 = LINE('',#3352,#3353);
#3352 = CARTESIAN_POINT('',(24.,162.07699624763,12.07473572998));
#3353 = VECTOR('',#3354,1.);
#3354 = DIRECTION('',(1.,0.,0.));
#3355 = PCURVE('',#1259,#3356);
#3356 = DEFINITIONAL_REPRESENTATION('',(#3357),#3361);
#3357 = LINE('',#3358,#3359);
#3358 = CARTESIAN_POINT('',(-1.177256326143,0.));
#3359 = VECTOR('',#3360,1.);
#3360 = DIRECTION('',(-0.,-1.));
#3361 = ( GEOMETRIC_REPRESENTATION_CONTEXT(2) 
PARAMETRIC_REPRESENTATION_CONTEXT() REPRESENTATION_CONTEXT('2D SPACE',''
  ) );
#3362 = PCURVE('',#1231,#3363);
#3363 = DEFINITIONAL_REPRESENTATION('',(#3364),#3368);
#3364 = LINE('',#3365,#3366);
#3365 = CARTESIAN_POINT('',(-0.,0.));
#3366 = VECTOR('',#3367,1.);
#3367 = DIRECTION('',(-0.,-1.));
#3368 = ( GEOMETRIC_REPRESENTATION_CONTEXT(2) 
PARAMETRIC_REPRESENTATION_CONTEXT() REPRESENTATION_CONTEXT('2D SPACE',''
  ) );
#3369 = ORIENTED_EDGE('',*,*,#1243,.F.);
#3370 = ADVANCED_FACE('',(#3371),#1231,.F.);
#3371 = FACE_BOUND('',#3372,.T.);
#3372 = EDGE_LOOP('',(#3373,#3374,#3375,#3376,#3399,#3422,#3450));
#3373 = ORIENTED_EDGE('',*,*,#1215,.F.);
#3374 = ORIENTED_EDGE('',*,*,#3349,.T.);
#3375 = ORIENTED_EDGE('',*,*,#1369,.T.);
#3376 = ORIENTED_EDGE('',*,*,#3377,.F.);
#3377 = EDGE_CURVE('',#3378,#1370,#3380,.T.);
#3378 = VERTEX_POINT('',#3379);
#3379 = CARTESIAN_POINT('',(33.,172.29362977069,85.));
#3380 = SURFACE_CURVE('',#3381,(#3385,#3392),.PCURVE_S1.);
#3381 = LINE('',#3382,#3383);
#3382 = CARTESIAN_POINT('',(28.5,172.29362977069,85.));
#3383 = VECTOR('',#3384,1.);
#3384 = DIRECTION('',(1.,0.,0.));
#3385 = PCURVE('',#1231,#3386);
#3386 = DEFINITIONAL_REPRESENTATION('',(#3387),#3391);
#3387 = LINE('',#3388,#3389);
#3388 = CARTESIAN_POINT('',(-73.6374481456,-4.5));
#3389 = VECTOR('',#3390,1.);
#3390 = DIRECTION('',(-0.,-1.));
#3391 = ( GEOMETRIC_REPRESENTATION_CONTEXT(2) 
PARAMETRIC_REPRESENTATION_CONTEXT() REPRESENTATION_CONTEXT('2D SPACE',''
  ) );
#3392 = PCURVE('',#1408,#3393);
#3393 = DEFINITIONAL_REPRESENTATION('',(#3394),#3398);
#3394 = LINE('',#3395,#3396);
#3395 = CARTESIAN_POINT('',(4.5,76.293629770697));
#3396 = VECTOR('',#3397,1.);
#3397 = DIRECTION('',(-1.,0.));
#3398 = ( GEOMETRIC_REPRESENTATION_CONTEXT(2) 
PARAMETRIC_REPRESENTATION_CONTEXT() REPRESENTATION_CONTEXT('2D SPACE',''
  ) );
#3399 = ORIENTED_EDGE('',*,*,#3400,.T.);
#3400 = EDGE_CURVE('',#3378,#3401,#3403,.T.);
#3401 = VERTEX_POINT('',#3402);
#3402 = CARTESIAN_POINT('',(33.,176.06844110901,111.94420953776));
#3403 = SURFACE_CURVE('',#3404,(#3408,#3415),.PCURVE_S1.);
#3404 = LINE('',#3405,#3406);
#3405 = CARTESIAN_POINT('',(33.,188.09158950054,197.76418848005));
#3406 = VECTOR('',#3407,1.);
#3407 = DIRECTION('',(-0.,0.138742362485,0.990328509562));
#3408 = PCURVE('',#1231,#3409);
#3409 = DEFINITIONAL_REPRESENTATION('',(#3410),#3414);
#3410 = LINE('',#3411,#3412);
#3411 = CARTESIAN_POINT('',(-187.5028851104,-9.));
#3412 = VECTOR('',#3413,1.);
#3413 = DIRECTION('',(-1.,0.));
#3414 = ( GEOMETRIC_REPRESENTATION_CONTEXT(2) 
PARAMETRIC_REPRESENTATION_CONTEXT() REPRESENTATION_CONTEXT('2D SPACE',''
  ) );
#3415 = PCURVE('',#1547,#3416);
#3416 = DEFINITIONAL_REPRESENTATION('',(#3417),#3421);
#3417 = LINE('',#3418,#3419);
#3418 = CARTESIAN_POINT('',(-202.2358115199,-92.09158950054));
#3419 = VECTOR('',#3420,1.);
#3420 = DIRECTION('',(0.990328509562,-0.138742362485));
#3421 = ( GEOMETRIC_REPRESENTATION_CONTEXT(2) 
PARAMETRIC_REPRESENTATION_CONTEXT() REPRESENTATION_CONTEXT('2D SPACE',''
  ) );
#3422 = ORIENTED_EDGE('',*,*,#3423,.F.);
#3423 = EDGE_CURVE('',#3424,#3401,#3426,.T.);
#3424 = VERTEX_POINT('',#3425);
#3425 = CARTESIAN_POINT('',(24.,176.06844110901,111.94420953776));
#3426 = SURFACE_CURVE('',#3427,(#3431,#3438),.PCURVE_S1.);
#3427 = LINE('',#3428,#3429);
#3428 = CARTESIAN_POINT('',(24.,176.06844110901,111.94420953776));
#3429 = VECTOR('',#3430,1.);
#3430 = DIRECTION('',(1.,0.,0.));
#3431 = PCURVE('',#1231,#3432);
#3432 = DEFINITIONAL_REPRESENTATION('',(#3433),#3437);
#3433 = LINE('',#3434,#3435);
#3434 = CARTESIAN_POINT('',(-100.8447932614,0.));
#3435 = VECTOR('',#3436,1.);
#3436 = DIRECTION('',(-0.,-1.));
#3437 = ( GEOMETRIC_REPRESENTATION_CONTEXT(2) 
PARAMETRIC_REPRESENTATION_CONTEXT() REPRESENTATION_CONTEXT('2D SPACE',''
  ) );
#3438 = PCURVE('',#3439,#3444);
#3439 = PLANE('',#3440);
#3440 = AXIS2_PLACEMENT_3D('',#3441,#3442,#3443);
#3441 = CARTESIAN_POINT('',(24.,176.06844110901,111.94420953776));
#3442 = DIRECTION('',(0.,0.980785280403,-0.195090322016));
#3443 = DIRECTION('',(0.,-0.195090322016,-0.980785280403));
#3444 = DEFINITIONAL_REPRESENTATION('',(#3445),#3449);
#3445 = LINE('',#3446,#3447);
#3446 = CARTESIAN_POINT('',(-0.,0.));
#3447 = VECTOR('',#3448,1.);
#3448 = DIRECTION('',(-0.,-1.));
#3449 = ( GEOMETRIC_REPRESENTATION_CONTEXT(2) 
PARAMETRIC_REPRESENTATION_CONTEXT() REPRESENTATION_CONTEXT('2D SPACE',''
  ) );
#3450 = ORIENTED_EDGE('',*,*,#3451,.F.);
#3451 = EDGE_CURVE('',#1193,#3424,#3452,.T.);
#3452 = SURFACE_CURVE('',#3453,(#3457,#3464),.PCURVE_S1.);
#3453 = LINE('',#3454,#3455);
#3454 = CARTESIAN_POINT('',(24.,162.07699624763,12.07473572998));
#3455 = VECTOR('',#3456,1.);
#3456 = DIRECTION('',(-0.,0.138742362485,0.990328509562));
#3457 = PCURVE('',#1231,#3458);
#3458 = DEFINITIONAL_REPRESENTATION('',(#3459),#3463);
#3459 = LINE('',#3460,#3461);
#3460 = CARTESIAN_POINT('',(-0.,0.));
#3461 = VECTOR('',#3462,1.);
#3462 = DIRECTION('',(-1.,0.));
#3463 = ( GEOMETRIC_REPRESENTATION_CONTEXT(2) 
PARAMETRIC_REPRESENTATION_CONTEXT() REPRESENTATION_CONTEXT('2D SPACE',''
  ) );
#3464 = PCURVE('',#1491,#3465);
#3465 = DEFINITIONAL_REPRESENTATION('',(#3466),#3470);
#3466 = LINE('',#3467,#3468);
#3467 = CARTESIAN_POINT('',(-45.35692333878,15.278193292657));
#3468 = VECTOR('',#3469,1.);
#3469 = DIRECTION('',(0.990328509562,-0.138742362485));
#3470 = ( GEOMETRIC_REPRESENTATION_CONTEXT(2) 
PARAMETRIC_REPRESENTATION_CONTEXT() REPRESENTATION_CONTEXT('2D SPACE',''
  ) );
#3471 = ADVANCED_FACE('',(#3472),#1408,.F.);
#3472 = FACE_BOUND('',#3473,.T.);
#3473 = EDGE_LOOP('',(#3474,#3495,#3496,#3497));
#3474 = ORIENTED_EDGE('',*,*,#3475,.F.);
#3475 = EDGE_CURVE('',#3378,#1532,#3476,.T.);
#3476 = SURFACE_CURVE('',#3477,(#3481,#3488),.PCURVE_S1.);
#3477 = LINE('',#3478,#3479);
#3478 = CARTESIAN_POINT('',(33.,96.,85.));
#3479 = VECTOR('',#3480,1.);
#3480 = DIRECTION('',(-0.,1.,-1.224646799147E-16));
#3481 = PCURVE('',#1408,#3482);
#3482 = DEFINITIONAL_REPRESENTATION('',(#3483),#3487);
#3483 = LINE('',#3484,#3485);
#3484 = CARTESIAN_POINT('',(-0.,0.));
#3485 = VECTOR('',#3486,1.);
#3486 = DIRECTION('',(-0.,1.));
#3487 = ( GEOMETRIC_REPRESENTATION_CONTEXT(2) 
PARAMETRIC_REPRESENTATION_CONTEXT() REPRESENTATION_CONTEXT('2D SPACE',''
  ) );
#3488 = PCURVE('',#1547,#3489);
#3489 = DEFINITIONAL_REPRESENTATION('',(#3490),#3494);
#3490 = LINE('',#3491,#3492);
#3491 = CARTESIAN_POINT('',(-315.,4.056189972464E-15));
#3492 = VECTOR('',#3493,1.);
#3493 = DIRECTION('',(-0.,-1.));
#3494 = ( GEOMETRIC_REPRESENTATION_CONTEXT(2) 
PARAMETRIC_REPRESENTATION_CONTEXT() REPRESENTATION_CONTEXT('2D SPACE',''
  ) );
#3495 = ORIENTED_EDGE('',*,*,#3377,.T.);
#3496 = ORIENTED_EDGE('',*,*,#1392,.F.);
#3497 = ORIENTED_EDGE('',*,*,#1559,.T.);
#3498 = ADVANCED_FACE('',(#3499),#1460,.F.);
#3499 = FACE_BOUND('',#3500,.F.);
#3500 = EDGE_LOOP('',(#3501,#3502,#3525,#3552));
#3501 = ORIENTED_EDGE('',*,*,#1443,.F.);
#3502 = ORIENTED_EDGE('',*,*,#3503,.F.);
#3503 = EDGE_CURVE('',#3504,#1444,#3506,.T.);
#3504 = VERTEX_POINT('',#3505);
#3505 = CARTESIAN_POINT('',(33.5,171.,7.6));
#3506 = SEAM_CURVE('',#3507,(#3511,#3518),.PCURVE_S1.);
#3507 = LINE('',#3508,#3509);
#3508 = CARTESIAN_POINT('',(30.,171.,7.6));
#3509 = VECTOR('',#3510,1.);
#3510 = DIRECTION('',(1.,0.,0.));
#3511 = PCURVE('',#1460,#3512);
#3512 = DEFINITIONAL_REPRESENTATION('',(#3513),#3517);
#3513 = LINE('',#3514,#3515);
#3514 = CARTESIAN_POINT('',(6.28318530718,-0.));
#3515 = VECTOR('',#3516,1.);
#3516 = DIRECTION('',(0.,1.));
#3517 = ( GEOMETRIC_REPRESENTATION_CONTEXT(2) 
PARAMETRIC_REPRESENTATION_CONTEXT() REPRESENTATION_CONTEXT('2D SPACE',''
  ) );
#3518 = PCURVE('',#1460,#3519);
#3519 = DEFINITIONAL_REPRESENTATION('',(#3520),#3524);
#3520 = LINE('',#3521,#3522);
#3521 = CARTESIAN_POINT('',(0.,-0.));
#3522 = VECTOR('',#3523,1.);
#3523 = DIRECTION('',(0.,1.));
#3524 = ( GEOMETRIC_REPRESENTATION_CONTEXT(2) 
PARAMETRIC_REPRESENTATION_CONTEXT() REPRESENTATION_CONTEXT('2D SPACE',''
  ) );
#3525 = ORIENTED_EDGE('',*,*,#3526,.T.);
#3526 = EDGE_CURVE('',#3504,#3504,#3527,.T.);
#3527 = SURFACE_CURVE('',#3528,(#3533,#3540),.PCURVE_S1.);
#3528 = CIRCLE('',#3529,3.3);
#3529 = AXIS2_PLACEMENT_3D('',#3530,#3531,#3532);
#3530 = CARTESIAN_POINT('',(33.5,171.,10.9));
#3531 = DIRECTION('',(1.,0.,0.));
#3532 = DIRECTION('',(0.,-1.224646799147E-16,-1.));
#3533 = PCURVE('',#1460,#3534);
#3534 = DEFINITIONAL_REPRESENTATION('',(#3535),#3539);
#3535 = LINE('',#3536,#3537);
#3536 = CARTESIAN_POINT('',(0.,3.5));
#3537 = VECTOR('',#3538,1.);
#3538 = DIRECTION('',(1.,0.));
#3539 = ( GEOMETRIC_REPRESENTATION_CONTEXT(2) 
PARAMETRIC_REPRESENTATION_CONTEXT() REPRESENTATION_CONTEXT('2D SPACE',''
  ) );
#3540 = PCURVE('',#3541,#3546);
#3541 = CONICAL_SURFACE('',#3542,6.8,0.785398163397);
#3542 = AXIS2_PLACEMENT_3D('',#3543,#3544,#3545);
#3543 = CARTESIAN_POINT('',(30.,171.,10.9));
#3544 = DIRECTION('',(-1.,-0.,-0.));
#3545 = DIRECTION('',(0.,-1.224646799147E-16,-1.));
#3546 = DEFINITIONAL_REPRESENTATION('',(#3547),#3551);
#3547 = LINE('',#3548,#3549);
#3548 = CARTESIAN_POINT('',(-0.,-3.5));
#3549 = VECTOR('',#3550,1.);
#3550 = DIRECTION('',(-1.,-0.));
#3551 = ( GEOMETRIC_REPRESENTATION_CONTEXT(2) 
PARAMETRIC_REPRESENTATION_CONTEXT() REPRESENTATION_CONTEXT('2D SPACE',''
  ) );
#3552 = ORIENTED_EDGE('',*,*,#3503,.T.);
#3553 = ADVANCED_FACE('',(#3554,#4220),#1491,.F.);
#3554 = FACE_BOUND('',#3555,.T.);
#3555 = EDGE_LOOP('',(#3556,#3557,#3558,#3559,#3560,#3583,#3611,#3639,
    #3667,#3695,#3723,#3751,#3779,#3807,#3835,#3863,#3891,#3919,#3947,
    #3975,#4003,#4031,#4059,#4087,#4115,#4143,#4171,#4199));
#3556 = ORIENTED_EDGE('',*,*,#1475,.T.);
#3557 = ORIENTED_EDGE('',*,*,#1632,.F.);
#3558 = ORIENTED_EDGE('',*,*,#3322,.F.);
#3559 = ORIENTED_EDGE('',*,*,#3451,.T.);
#3560 = ORIENTED_EDGE('',*,*,#3561,.T.);
#3561 = EDGE_CURVE('',#3424,#3562,#3564,.T.);
#3562 = VERTEX_POINT('',#3563);
#3563 = CARTESIAN_POINT('',(24.,176.27259338968,112.97055236082));
#3564 = SURFACE_CURVE('',#3565,(#3569,#3576),.PCURVE_S1.);
#3565 = LINE('',#3566,#3567);
#3566 = CARTESIAN_POINT('',(24.,176.06844110901,111.94420953776));
#3567 = VECTOR('',#3568,1.);
#3568 = DIRECTION('',(-0.,0.195090322016,0.980785280403));
#3569 = PCURVE('',#1491,#3570);
#3570 = DEFINITIONAL_REPRESENTATION('',(#3571),#3575);
#3571 = LINE('',#3572,#3573);
#3572 = CARTESIAN_POINT('',(54.512550468992,1.286748431283));
#3573 = VECTOR('',#3574,1.);
#3574 = DIRECTION('',(0.980785280403,-0.195090322016));
#3575 = ( GEOMETRIC_REPRESENTATION_CONTEXT(2) 
PARAMETRIC_REPRESENTATION_CONTEXT() REPRESENTATION_CONTEXT('2D SPACE',''
  ) );
#3576 = PCURVE('',#3439,#3577);
#3577 = DEFINITIONAL_REPRESENTATION('',(#3578),#3582);
#3578 = LINE('',#3579,#3580);
#3579 = CARTESIAN_POINT('',(-0.,0.));
#3580 = VECTOR('',#3581,1.);
#3581 = DIRECTION('',(-1.,0.));
#3582 = ( GEOMETRIC_REPRESENTATION_CONTEXT(2) 
PARAMETRIC_REPRESENTATION_CONTEXT() REPRESENTATION_CONTEXT('2D SPACE',''
  ) );
#3583 = ORIENTED_EDGE('',*,*,#3584,.T.);
#3584 = EDGE_CURVE('',#3562,#3585,#3587,.T.);
#3585 = VERTEX_POINT('',#3586);
#3586 = CARTESIAN_POINT('',(24.,176.60896373991,113.96146745892));
#3587 = SURFACE_CURVE('',#3588,(#3592,#3599),.PCURVE_S1.);
#3588 = LINE('',#3589,#3590);
#3589 = CARTESIAN_POINT('',(24.,176.27259338968,112.97055236082));
#3590 = VECTOR('',#3591,1.);
#3591 = DIRECTION('',(-0.,0.321439465303,0.946930129495));
#3592 = PCURVE('',#1491,#3593);
#3593 = DEFINITIONAL_REPRESENTATION('',(#3594),#3598);
#3594 = LINE('',#3595,#3596);
#3595 = CARTESIAN_POINT('',(55.538893292052,1.082596150605));
#3596 = VECTOR('',#3597,1.);
#3597 = DIRECTION('',(0.946930129495,-0.321439465303));
#3598 = ( GEOMETRIC_REPRESENTATION_CONTEXT(2) 
PARAMETRIC_REPRESENTATION_CONTEXT() REPRESENTATION_CONTEXT('2D SPACE',''
  ) );
#3599 = PCURVE('',#3600,#3605);
#3600 = PLANE('',#3601);
#3601 = AXIS2_PLACEMENT_3D('',#3602,#3603,#3604);
#3602 = CARTESIAN_POINT('',(24.,176.27259338968,112.97055236082));
#3603 = DIRECTION('',(0.,0.946930129495,-0.321439465303));
#3604 = DIRECTION('',(0.,-0.321439465303,-0.946930129495));
#3605 = DEFINITIONAL_REPRESENTATION('',(#3606),#3610);
#3606 = LINE('',#3607,#3608);
#3607 = CARTESIAN_POINT('',(-0.,0.));
#3608 = VECTOR('',#3609,1.);
#3609 = DIRECTION('',(-1.,0.));
#3610 = ( GEOMETRIC_REPRESENTATION_CONTEXT(2) 
PARAMETRIC_REPRESENTATION_CONTEXT() REPRESENTATION_CONTEXT('2D SPACE',''
  ) );
#3611 = ORIENTED_EDGE('',*,*,#3612,.T.);
#3612 = EDGE_CURVE('',#3585,#3613,#3615,.T.);
#3613 = VERTEX_POINT('',#3614);
#3614 = CARTESIAN_POINT('',(24.,177.07179676972,114.9));
#3615 = SURFACE_CURVE('',#3616,(#3620,#3627),.PCURVE_S1.);
#3616 = LINE('',#3617,#3618);
#3617 = CARTESIAN_POINT('',(24.,176.60896373991,113.96146745892));
#3618 = VECTOR('',#3619,1.);
#3619 = DIRECTION('',(-0.,0.442288690219,0.896872741533));
#3620 = PCURVE('',#1491,#3621);
#3621 = DEFINITIONAL_REPRESENTATION('',(#3622),#3626);
#3622 = LINE('',#3623,#3624);
#3623 = CARTESIAN_POINT('',(56.529808390153,0.746225800383));
#3624 = VECTOR('',#3625,1.);
#3625 = DIRECTION('',(0.896872741533,-0.442288690219));
#3626 = ( GEOMETRIC_REPRESENTATION_CONTEXT(2) 
PARAMETRIC_REPRESENTATION_CONTEXT() REPRESENTATION_CONTEXT('2D SPACE',''
  ) );
#3627 = PCURVE('',#3628,#3633);
#3628 = PLANE('',#3629);
#3629 = AXIS2_PLACEMENT_3D('',#3630,#3631,#3632);
#3630 = CARTESIAN_POINT('',(24.,176.60896373991,113.96146745892));
#3631 = DIRECTION('',(0.,0.896872741533,-0.442288690219));
#3632 = DIRECTION('',(0.,-0.442288690219,-0.896872741533));
#3633 = DEFINITIONAL_REPRESENTATION('',(#3634),#3638);
#3634 = LINE('',#3635,#3636);
#3635 = CARTESIAN_POINT('',(-0.,0.));
#3636 = VECTOR('',#3637,1.);
#3637 = DIRECTION('',(-1.,0.));
#3638 = ( GEOMETRIC_REPRESENTATION_CONTEXT(2) 
PARAMETRIC_REPRESENTATION_CONTEXT() REPRESENTATION_CONTEXT('2D SPACE',''
  ) );
#3639 = ORIENTED_EDGE('',*,*,#3640,.T.);
#3640 = EDGE_CURVE('',#3613,#3641,#3643,.T.);
#3641 = VERTEX_POINT('',#3642);
#3642 = CARTESIAN_POINT('',(24.,177.65317327767,115.77009143207));
#3643 = SURFACE_CURVE('',#3644,(#3648,#3655),.PCURVE_S1.);
#3644 = LINE('',#3645,#3646);
#3645 = CARTESIAN_POINT('',(24.,177.07179676972,114.9));
#3646 = VECTOR('',#3647,1.);
#3647 = DIRECTION('',(-0.,0.55557023302,0.831469612303));
#3648 = PCURVE('',#1491,#3649);
#3649 = DEFINITIONAL_REPRESENTATION('',(#3650),#3654);
#3650 = LINE('',#3651,#3652);
#3651 = CARTESIAN_POINT('',(57.468340931232,0.283392770568));
#3652 = VECTOR('',#3653,1.);
#3653 = DIRECTION('',(0.831469612303,-0.55557023302));
#3654 = ( GEOMETRIC_REPRESENTATION_CONTEXT(2) 
PARAMETRIC_REPRESENTATION_CONTEXT() REPRESENTATION_CONTEXT('2D SPACE',''
  ) );
#3655 = PCURVE('',#3656,#3661);
#3656 = PLANE('',#3657);
#3657 = AXIS2_PLACEMENT_3D('',#3658,#3659,#3660);
#3658 = CARTESIAN_POINT('',(24.,177.07179676972,114.9));
#3659 = DIRECTION('',(0.,0.831469612303,-0.55557023302));
#3660 = DIRECTION('',(0.,-0.55557023302,-0.831469612303));
#3661 = DEFINITIONAL_REPRESENTATION('',(#3662),#3666);
#3662 = LINE('',#3663,#3664);
#3663 = CARTESIAN_POINT('',(-0.,0.));
#3664 = VECTOR('',#3665,1.);
#3665 = DIRECTION('',(-1.,0.));
#3666 = ( GEOMETRIC_REPRESENTATION_CONTEXT(2) 
PARAMETRIC_REPRESENTATION_CONTEXT() REPRESENTATION_CONTEXT('2D SPACE',''
  ) );
#3667 = ORIENTED_EDGE('',*,*,#3668,.T.);
#3668 = EDGE_CURVE('',#3641,#3669,#3671,.T.);
#3669 = VERTEX_POINT('',#3670);
#3670 = CARTESIAN_POINT('',(24.,178.3431457505,116.55685424949));
#3671 = SURFACE_CURVE('',#3672,(#3676,#3683),.PCURVE_S1.);
#3672 = LINE('',#3673,#3674);
#3673 = CARTESIAN_POINT('',(24.,177.65317327767,115.77009143207));
#3674 = VECTOR('',#3675,1.);
#3675 = DIRECTION('',(-0.,0.6593458151,0.751839807479));
#3676 = PCURVE('',#1491,#3677);
#3677 = DEFINITIONAL_REPRESENTATION('',(#3678),#3682);
#3678 = LINE('',#3679,#3680);
#3679 = CARTESIAN_POINT('',(58.338432363302,-0.297983737378));
#3680 = VECTOR('',#3681,1.);
#3681 = DIRECTION('',(0.751839807479,-0.6593458151));
#3682 = ( GEOMETRIC_REPRESENTATION_CONTEXT(2) 
PARAMETRIC_REPRESENTATION_CONTEXT() REPRESENTATION_CONTEXT('2D SPACE',''
  ) );
#3683 = PCURVE('',#3684,#3689);
#3684 = PLANE('',#3685);
#3685 = AXIS2_PLACEMENT_3D('',#3686,#3687,#3688);
#3686 = CARTESIAN_POINT('',(24.,177.65317327767,115.77009143207));
#3687 = DIRECTION('',(0.,0.751839807479,-0.6593458151));
#3688 = DIRECTION('',(0.,-0.6593458151,-0.751839807479));
#3689 = DEFINITIONAL_REPRESENTATION('',(#3690),#3694);
#3690 = LINE('',#3691,#3692);
#3691 = CARTESIAN_POINT('',(-0.,0.));
#3692 = VECTOR('',#3693,1.);
#3693 = DIRECTION('',(-1.,0.));
#3694 = ( GEOMETRIC_REPRESENTATION_CONTEXT(2) 
PARAMETRIC_REPRESENTATION_CONTEXT() REPRESENTATION_CONTEXT('2D SPACE',''
  ) );
#3695 = ORIENTED_EDGE('',*,*,#3696,.T.);
#3696 = EDGE_CURVE('',#3669,#3697,#3699,.T.);
#3697 = VERTEX_POINT('',#3698);
#3698 = CARTESIAN_POINT('',(24.,179.12990856793,117.24682672233));
#3699 = SURFACE_CURVE('',#3700,(#3704,#3711),.PCURVE_S1.);
#3700 = LINE('',#3701,#3702);
#3701 = CARTESIAN_POINT('',(24.,178.3431457505,116.55685424949));
#3702 = VECTOR('',#3703,1.);
#3703 = DIRECTION('',(-0.,0.751839807479,0.6593458151));
#3704 = PCURVE('',#1491,#3705);
#3705 = DEFINITIONAL_REPRESENTATION('',(#3706),#3710);
#3706 = LINE('',#3707,#3708);
#3707 = CARTESIAN_POINT('',(59.125195180724,-0.987956210215));
#3708 = VECTOR('',#3709,1.);
#3709 = DIRECTION('',(0.6593458151,-0.751839807479));
#3710 = ( GEOMETRIC_REPRESENTATION_CONTEXT(2) 
PARAMETRIC_REPRESENTATION_CONTEXT() REPRESENTATION_CONTEXT('2D SPACE',''
  ) );
#3711 = PCURVE('',#3712,#3717);
#3712 = PLANE('',#3713);
#3713 = AXIS2_PLACEMENT_3D('',#3714,#3715,#3716);
#3714 = CARTESIAN_POINT('',(24.,178.3431457505,116.55685424949));
#3715 = DIRECTION('',(0.,0.6593458151,-0.751839807479));
#3716 = DIRECTION('',(0.,-0.751839807479,-0.6593458151));
#3717 = DEFINITIONAL_REPRESENTATION('',(#3718),#3722);
#3718 = LINE('',#3719,#3720);
#3719 = CARTESIAN_POINT('',(-0.,0.));
#3720 = VECTOR('',#3721,1.);
#3721 = DIRECTION('',(-1.,0.));
#3722 = ( GEOMETRIC_REPRESENTATION_CONTEXT(2) 
PARAMETRIC_REPRESENTATION_CONTEXT() REPRESENTATION_CONTEXT('2D SPACE',''
  ) );
#3723 = ORIENTED_EDGE('',*,*,#3724,.T.);
#3724 = EDGE_CURVE('',#3697,#3725,#3727,.T.);
#3725 = VERTEX_POINT('',#3726);
#3726 = CARTESIAN_POINT('',(24.,180.,117.82820323027));
#3727 = SURFACE_CURVE('',#3728,(#3732,#3739),.PCURVE_S1.);
#3728 = LINE('',#3729,#3730);
#3729 = CARTESIAN_POINT('',(24.,179.12990856793,117.24682672233));
#3730 = VECTOR('',#3731,1.);
#3731 = DIRECTION('',(-0.,0.831469612303,0.55557023302));
#3732 = PCURVE('',#1491,#3733);
#3733 = DEFINITIONAL_REPRESENTATION('',(#3734),#3738);
#3734 = LINE('',#3735,#3736);
#3735 = CARTESIAN_POINT('',(59.815167653562,-1.774719027638));
#3736 = VECTOR('',#3737,1.);
#3737 = DIRECTION('',(0.55557023302,-0.831469612303));
#3738 = ( GEOMETRIC_REPRESENTATION_CONTEXT(2) 
PARAMETRIC_REPRESENTATION_CONTEXT() REPRESENTATION_CONTEXT('2D SPACE',''
  ) );
#3739 = PCURVE('',#3740,#3745);
#3740 = PLANE('',#3741);
#3741 = AXIS2_PLACEMENT_3D('',#3742,#3743,#3744);
#3742 = CARTESIAN_POINT('',(24.,179.12990856793,117.24682672233));
#3743 = DIRECTION('',(0.,0.55557023302,-0.831469612303));
#3744 = DIRECTION('',(0.,-0.831469612303,-0.55557023302));
#3745 = DEFINITIONAL_REPRESENTATION('',(#3746),#3750);
#3746 = LINE('',#3747,#3748);
#3747 = CARTESIAN_POINT('',(-0.,0.));
#3748 = VECTOR('',#3749,1.);
#3749 = DIRECTION('',(-1.,0.));
#3750 = ( GEOMETRIC_REPRESENTATION_CONTEXT(2) 
PARAMETRIC_REPRESENTATION_CONTEXT() REPRESENTATION_CONTEXT('2D SPACE',''
  ) );
#3751 = ORIENTED_EDGE('',*,*,#3752,.T.);
#3752 = EDGE_CURVE('',#3725,#3753,#3755,.T.);
#3753 = VERTEX_POINT('',#3754);
#3754 = CARTESIAN_POINT('',(24.,180.93853254107,118.29103626009));
#3755 = SURFACE_CURVE('',#3756,(#3760,#3767),.PCURVE_S1.);
#3756 = LINE('',#3757,#3758);
#3757 = CARTESIAN_POINT('',(24.,180.,117.82820323027));
#3758 = VECTOR('',#3759,1.);
#3759 = DIRECTION('',(-0.,0.896872741533,0.442288690219));
#3760 = PCURVE('',#1491,#3761);
#3761 = DEFINITIONAL_REPRESENTATION('',(#3762),#3766);
#3762 = LINE('',#3763,#3764);
#3763 = CARTESIAN_POINT('',(60.396544161508,-2.644810459707));
#3764 = VECTOR('',#3765,1.);
#3765 = DIRECTION('',(0.442288690219,-0.896872741533));
#3766 = ( GEOMETRIC_REPRESENTATION_CONTEXT(2) 
PARAMETRIC_REPRESENTATION_CONTEXT() REPRESENTATION_CONTEXT('2D SPACE',''
  ) );
#3767 = PCURVE('',#3768,#3773);
#3768 = PLANE('',#3769);
#3769 = AXIS2_PLACEMENT_3D('',#3770,#3771,#3772);
#3770 = CARTESIAN_POINT('',(24.,180.,117.82820323027));
#3771 = DIRECTION('',(0.,0.442288690219,-0.896872741533));
#3772 = DIRECTION('',(0.,-0.896872741533,-0.442288690219));
#3773 = DEFINITIONAL_REPRESENTATION('',(#3774),#3778);
#3774 = LINE('',#3775,#3776);
#3775 = CARTESIAN_POINT('',(-0.,0.));
#3776 = VECTOR('',#3777,1.);
#3777 = DIRECTION('',(-1.,0.));
#3778 = ( GEOMETRIC_REPRESENTATION_CONTEXT(2) 
PARAMETRIC_REPRESENTATION_CONTEXT() REPRESENTATION_CONTEXT('2D SPACE',''
  ) );
#3779 = ORIENTED_EDGE('',*,*,#3780,.T.);
#3780 = EDGE_CURVE('',#3753,#3781,#3783,.T.);
#3781 = VERTEX_POINT('',#3782);
#3782 = CARTESIAN_POINT('',(24.,181.92944763918,118.62740661031));
#3783 = SURFACE_CURVE('',#3784,(#3788,#3795),.PCURVE_S1.);
#3784 = LINE('',#3785,#3786);
#3785 = CARTESIAN_POINT('',(24.,180.93853254107,118.29103626009));
#3786 = VECTOR('',#3787,1.);
#3787 = DIRECTION('',(-0.,0.946930129495,0.321439465303));
#3788 = PCURVE('',#1491,#3789);
#3789 = DEFINITIONAL_REPRESENTATION('',(#3790),#3794);
#3790 = LINE('',#3791,#3792);
#3791 = CARTESIAN_POINT('',(60.859377191322,-3.583343000787));
#3792 = VECTOR('',#3793,1.);
#3793 = DIRECTION('',(0.321439465303,-0.946930129495));
#3794 = ( GEOMETRIC_REPRESENTATION_CONTEXT(2) 
PARAMETRIC_REPRESENTATION_CONTEXT() REPRESENTATION_CONTEXT('2D SPACE',''
  ) );
#3795 = PCURVE('',#3796,#3801);
#3796 = PLANE('',#3797);
#3797 = AXIS2_PLACEMENT_3D('',#3798,#3799,#3800);
#3798 = CARTESIAN_POINT('',(24.,180.93853254107,118.29103626009));
#3799 = DIRECTION('',(0.,0.321439465303,-0.946930129495));
#3800 = DIRECTION('',(0.,-0.946930129495,-0.321439465303));
#3801 = DEFINITIONAL_REPRESENTATION('',(#3802),#3806);
#3802 = LINE('',#3803,#3804);
#3803 = CARTESIAN_POINT('',(-0.,0.));
#3804 = VECTOR('',#3805,1.);
#3805 = DIRECTION('',(-1.,0.));
#3806 = ( GEOMETRIC_REPRESENTATION_CONTEXT(2) 
PARAMETRIC_REPRESENTATION_CONTEXT() REPRESENTATION_CONTEXT('2D SPACE',''
  ) );
#3807 = ORIENTED_EDGE('',*,*,#3808,.T.);
#3808 = EDGE_CURVE('',#3781,#3809,#3811,.T.);
#3809 = VERTEX_POINT('',#3810);
#3810 = CARTESIAN_POINT('',(24.,182.95579046224,118.83155889099));
#3811 = SURFACE_CURVE('',#3812,(#3816,#3823),.PCURVE_S1.);
#3812 = LINE('',#3813,#3814);
#3813 = CARTESIAN_POINT('',(24.,181.92944763918,118.62740661031));
#3814 = VECTOR('',#3815,1.);
#3815 = DIRECTION('',(-0.,0.980785280403,0.195090322016));
#3816 = PCURVE('',#1491,#3817);
#3817 = DEFINITIONAL_REPRESENTATION('',(#3818),#3822);
#3818 = LINE('',#3819,#3820);
#3819 = CARTESIAN_POINT('',(61.195747541545,-4.574258098887));
#3820 = VECTOR('',#3821,1.);
#3821 = DIRECTION('',(0.195090322016,-0.980785280403));
#3822 = ( GEOMETRIC_REPRESENTATION_CONTEXT(2) 
PARAMETRIC_REPRESENTATION_CONTEXT() REPRESENTATION_CONTEXT('2D SPACE',''
  ) );
#3823 = PCURVE('',#3824,#3829);
#3824 = PLANE('',#3825);
#3825 = AXIS2_PLACEMENT_3D('',#3826,#3827,#3828);
#3826 = CARTESIAN_POINT('',(24.,181.92944763918,118.62740661031));
#3827 = DIRECTION('',(0.,0.195090322016,-0.980785280403));
#3828 = DIRECTION('',(0.,-0.980785280403,-0.195090322016));
#3829 = DEFINITIONAL_REPRESENTATION('',(#3830),#3834);
#3830 = LINE('',#3831,#3832);
#3831 = CARTESIAN_POINT('',(-0.,0.));
#3832 = VECTOR('',#3833,1.);
#3833 = DIRECTION('',(-1.,0.));
#3834 = ( GEOMETRIC_REPRESENTATION_CONTEXT(2) 
PARAMETRIC_REPRESENTATION_CONTEXT() REPRESENTATION_CONTEXT('2D SPACE',''
  ) );
#3835 = ORIENTED_EDGE('',*,*,#3836,.T.);
#3836 = EDGE_CURVE('',#3809,#3837,#3839,.T.);
#3837 = VERTEX_POINT('',#3838);
#3838 = CARTESIAN_POINT('',(24.,184.,118.9));
#3839 = SURFACE_CURVE('',#3840,(#3844,#3851),.PCURVE_S1.);
#3840 = LINE('',#3841,#3842);
#3841 = CARTESIAN_POINT('',(24.,182.95579046224,118.83155889099));
#3842 = VECTOR('',#3843,1.);
#3843 = DIRECTION('',(-0.,0.997858923239,6.540312923017E-02));
#3844 = PCURVE('',#1491,#3845);
#3845 = DEFINITIONAL_REPRESENTATION('',(#3846),#3850);
#3846 = LINE('',#3847,#3848);
#3847 = CARTESIAN_POINT('',(61.399899822222,-5.600600921947));
#3848 = VECTOR('',#3849,1.);
#3849 = DIRECTION('',(6.540312923017E-02,-0.997858923239));
#3850 = ( GEOMETRIC_REPRESENTATION_CONTEXT(2) 
PARAMETRIC_REPRESENTATION_CONTEXT() REPRESENTATION_CONTEXT('2D SPACE',''
  ) );
#3851 = PCURVE('',#3852,#3857);
#3852 = PLANE('',#3853);
#3853 = AXIS2_PLACEMENT_3D('',#3854,#3855,#3856);
#3854 = CARTESIAN_POINT('',(24.,182.95579046224,118.83155889099));
#3855 = DIRECTION('',(0.,6.540312923017E-02,-0.997858923239));
#3856 = DIRECTION('',(0.,-0.997858923239,-6.540312923017E-02));
#3857 = DEFINITIONAL_REPRESENTATION('',(#3858),#3862);
#3858 = LINE('',#3859,#3860);
#3859 = CARTESIAN_POINT('',(-0.,0.));
#3860 = VECTOR('',#3861,1.);
#3861 = DIRECTION('',(-1.,0.));
#3862 = ( GEOMETRIC_REPRESENTATION_CONTEXT(2) 
PARAMETRIC_REPRESENTATION_CONTEXT() REPRESENTATION_CONTEXT('2D SPACE',''
  ) );
#3863 = ORIENTED_EDGE('',*,*,#3864,.T.);
#3864 = EDGE_CURVE('',#3837,#3865,#3867,.T.);
#3865 = VERTEX_POINT('',#3866);
#3866 = CARTESIAN_POINT('',(24.,185.04420953776,118.83155889099));
#3867 = SURFACE_CURVE('',#3868,(#3872,#3879),.PCURVE_S1.);
#3868 = LINE('',#3869,#3870);
#3869 = CARTESIAN_POINT('',(24.,184.,118.9));
#3870 = VECTOR('',#3871,1.);
#3871 = DIRECTION('',(0.,0.997858923239,-6.540312923017E-02));
#3872 = PCURVE('',#1491,#3873);
#3873 = DEFINITIONAL_REPRESENTATION('',(#3874),#3878);
#3874 = LINE('',#3875,#3876);
#3875 = CARTESIAN_POINT('',(61.468340931232,-6.644810459707));
#3876 = VECTOR('',#3877,1.);
#3877 = DIRECTION('',(-6.540312923017E-02,-0.997858923239));
#3878 = ( GEOMETRIC_REPRESENTATION_CONTEXT(2) 
PARAMETRIC_REPRESENTATION_CONTEXT() REPRESENTATION_CONTEXT('2D SPACE',''
  ) );
#3879 = PCURVE('',#3880,#3885);
#3880 = PLANE('',#3881);
#3881 = AXIS2_PLACEMENT_3D('',#3882,#3883,#3884);
#3882 = CARTESIAN_POINT('',(24.,184.,118.9));
#3883 = DIRECTION('',(0.,-6.540312923017E-02,-0.997858923239));
#3884 = DIRECTION('',(-0.,-0.997858923239,6.540312923017E-02));
#3885 = DEFINITIONAL_REPRESENTATION('',(#3886),#3890);
#3886 = LINE('',#3887,#3888);
#3887 = CARTESIAN_POINT('',(-0.,0.));
#3888 = VECTOR('',#3889,1.);
#3889 = DIRECTION('',(-1.,0.));
#3890 = ( GEOMETRIC_REPRESENTATION_CONTEXT(2) 
PARAMETRIC_REPRESENTATION_CONTEXT() REPRESENTATION_CONTEXT('2D SPACE',''
  ) );
#3891 = ORIENTED_EDGE('',*,*,#3892,.T.);
#3892 = EDGE_CURVE('',#3865,#3893,#3895,.T.);
#3893 = VERTEX_POINT('',#3894);
#3894 = CARTESIAN_POINT('',(24.,186.07055236082,118.62740661031));
#3895 = SURFACE_CURVE('',#3896,(#3900,#3907),.PCURVE_S1.);
#3896 = LINE('',#3897,#3898);
#3897 = CARTESIAN_POINT('',(24.,185.04420953776,118.83155889099));
#3898 = VECTOR('',#3899,1.);
#3899 = DIRECTION('',(0.,0.980785280403,-0.195090322016));
#3900 = PCURVE('',#1491,#3901);
#3901 = DEFINITIONAL_REPRESENTATION('',(#3902),#3906);
#3902 = LINE('',#3903,#3904);
#3903 = CARTESIAN_POINT('',(61.399899822222,-7.689019997468));
#3904 = VECTOR('',#3905,1.);
#3905 = DIRECTION('',(-0.195090322016,-0.980785280403));
#3906 = ( GEOMETRIC_REPRESENTATION_CONTEXT(2) 
PARAMETRIC_REPRESENTATION_CONTEXT() REPRESENTATION_CONTEXT('2D SPACE',''
  ) );
#3907 = PCURVE('',#3908,#3913);
#3908 = PLANE('',#3909);
#3909 = AXIS2_PLACEMENT_3D('',#3910,#3911,#3912);
#3910 = CARTESIAN_POINT('',(24.,185.04420953776,118.83155889099));
#3911 = DIRECTION('',(0.,-0.195090322016,-0.980785280403));
#3912 = DIRECTION('',(-0.,-0.980785280403,0.195090322016));
#3913 = DEFINITIONAL_REPRESENTATION('',(#3914),#3918);
#3914 = LINE('',#3915,#3916);
#3915 = CARTESIAN_POINT('',(-0.,0.));
#3916 = VECTOR('',#3917,1.);
#3917 = DIRECTION('',(-1.,0.));
#3918 = ( GEOMETRIC_REPRESENTATION_CONTEXT(2) 
PARAMETRIC_REPRESENTATION_CONTEXT() REPRESENTATION_CONTEXT('2D SPACE',''
  ) );
#3919 = ORIENTED_EDGE('',*,*,#3920,.T.);
#3920 = EDGE_CURVE('',#3893,#3921,#3923,.T.);
#3921 = VERTEX_POINT('',#3922);
#3922 = CARTESIAN_POINT('',(24.,187.06146745892,118.29103626009));
#3923 = SURFACE_CURVE('',#3924,(#3928,#3935),.PCURVE_S1.);
#3924 = LINE('',#3925,#3926);
#3925 = CARTESIAN_POINT('',(24.,186.07055236082,118.62740661031));
#3926 = VECTOR('',#3927,1.);
#3927 = DIRECTION('',(0.,0.946930129495,-0.321439465303));
#3928 = PCURVE('',#1491,#3929);
#3929 = DEFINITIONAL_REPRESENTATION('',(#3930),#3934);
#3930 = LINE('',#3931,#3932);
#3931 = CARTESIAN_POINT('',(61.195747541545,-8.715362820528));
#3932 = VECTOR('',#3933,1.);
#3933 = DIRECTION('',(-0.321439465303,-0.946930129495));
#3934 = ( GEOMETRIC_REPRESENTATION_CONTEXT(2) 
PARAMETRIC_REPRESENTATION_CONTEXT() REPRESENTATION_CONTEXT('2D SPACE',''
  ) );
#3935 = PCURVE('',#3936,#3941);
#3936 = PLANE('',#3937);
#3937 = AXIS2_PLACEMENT_3D('',#3938,#3939,#3940);
#3938 = CARTESIAN_POINT('',(24.,186.07055236082,118.62740661031));
#3939 = DIRECTION('',(0.,-0.321439465303,-0.946930129495));
#3940 = DIRECTION('',(-0.,-0.946930129495,0.321439465303));
#3941 = DEFINITIONAL_REPRESENTATION('',(#3942),#3946);
#3942 = LINE('',#3943,#3944);
#3943 = CARTESIAN_POINT('',(-0.,0.));
#3944 = VECTOR('',#3945,1.);
#3945 = DIRECTION('',(-1.,0.));
#3946 = ( GEOMETRIC_REPRESENTATION_CONTEXT(2) 
PARAMETRIC_REPRESENTATION_CONTEXT() REPRESENTATION_CONTEXT('2D SPACE',''
  ) );
#3947 = ORIENTED_EDGE('',*,*,#3948,.T.);
#3948 = EDGE_CURVE('',#3921,#3949,#3951,.T.);
#3949 = VERTEX_POINT('',#3950);
#3950 = CARTESIAN_POINT('',(24.,188.,117.82820323027));
#3951 = SURFACE_CURVE('',#3952,(#3956,#3963),.PCURVE_S1.);
#3952 = LINE('',#3953,#3954);
#3953 = CARTESIAN_POINT('',(24.,187.06146745892,118.29103626009));
#3954 = VECTOR('',#3955,1.);
#3955 = DIRECTION('',(0.,0.896872741533,-0.442288690219));
#3956 = PCURVE('',#1491,#3957);
#3957 = DEFINITIONAL_REPRESENTATION('',(#3958),#3962);
#3958 = LINE('',#3959,#3960);
#3959 = CARTESIAN_POINT('',(60.859377191322,-9.706277918628));
#3960 = VECTOR('',#3961,1.);
#3961 = DIRECTION('',(-0.442288690219,-0.896872741533));
#3962 = ( GEOMETRIC_REPRESENTATION_CONTEXT(2) 
PARAMETRIC_REPRESENTATION_CONTEXT() REPRESENTATION_CONTEXT('2D SPACE',''
  ) );
#3963 = PCURVE('',#3964,#3969);
#3964 = PLANE('',#3965);
#3965 = AXIS2_PLACEMENT_3D('',#3966,#3967,#3968);
#3966 = CARTESIAN_POINT('',(24.,187.06146745892,118.29103626009));
#3967 = DIRECTION('',(0.,-0.442288690219,-0.896872741533));
#3968 = DIRECTION('',(-0.,-0.896872741533,0.442288690219));
#3969 = DEFINITIONAL_REPRESENTATION('',(#3970),#3974);
#3970 = LINE('',#3971,#3972);
#3971 = CARTESIAN_POINT('',(-0.,0.));
#3972 = VECTOR('',#3973,1.);
#3973 = DIRECTION('',(-1.,0.));
#3974 = ( GEOMETRIC_REPRESENTATION_CONTEXT(2) 
PARAMETRIC_REPRESENTATION_CONTEXT() REPRESENTATION_CONTEXT('2D SPACE',''
  ) );
#3975 = ORIENTED_EDGE('',*,*,#3976,.T.);
#3976 = EDGE_CURVE('',#3949,#3977,#3979,.T.);
#3977 = VERTEX_POINT('',#3978);
#3978 = CARTESIAN_POINT('',(24.,188.87009143207,117.24682672233));
#3979 = SURFACE_CURVE('',#3980,(#3984,#3991),.PCURVE_S1.);
#3980 = LINE('',#3981,#3982);
#3981 = CARTESIAN_POINT('',(24.,188.,117.82820323027));
#3982 = VECTOR('',#3983,1.);
#3983 = DIRECTION('',(0.,0.831469612303,-0.55557023302));
#3984 = PCURVE('',#1491,#3985);
#3985 = DEFINITIONAL_REPRESENTATION('',(#3986),#3990);
#3986 = LINE('',#3987,#3988);
#3987 = CARTESIAN_POINT('',(60.396544161508,-10.6448104597));
#3988 = VECTOR('',#3989,1.);
#3989 = DIRECTION('',(-0.55557023302,-0.831469612303));
#3990 = ( GEOMETRIC_REPRESENTATION_CONTEXT(2) 
PARAMETRIC_REPRESENTATION_CONTEXT() REPRESENTATION_CONTEXT('2D SPACE',''
  ) );
#3991 = PCURVE('',#3992,#3997);
#3992 = PLANE('',#3993);
#3993 = AXIS2_PLACEMENT_3D('',#3994,#3995,#3996);
#3994 = CARTESIAN_POINT('',(24.,188.,117.82820323027));
#3995 = DIRECTION('',(0.,-0.55557023302,-0.831469612303));
#3996 = DIRECTION('',(-0.,-0.831469612303,0.55557023302));
#3997 = DEFINITIONAL_REPRESENTATION('',(#3998),#4002);
#3998 = LINE('',#3999,#4000);
#3999 = CARTESIAN_POINT('',(-0.,0.));
#4000 = VECTOR('',#4001,1.);
#4001 = DIRECTION('',(-1.,0.));
#4002 = ( GEOMETRIC_REPRESENTATION_CONTEXT(2) 
PARAMETRIC_REPRESENTATION_CONTEXT() REPRESENTATION_CONTEXT('2D SPACE',''
  ) );
#4003 = ORIENTED_EDGE('',*,*,#4004,.T.);
#4004 = EDGE_CURVE('',#3977,#4005,#4007,.T.);
#4005 = VERTEX_POINT('',#4006);
#4006 = CARTESIAN_POINT('',(24.,189.65685424949,116.55685424949));
#4007 = SURFACE_CURVE('',#4008,(#4012,#4019),.PCURVE_S1.);
#4008 = LINE('',#4009,#4010);
#4009 = CARTESIAN_POINT('',(24.,188.87009143207,117.24682672233));
#4010 = VECTOR('',#4011,1.);
#4011 = DIRECTION('',(0.,0.751839807479,-0.6593458151));
#4012 = PCURVE('',#1491,#4013);
#4013 = DEFINITIONAL_REPRESENTATION('',(#4014),#4018);
#4014 = LINE('',#4015,#4016);
#4015 = CARTESIAN_POINT('',(59.815167653562,-11.51490189177));
#4016 = VECTOR('',#4017,1.);
#4017 = DIRECTION('',(-0.6593458151,-0.751839807479));
#4018 = ( GEOMETRIC_REPRESENTATION_CONTEXT(2) 
PARAMETRIC_REPRESENTATION_CONTEXT() REPRESENTATION_CONTEXT('2D SPACE',''
  ) );
#4019 = PCURVE('',#4020,#4025);
#4020 = PLANE('',#4021);
#4021 = AXIS2_PLACEMENT_3D('',#4022,#4023,#4024);
#4022 = CARTESIAN_POINT('',(24.,188.87009143207,117.24682672233));
#4023 = DIRECTION('',(0.,-0.6593458151,-0.751839807479));
#4024 = DIRECTION('',(-0.,-0.751839807479,0.6593458151));
#4025 = DEFINITIONAL_REPRESENTATION('',(#4026),#4030);
#4026 = LINE('',#4027,#4028);
#4027 = CARTESIAN_POINT('',(-0.,0.));
#4028 = VECTOR('',#4029,1.);
#4029 = DIRECTION('',(-1.,0.));
#4030 = ( GEOMETRIC_REPRESENTATION_CONTEXT(2) 
PARAMETRIC_REPRESENTATION_CONTEXT() REPRESENTATION_CONTEXT('2D SPACE',''
  ) );
#4031 = ORIENTED_EDGE('',*,*,#4032,.T.);
#4032 = EDGE_CURVE('',#4005,#4033,#4035,.T.);
#4033 = VERTEX_POINT('',#4034);
#4034 = CARTESIAN_POINT('',(24.,190.34682672233,115.77009143207));
#4035 = SURFACE_CURVE('',#4036,(#4040,#4047),.PCURVE_S1.);
#4036 = LINE('',#4037,#4038);
#4037 = CARTESIAN_POINT('',(24.,189.65685424949,116.55685424949));
#4038 = VECTOR('',#4039,1.);
#4039 = DIRECTION('',(0.,0.6593458151,-0.751839807479));
#4040 = PCURVE('',#1491,#4041);
#4041 = DEFINITIONAL_REPRESENTATION('',(#4042),#4046);
#4042 = LINE('',#4043,#4044);
#4043 = CARTESIAN_POINT('',(59.125195180724,-12.3016647092));
#4044 = VECTOR('',#4045,1.);
#4045 = DIRECTION('',(-0.751839807479,-0.6593458151));
#4046 = ( GEOMETRIC_REPRESENTATION_CONTEXT(2) 
PARAMETRIC_REPRESENTATION_CONTEXT() REPRESENTATION_CONTEXT('2D SPACE',''
  ) );
#4047 = PCURVE('',#4048,#4053);
#4048 = PLANE('',#4049);
#4049 = AXIS2_PLACEMENT_3D('',#4050,#4051,#4052);
#4050 = CARTESIAN_POINT('',(24.,189.65685424949,116.55685424949));
#4051 = DIRECTION('',(0.,-0.751839807479,-0.6593458151));
#4052 = DIRECTION('',(-0.,-0.6593458151,0.751839807479));
#4053 = DEFINITIONAL_REPRESENTATION('',(#4054),#4058);
#4054 = LINE('',#4055,#4056);
#4055 = CARTESIAN_POINT('',(-0.,0.));
#4056 = VECTOR('',#4057,1.);
#4057 = DIRECTION('',(-1.,0.));
#4058 = ( GEOMETRIC_REPRESENTATION_CONTEXT(2) 
PARAMETRIC_REPRESENTATION_CONTEXT() REPRESENTATION_CONTEXT('2D SPACE',''
  ) );
#4059 = ORIENTED_EDGE('',*,*,#4060,.T.);
#4060 = EDGE_CURVE('',#4033,#4061,#4063,.T.);
#4061 = VERTEX_POINT('',#4062);
#4062 = CARTESIAN_POINT('',(24.,190.92820323027,114.9));
#4063 = SURFACE_CURVE('',#4064,(#4068,#4075),.PCURVE_S1.);
#4064 = LINE('',#4065,#4066);
#4065 = CARTESIAN_POINT('',(24.,190.34682672233,115.77009143207));
#4066 = VECTOR('',#4067,1.);
#4067 = DIRECTION('',(0.,0.55557023302,-0.831469612303));
#4068 = PCURVE('',#1491,#4069);
#4069 = DEFINITIONAL_REPRESENTATION('',(#4070),#4074);
#4070 = LINE('',#4071,#4072);
#4071 = CARTESIAN_POINT('',(58.338432363302,-12.99163718203));
#4072 = VECTOR('',#4073,1.);
#4073 = DIRECTION('',(-0.831469612303,-0.55557023302));
#4074 = ( GEOMETRIC_REPRESENTATION_CONTEXT(2) 
PARAMETRIC_REPRESENTATION_CONTEXT() REPRESENTATION_CONTEXT('2D SPACE',''
  ) );
#4075 = PCURVE('',#4076,#4081);
#4076 = PLANE('',#4077);
#4077 = AXIS2_PLACEMENT_3D('',#4078,#4079,#4080);
#4078 = CARTESIAN_POINT('',(24.,190.34682672233,115.77009143207));
#4079 = DIRECTION('',(0.,-0.831469612303,-0.55557023302));
#4080 = DIRECTION('',(-0.,-0.55557023302,0.831469612303));
#4081 = DEFINITIONAL_REPRESENTATION('',(#4082),#4086);
#4082 = LINE('',#4083,#4084);
#4083 = CARTESIAN_POINT('',(-0.,0.));
#4084 = VECTOR('',#4085,1.);
#4085 = DIRECTION('',(-1.,0.));
#4086 = ( GEOMETRIC_REPRESENTATION_CONTEXT(2) 
PARAMETRIC_REPRESENTATION_CONTEXT() REPRESENTATION_CONTEXT('2D SPACE',''
  ) );
#4087 = ORIENTED_EDGE('',*,*,#4088,.T.);
#4088 = EDGE_CURVE('',#4061,#4089,#4091,.T.);
#4089 = VERTEX_POINT('',#4090);
#4090 = CARTESIAN_POINT('',(24.,191.39103626009,113.96146745892));
#4091 = SURFACE_CURVE('',#4092,(#4096,#4103),.PCURVE_S1.);
#4092 = LINE('',#4093,#4094);
#4093 = CARTESIAN_POINT('',(24.,190.92820323027,114.9));
#4094 = VECTOR('',#4095,1.);
#4095 = DIRECTION('',(0.,0.442288690219,-0.896872741533));
#4096 = PCURVE('',#1491,#4097);
#4097 = DEFINITIONAL_REPRESENTATION('',(#4098),#4102);
#4098 = LINE('',#4099,#4100);
#4099 = CARTESIAN_POINT('',(57.468340931232,-13.57301368998));
#4100 = VECTOR('',#4101,1.);
#4101 = DIRECTION('',(-0.896872741533,-0.442288690219));
#4102 = ( GEOMETRIC_REPRESENTATION_CONTEXT(2) 
PARAMETRIC_REPRESENTATION_CONTEXT() REPRESENTATION_CONTEXT('2D SPACE',''
  ) );
#4103 = PCURVE('',#4104,#4109);
#4104 = PLANE('',#4105);
#4105 = AXIS2_PLACEMENT_3D('',#4106,#4107,#4108);
#4106 = CARTESIAN_POINT('',(24.,190.92820323027,114.9));
#4107 = DIRECTION('',(0.,-0.896872741533,-0.442288690219));
#4108 = DIRECTION('',(-0.,-0.442288690219,0.896872741533));
#4109 = DEFINITIONAL_REPRESENTATION('',(#4110),#4114);
#4110 = LINE('',#4111,#4112);
#4111 = CARTESIAN_POINT('',(-0.,0.));
#4112 = VECTOR('',#4113,1.);
#4113 = DIRECTION('',(-1.,0.));
#4114 = ( GEOMETRIC_REPRESENTATION_CONTEXT(2) 
PARAMETRIC_REPRESENTATION_CONTEXT() REPRESENTATION_CONTEXT('2D SPACE',''
  ) );
#4115 = ORIENTED_EDGE('',*,*,#4116,.T.);
#4116 = EDGE_CURVE('',#4089,#4117,#4119,.T.);
#4117 = VERTEX_POINT('',#4118);
#4118 = CARTESIAN_POINT('',(24.,191.72740661031,112.97055236082));
#4119 = SURFACE_CURVE('',#4120,(#4124,#4131),.PCURVE_S1.);
#4120 = LINE('',#4121,#4122);
#4121 = CARTESIAN_POINT('',(24.,191.39103626009,113.96146745892));
#4122 = VECTOR('',#4123,1.);
#4123 = DIRECTION('',(0.,0.321439465303,-0.946930129495));
#4124 = PCURVE('',#1491,#4125);
#4125 = DEFINITIONAL_REPRESENTATION('',(#4126),#4130);
#4126 = LINE('',#4127,#4128);
#4127 = CARTESIAN_POINT('',(56.529808390153,-14.03584671979));
#4128 = VECTOR('',#4129,1.);
#4129 = DIRECTION('',(-0.946930129495,-0.321439465303));
#4130 = ( GEOMETRIC_REPRESENTATION_CONTEXT(2) 
PARAMETRIC_REPRESENTATION_CONTEXT() REPRESENTATION_CONTEXT('2D SPACE',''
  ) );
#4131 = PCURVE('',#4132,#4137);
#4132 = PLANE('',#4133);
#4133 = AXIS2_PLACEMENT_3D('',#4134,#4135,#4136);
#4134 = CARTESIAN_POINT('',(24.,191.39103626009,113.96146745892));
#4135 = DIRECTION('',(0.,-0.946930129495,-0.321439465303));
#4136 = DIRECTION('',(-0.,-0.321439465303,0.946930129495));
#4137 = DEFINITIONAL_REPRESENTATION('',(#4138),#4142);
#4138 = LINE('',#4139,#4140);
#4139 = CARTESIAN_POINT('',(-0.,0.));
#4140 = VECTOR('',#4141,1.);
#4141 = DIRECTION('',(-1.,0.));
#4142 = ( GEOMETRIC_REPRESENTATION_CONTEXT(2) 
PARAMETRIC_REPRESENTATION_CONTEXT() REPRESENTATION_CONTEXT('2D SPACE',''
  ) );
#4143 = ORIENTED_EDGE('',*,*,#4144,.T.);
#4144 = EDGE_CURVE('',#4117,#4145,#4147,.T.);
#4145 = VERTEX_POINT('',#4146);
#4146 = CARTESIAN_POINT('',(24.,191.93155889099,111.94420953776));
#4147 = SURFACE_CURVE('',#4148,(#4152,#4159),.PCURVE_S1.);
#4148 = LINE('',#4149,#4150);
#4149 = CARTESIAN_POINT('',(24.,191.72740661031,112.97055236082));
#4150 = VECTOR('',#4151,1.);
#4151 = DIRECTION('',(0.,0.195090322016,-0.980785280403));
#4152 = PCURVE('',#1491,#4153);
#4153 = DEFINITIONAL_REPRESENTATION('',(#4154),#4158);
#4154 = LINE('',#4155,#4156);
#4155 = CARTESIAN_POINT('',(55.538893292052,-14.37221707002));
#4156 = VECTOR('',#4157,1.);
#4157 = DIRECTION('',(-0.980785280403,-0.195090322016));
#4158 = ( GEOMETRIC_REPRESENTATION_CONTEXT(2) 
PARAMETRIC_REPRESENTATION_CONTEXT() REPRESENTATION_CONTEXT('2D SPACE',''
  ) );
#4159 = PCURVE('',#4160,#4165);
#4160 = PLANE('',#4161);
#4161 = AXIS2_PLACEMENT_3D('',#4162,#4163,#4164);
#4162 = CARTESIAN_POINT('',(24.,191.72740661031,112.97055236082));
#4163 = DIRECTION('',(0.,-0.980785280403,-0.195090322016));
#4164 = DIRECTION('',(-0.,-0.195090322016,0.980785280403));
#4165 = DEFINITIONAL_REPRESENTATION('',(#4166),#4170);
#4166 = LINE('',#4167,#4168);
#4167 = CARTESIAN_POINT('',(-0.,0.));
#4168 = VECTOR('',#4169,1.);
#4169 = DIRECTION('',(-1.,0.));
#4170 = ( GEOMETRIC_REPRESENTATION_CONTEXT(2) 
PARAMETRIC_REPRESENTATION_CONTEXT() REPRESENTATION_CONTEXT('2D SPACE',''
  ) );
#4171 = ORIENTED_EDGE('',*,*,#4172,.T.);
#4172 = EDGE_CURVE('',#4145,#4173,#4175,.T.);
#4173 = VERTEX_POINT('',#4174);
#4174 = CARTESIAN_POINT('',(24.,192.,110.9));
#4175 = SURFACE_CURVE('',#4176,(#4180,#4187),.PCURVE_S1.);
#4176 = LINE('',#4177,#4178);
#4177 = CARTESIAN_POINT('',(24.,191.93155889099,111.94420953776));
#4178 = VECTOR('',#4179,1.);
#4179 = DIRECTION('',(0.,6.540312923014E-02,-0.997858923239));
#4180 = PCURVE('',#1491,#4181);
#4181 = DEFINITIONAL_REPRESENTATION('',(#4182),#4186);
#4182 = LINE('',#4183,#4184);
#4183 = CARTESIAN_POINT('',(54.512550468992,-14.57636935069));
#4184 = VECTOR('',#4185,1.);
#4185 = DIRECTION('',(-0.997858923239,-6.540312923014E-02));
#4186 = ( GEOMETRIC_REPRESENTATION_CONTEXT(2) 
PARAMETRIC_REPRESENTATION_CONTEXT() REPRESENTATION_CONTEXT('2D SPACE',''
  ) );
#4187 = PCURVE('',#4188,#4193);
#4188 = PLANE('',#4189);
#4189 = AXIS2_PLACEMENT_3D('',#4190,#4191,#4192);
#4190 = CARTESIAN_POINT('',(24.,191.93155889099,111.94420953776));
#4191 = DIRECTION('',(0.,-0.997858923239,-6.540312923014E-02));
#4192 = DIRECTION('',(-0.,-6.540312923014E-02,0.997858923239));
#4193 = DEFINITIONAL_REPRESENTATION('',(#4194),#4198);
#4194 = LINE('',#4195,#4196);
#4195 = CARTESIAN_POINT('',(-0.,0.));
#4196 = VECTOR('',#4197,1.);
#4197 = DIRECTION('',(-1.,0.));
#4198 = ( GEOMETRIC_REPRESENTATION_CONTEXT(2) 
PARAMETRIC_REPRESENTATION_CONTEXT() REPRESENTATION_CONTEXT('2D SPACE',''
  ) );
#4199 = ORIENTED_EDGE('',*,*,#4200,.T.);
#4200 = EDGE_CURVE('',#4173,#1476,#4201,.T.);
#4201 = SURFACE_CURVE('',#4202,(#4206,#4213),.PCURVE_S1.);
#4202 = LINE('',#4203,#4204);
#4203 = CARTESIAN_POINT('',(24.,192.,110.9));
#4204 = VECTOR('',#4205,1.);
#4205 = DIRECTION('',(0.,-6.540312923014E-02,-0.997858923239));
#4206 = PCURVE('',#1491,#4207);
#4207 = DEFINITIONAL_REPRESENTATION('',(#4208),#4212);
#4208 = LINE('',#4209,#4210);
#4209 = CARTESIAN_POINT('',(53.468340931232,-14.6448104597));
#4210 = VECTOR('',#4211,1.);
#4211 = DIRECTION('',(-0.997858923239,6.540312923014E-02));
#4212 = ( GEOMETRIC_REPRESENTATION_CONTEXT(2) 
PARAMETRIC_REPRESENTATION_CONTEXT() REPRESENTATION_CONTEXT('2D SPACE',''
  ) );
#4213 = PCURVE('',#1519,#4214);
#4214 = DEFINITIONAL_REPRESENTATION('',(#4215),#4219);
#4215 = LINE('',#4216,#4217);
#4216 = CARTESIAN_POINT('',(-0.,0.));
#4217 = VECTOR('',#4218,1.);
#4218 = DIRECTION('',(-1.,0.));
#4219 = ( GEOMETRIC_REPRESENTATION_CONTEXT(2) 
PARAMETRIC_REPRESENTATION_CONTEXT() REPRESENTATION_CONTEXT('2D SPACE',''
  ) );
#4220 = FACE_BOUND('',#4221,.T.);
#4221 = EDGE_LOOP('',(#4222));
#4222 = ORIENTED_EDGE('',*,*,#4223,.T.);
#4223 = EDGE_CURVE('',#4224,#4224,#4226,.T.);
#4224 = VERTEX_POINT('',#4225);
#4225 = CARTESIAN_POINT('',(24.,184.,105.1));
#4226 = SURFACE_CURVE('',#4227,(#4232,#4239),.PCURVE_S1.);
#4227 = CIRCLE('',#4228,5.8);
#4228 = AXIS2_PLACEMENT_3D('',#4229,#4230,#4231);
#4229 = CARTESIAN_POINT('',(24.,184.,110.9));
#4230 = DIRECTION('',(1.,0.,0.));
#4231 = DIRECTION('',(0.,-1.224646799147E-16,-1.));
#4232 = PCURVE('',#1491,#4233);
#4233 = DEFINITIONAL_REPRESENTATION('',(#4234),#4238);
#4234 = CIRCLE('',#4235,5.8);
#4235 = AXIS2_PLACEMENT_2D('',#4236,#4237);
#4236 = CARTESIAN_POINT('',(53.468340931232,-6.644810459707));
#4237 = DIRECTION('',(-1.,0.));
#4238 = ( GEOMETRIC_REPRESENTATION_CONTEXT(2) 
PARAMETRIC_REPRESENTATION_CONTEXT() REPRESENTATION_CONTEXT('2D SPACE',''
  ) );
#4239 = PCURVE('',#4240,#4245);
#4240 = CONICAL_SURFACE('',#4241,6.8,0.785398163397);
#4241 = AXIS2_PLACEMENT_3D('',#4242,#4243,#4244);
#4242 = CARTESIAN_POINT('',(23.,184.,110.9));
#4243 = DIRECTION('',(-1.,-0.,-0.));
#4244 = DIRECTION('',(0.,-1.224646799147E-16,-1.));
#4245 = DEFINITIONAL_REPRESENTATION('',(#4246),#4250);
#4246 = LINE('',#4247,#4248);
#4247 = CARTESIAN_POINT('',(-0.,-1.));
#4248 = VECTOR('',#4249,1.);
#4249 = DIRECTION('',(-1.,-0.));
#4250 = ( GEOMETRIC_REPRESENTATION_CONTEXT(2) 
PARAMETRIC_REPRESENTATION_CONTEXT() REPRESENTATION_CONTEXT('2D SPACE',''
  ) );
#4251 = ADVANCED_FACE('',(#4252,#4807),#1547,.T.);
#4252 = FACE_BOUND('',#4253,.F.);
#4253 = EDGE_LOOP('',(#4254,#4255,#4256,#4279,#4302,#4325,#4348,#4371,
    #4394,#4417,#4440,#4463,#4486,#4509,#4532,#4555,#4578,#4601,#4624,
    #4647,#4670,#4693,#4716,#4739,#4762,#4785,#4806));
#4254 = ORIENTED_EDGE('',*,*,#3475,.F.);
#4255 = ORIENTED_EDGE('',*,*,#3400,.T.);
#4256 = ORIENTED_EDGE('',*,*,#4257,.T.);
#4257 = EDGE_CURVE('',#3401,#4258,#4260,.T.);
#4258 = VERTEX_POINT('',#4259);
#4259 = CARTESIAN_POINT('',(33.,176.27259338968,112.97055236082));
#4260 = SURFACE_CURVE('',#4261,(#4265,#4272),.PCURVE_S1.);
#4261 = LINE('',#4262,#4263);
#4262 = CARTESIAN_POINT('',(33.,202.10327396861,242.83015294374));
#4263 = VECTOR('',#4264,1.);
#4264 = DIRECTION('',(-0.,0.195090322016,0.980785280403));
#4265 = PCURVE('',#1547,#4266);
#4266 = DEFINITIONAL_REPRESENTATION('',(#4267),#4271);
#4267 = LINE('',#4268,#4269);
#4268 = CARTESIAN_POINT('',(-157.1698470562,-106.1032739686));
#4269 = VECTOR('',#4270,1.);
#4270 = DIRECTION('',(0.980785280403,-0.195090322016));
#4271 = ( GEOMETRIC_REPRESENTATION_CONTEXT(2) 
PARAMETRIC_REPRESENTATION_CONTEXT() REPRESENTATION_CONTEXT('2D SPACE',''
  ) );
#4272 = PCURVE('',#3439,#4273);
#4273 = DEFINITIONAL_REPRESENTATION('',(#4274),#4278);
#4274 = LINE('',#4275,#4276);
#4275 = CARTESIAN_POINT('',(-133.4501506304,-9.));
#4276 = VECTOR('',#4277,1.);
#4277 = DIRECTION('',(-1.,0.));
#4278 = ( GEOMETRIC_REPRESENTATION_CONTEXT(2) 
PARAMETRIC_REPRESENTATION_CONTEXT() REPRESENTATION_CONTEXT('2D SPACE',''
  ) );
#4279 = ORIENTED_EDGE('',*,*,#4280,.T.);
#4280 = EDGE_CURVE('',#4258,#4281,#4283,.T.);
#4281 = VERTEX_POINT('',#4282);
#4282 = CARTESIAN_POINT('',(33.,176.60896373991,113.96146745892));
#4283 = SURFACE_CURVE('',#4284,(#4288,#4295),.PCURVE_S1.);
#4284 = LINE('',#4285,#4286);
#4285 = CARTESIAN_POINT('',(33.,215.80869174525,229.4401423667));
#4286 = VECTOR('',#4287,1.);
#4287 = DIRECTION('',(-0.,0.321439465303,0.946930129495));
#4288 = PCURVE('',#1547,#4289);
#4289 = DEFINITIONAL_REPRESENTATION('',(#4290),#4294);
#4290 = LINE('',#4291,#4292);
#4291 = CARTESIAN_POINT('',(-170.5598576332,-119.8086917452));
#4292 = VECTOR('',#4293,1.);
#4293 = DIRECTION('',(0.946930129495,-0.321439465303));
#4294 = ( GEOMETRIC_REPRESENTATION_CONTEXT(2) 
PARAMETRIC_REPRESENTATION_CONTEXT() REPRESENTATION_CONTEXT('2D SPACE',''
  ) );
#4295 = PCURVE('',#3600,#4296);
#4296 = DEFINITIONAL_REPRESENTATION('',(#4297),#4301);
#4297 = LINE('',#4298,#4299);
#4298 = CARTESIAN_POINT('',(-122.997026262,-9.));
#4299 = VECTOR('',#4300,1.);
#4300 = DIRECTION('',(-1.,0.));
#4301 = ( GEOMETRIC_REPRESENTATION_CONTEXT(2) 
PARAMETRIC_REPRESENTATION_CONTEXT() REPRESENTATION_CONTEXT('2D SPACE',''
  ) );
#4302 = ORIENTED_EDGE('',*,*,#4303,.T.);
#4303 = EDGE_CURVE('',#4281,#4304,#4306,.T.);
#4304 = VERTEX_POINT('',#4305);
#4305 = CARTESIAN_POINT('',(33.,177.07179676972,114.9));
#4306 = SURFACE_CURVE('',#4307,(#4311,#4318),.PCURVE_S1.);
#4307 = LINE('',#4308,#4309);
#4308 = CARTESIAN_POINT('',(33.,225.4570361051,213.01555938938));
#4309 = VECTOR('',#4310,1.);
#4310 = DIRECTION('',(-0.,0.442288690219,0.896872741533));
#4311 = PCURVE('',#1547,#4312);
#4312 = DEFINITIONAL_REPRESENTATION('',(#4313),#4317);
#4313 = LINE('',#4314,#4315);
#4314 = CARTESIAN_POINT('',(-186.9844406106,-129.4570361051));
#4315 = VECTOR('',#4316,1.);
#4316 = DIRECTION('',(0.896872741533,-0.442288690219));
#4317 = ( GEOMETRIC_REPRESENTATION_CONTEXT(2) 
PARAMETRIC_REPRESENTATION_CONTEXT() REPRESENTATION_CONTEXT('2D SPACE',''
  ) );
#4318 = PCURVE('',#3628,#4319);
#4319 = DEFINITIONAL_REPRESENTATION('',(#4320),#4324);
#4320 = LINE('',#4321,#4322);
#4321 = CARTESIAN_POINT('',(-110.4438649358,-9.));
#4322 = VECTOR('',#4323,1.);
#4323 = DIRECTION('',(-1.,0.));
#4324 = ( GEOMETRIC_REPRESENTATION_CONTEXT(2) 
PARAMETRIC_REPRESENTATION_CONTEXT() REPRESENTATION_CONTEXT('2D SPACE',''
  ) );
#4325 = ORIENTED_EDGE('',*,*,#4326,.T.);
#4326 = EDGE_CURVE('',#4304,#4327,#4329,.T.);
#4327 = VERTEX_POINT('',#4328);
#4328 = CARTESIAN_POINT('',(33.,177.65317327767,115.77009143207));
#4329 = SURFACE_CURVE('',#4330,(#4334,#4341),.PCURVE_S1.);
#4330 = LINE('',#4331,#4332);
#4331 = CARTESIAN_POINT('',(33.,230.40956962099,194.72561821695));
#4332 = VECTOR('',#4333,1.);
#4333 = DIRECTION('',(-0.,0.55557023302,0.831469612303));
#4334 = PCURVE('',#1547,#4335);
#4335 = DEFINITIONAL_REPRESENTATION('',(#4336),#4340);
#4336 = LINE('',#4337,#4338);
#4337 = CARTESIAN_POINT('',(-205.274381783,-134.4095696209));
#4338 = VECTOR('',#4339,1.);
#4339 = DIRECTION('',(0.831469612303,-0.55557023302));
#4340 = ( GEOMETRIC_REPRESENTATION_CONTEXT(2) 
PARAMETRIC_REPRESENTATION_CONTEXT() REPRESENTATION_CONTEXT('2D SPACE',''
  ) );
#4341 = PCURVE('',#3656,#4342);
#4342 = DEFINITIONAL_REPRESENTATION('',(#4343),#4347);
#4343 = LINE('',#4344,#4345);
#4344 = CARTESIAN_POINT('',(-96.00545472239,-9.));
#4345 = VECTOR('',#4346,1.);
#4346 = DIRECTION('',(-1.,0.));
#4347 = ( GEOMETRIC_REPRESENTATION_CONTEXT(2) 
PARAMETRIC_REPRESENTATION_CONTEXT() REPRESENTATION_CONTEXT('2D SPACE',''
  ) );
#4348 = ORIENTED_EDGE('',*,*,#4349,.T.);
#4349 = EDGE_CURVE('',#4327,#4350,#4352,.T.);
#4350 = VERTEX_POINT('',#4351);
#4351 = CARTESIAN_POINT('',(33.,178.3431457505,116.55685424949));
#4352 = SURFACE_CURVE('',#4353,(#4357,#4364),.PCURVE_S1.);
#4353 = LINE('',#4354,#4355);
#4354 = CARTESIAN_POINT('',(33.,230.35391998051,175.8637757289));
#4355 = VECTOR('',#4356,1.);
#4356 = DIRECTION('',(-0.,0.6593458151,0.751839807479));
#4357 = PCURVE('',#1547,#4358);
#4358 = DEFINITIONAL_REPRESENTATION('',(#4359),#4363);
#4359 = LINE('',#4360,#4361);
#4360 = CARTESIAN_POINT('',(-224.136224271,-134.3539199805));
#4361 = VECTOR('',#4362,1.);
#4362 = DIRECTION('',(0.751839807479,-0.6593458151));
#4363 = ( GEOMETRIC_REPRESENTATION_CONTEXT(2) 
PARAMETRIC_REPRESENTATION_CONTEXT() REPRESENTATION_CONTEXT('2D SPACE',''
  ) );
#4364 = PCURVE('',#3684,#4365);
#4365 = DEFINITIONAL_REPRESENTATION('',(#4366),#4370);
#4366 = LINE('',#4367,#4368);
#4367 = CARTESIAN_POINT('',(-79.9288408236,-9.));
#4368 = VECTOR('',#4369,1.);
#4369 = DIRECTION('',(-1.,0.));
#4370 = ( GEOMETRIC_REPRESENTATION_CONTEXT(2) 
PARAMETRIC_REPRESENTATION_CONTEXT() REPRESENTATION_CONTEXT('2D SPACE',''
  ) );
#4371 = ORIENTED_EDGE('',*,*,#4372,.T.);
#4372 = EDGE_CURVE('',#4350,#4373,#4375,.T.);
#4373 = VERTEX_POINT('',#4374);
#4374 = CARTESIAN_POINT('',(33.,179.12990856793,117.24682672233));
#4375 = SURFACE_CURVE('',#4376,(#4380,#4387),.PCURVE_S1.);
#4376 = LINE('',#4377,#4378);
#4377 = CARTESIAN_POINT('',(33.,225.32493758181,157.75877987477));
#4378 = VECTOR('',#4379,1.);
#4379 = DIRECTION('',(-0.,0.751839807479,0.6593458151));
#4380 = PCURVE('',#1547,#4381);
#4381 = DEFINITIONAL_REPRESENTATION('',(#4382),#4386);
#4382 = LINE('',#4383,#4384);
#4383 = CARTESIAN_POINT('',(-242.2412201252,-129.3249375818));
#4384 = VECTOR('',#4385,1.);
#4385 = DIRECTION('',(0.6593458151,-0.751839807479));
#4386 = ( GEOMETRIC_REPRESENTATION_CONTEXT(2) 
PARAMETRIC_REPRESENTATION_CONTEXT() REPRESENTATION_CONTEXT('2D SPACE',''
  ) );
#4387 = PCURVE('',#3712,#4388);
#4388 = DEFINITIONAL_REPRESENTATION('',(#4389),#4393);
#4389 = LINE('',#4390,#4391);
#4390 = CARTESIAN_POINT('',(-62.48909856056,-9.));
#4391 = VECTOR('',#4392,1.);
#4392 = DIRECTION('',(-1.,0.));
#4393 = ( GEOMETRIC_REPRESENTATION_CONTEXT(2) 
PARAMETRIC_REPRESENTATION_CONTEXT() REPRESENTATION_CONTEXT('2D SPACE',''
  ) );
#4394 = ORIENTED_EDGE('',*,*,#4395,.T.);
#4395 = EDGE_CURVE('',#4373,#4396,#4398,.T.);
#4396 = VERTEX_POINT('',#4397);
#4397 = CARTESIAN_POINT('',(33.,180.,117.82820323027));
#4398 = SURFACE_CURVE('',#4399,(#4403,#4410),.PCURVE_S1.);
#4399 = LINE('',#4400,#4401);
#4400 = CARTESIAN_POINT('',(33.,215.70178912617,141.68337605988));
#4401 = VECTOR('',#4402,1.);
#4402 = DIRECTION('',(-0.,0.831469612303,0.55557023302));
#4403 = PCURVE('',#1547,#4404);
#4404 = DEFINITIONAL_REPRESENTATION('',(#4405),#4409);
#4405 = LINE('',#4406,#4407);
#4406 = CARTESIAN_POINT('',(-258.3166239401,-119.7017891261));
#4407 = VECTOR('',#4408,1.);
#4408 = DIRECTION('',(0.55557023302,-0.831469612303));
#4409 = ( GEOMETRIC_REPRESENTATION_CONTEXT(2) 
PARAMETRIC_REPRESENTATION_CONTEXT() REPRESENTATION_CONTEXT('2D SPACE',''
  ) );
#4410 = PCURVE('',#3740,#4411);
#4411 = DEFINITIONAL_REPRESENTATION('',(#4412),#4416);
#4412 = LINE('',#4413,#4414);
#4413 = CARTESIAN_POINT('',(-43.98462675859,-9.));
#4414 = VECTOR('',#4415,1.);
#4415 = DIRECTION('',(-1.,0.));
#4416 = ( GEOMETRIC_REPRESENTATION_CONTEXT(2) 
PARAMETRIC_REPRESENTATION_CONTEXT() REPRESENTATION_CONTEXT('2D SPACE',''
  ) );
#4417 = ORIENTED_EDGE('',*,*,#4418,.T.);
#4418 = EDGE_CURVE('',#4396,#4419,#4421,.T.);
#4419 = VERTEX_POINT('',#4420);
#4420 = CARTESIAN_POINT('',(33.,180.93853254107,118.29103626009));
#4421 = SURFACE_CURVE('',#4422,(#4426,#4433),.PCURVE_S1.);
#4422 = LINE('',#4423,#4424);
#4423 = CARTESIAN_POINT('',(33.,202.18149436662,128.76690571971));
#4424 = VECTOR('',#4425,1.);
#4425 = DIRECTION('',(-0.,0.896872741533,0.442288690219));
#4426 = PCURVE('',#1547,#4427);
#4427 = DEFINITIONAL_REPRESENTATION('',(#4428),#4432);
#4428 = LINE('',#4429,#4430);
#4429 = CARTESIAN_POINT('',(-271.2330942802,-106.1814943666));
#4430 = VECTOR('',#4431,1.);
#4431 = DIRECTION('',(0.442288690219,-0.896872741533));
#4432 = ( GEOMETRIC_REPRESENTATION_CONTEXT(2) 
PARAMETRIC_REPRESENTATION_CONTEXT() REPRESENTATION_CONTEXT('2D SPACE',''
  ) );
#4433 = PCURVE('',#3768,#4434);
#4434 = DEFINITIONAL_REPRESENTATION('',(#4435),#4439);
#4435 = LINE('',#4436,#4437);
#4436 = CARTESIAN_POINT('',(-24.73204206063,-9.));
#4437 = VECTOR('',#4438,1.);
#4438 = DIRECTION('',(-1.,0.));
#4439 = ( GEOMETRIC_REPRESENTATION_CONTEXT(2) 
PARAMETRIC_REPRESENTATION_CONTEXT() REPRESENTATION_CONTEXT('2D SPACE',''
  ) );
#4440 = ORIENTED_EDGE('',*,*,#4441,.T.);
#4441 = EDGE_CURVE('',#4419,#4442,#4444,.T.);
#4442 = VERTEX_POINT('',#4443);
#4443 = CARTESIAN_POINT('',(33.,181.92944763918,118.62740661031));
#4444 = SURFACE_CURVE('',#4445,(#4449,#4456),.PCURVE_S1.);
#4445 = LINE('',#4446,#4447);
#4446 = CARTESIAN_POINT('',(33.,185.7307201108,119.9177647399));
#4447 = VECTOR('',#4448,1.);
#4448 = DIRECTION('',(-0.,0.946930129495,0.321439465303));
#4449 = PCURVE('',#1547,#4450);
#4450 = DEFINITIONAL_REPRESENTATION('',(#4451),#4455);
#4451 = LINE('',#4452,#4453);
#4452 = CARTESIAN_POINT('',(-280.08223526,-89.7307201108));
#4453 = VECTOR('',#4454,1.);
#4454 = DIRECTION('',(0.321439465303,-0.946930129495));
#4455 = ( GEOMETRIC_REPRESENTATION_CONTEXT(2) 
PARAMETRIC_REPRESENTATION_CONTEXT() REPRESENTATION_CONTEXT('2D SPACE',''
  ) );
#4456 = PCURVE('',#3796,#4457);
#4457 = DEFINITIONAL_REPRESENTATION('',(#4458),#4462);
#4458 = LINE('',#4459,#4460);
#4459 = CARTESIAN_POINT('',(-5.060761528707,-9.));
#4460 = VECTOR('',#4461,1.);
#4461 = DIRECTION('',(-1.,0.));
#4462 = ( GEOMETRIC_REPRESENTATION_CONTEXT(2) 
PARAMETRIC_REPRESENTATION_CONTEXT() REPRESENTATION_CONTEXT('2D SPACE',''
  ) );
#4463 = ORIENTED_EDGE('',*,*,#4464,.T.);
#4464 = EDGE_CURVE('',#4442,#4465,#4467,.T.);
#4465 = VERTEX_POINT('',#4466);
#4466 = CARTESIAN_POINT('',(33.,182.95579046224,118.83155889099));
#4467 = SURFACE_CURVE('',#4468,(#4472,#4479),.PCURVE_S1.);
#4468 = LINE('',#4469,#4470);
#4469 = CARTESIAN_POINT('',(33.,167.51912870388,115.76101595619));
#4470 = VECTOR('',#4471,1.);
#4471 = DIRECTION('',(-0.,0.980785280403,0.195090322016));
#4472 = PCURVE('',#1547,#4473);
#4473 = DEFINITIONAL_REPRESENTATION('',(#4474),#4478);
#4474 = LINE('',#4475,#4476);
#4475 = CARTESIAN_POINT('',(-284.2389840438,-71.51912870388));
#4476 = VECTOR('',#4477,1.);
#4477 = DIRECTION('',(0.195090322016,-0.980785280403));
#4478 = ( GEOMETRIC_REPRESENTATION_CONTEXT(2) 
PARAMETRIC_REPRESENTATION_CONTEXT() REPRESENTATION_CONTEXT('2D SPACE',''
  ) );
#4479 = PCURVE('',#3824,#4480);
#4480 = DEFINITIONAL_REPRESENTATION('',(#4481),#4485);
#4481 = LINE('',#4482,#4483);
#4482 = CARTESIAN_POINT('',(14.692633773391,-9.));
#4483 = VECTOR('',#4484,1.);
#4484 = DIRECTION('',(-1.,0.));
#4485 = ( GEOMETRIC_REPRESENTATION_CONTEXT(2) 
PARAMETRIC_REPRESENTATION_CONTEXT() REPRESENTATION_CONTEXT('2D SPACE',''
  ) );
#4486 = ORIENTED_EDGE('',*,*,#4487,.T.);
#4487 = EDGE_CURVE('',#4465,#4488,#4490,.T.);
#4488 = VERTEX_POINT('',#4489);
#4489 = CARTESIAN_POINT('',(33.,184.,118.9));
#4490 = SURFACE_CURVE('',#4491,(#4495,#4502),.PCURVE_S1.);
#4491 = LINE('',#4492,#4493);
#4492 = CARTESIAN_POINT('',(33.,148.83883643916,116.5954155836));
#4493 = VECTOR('',#4494,1.);
#4494 = DIRECTION('',(-0.,0.997858923239,6.540312923017E-02));
#4495 = PCURVE('',#1547,#4496);
#4496 = DEFINITIONAL_REPRESENTATION('',(#4497),#4501);
#4497 = LINE('',#4498,#4499);
#4498 = CARTESIAN_POINT('',(-283.4045844163,-52.83883643916));
#4499 = VECTOR('',#4500,1.);
#4500 = DIRECTION('',(6.540312923017E-02,-0.997858923239));
#4501 = ( GEOMETRIC_REPRESENTATION_CONTEXT(2) 
PARAMETRIC_REPRESENTATION_CONTEXT() REPRESENTATION_CONTEXT('2D SPACE',''
  ) );
#4502 = PCURVE('',#3852,#4503);
#4503 = DEFINITIONAL_REPRESENTATION('',(#4504),#4508);
#4504 = LINE('',#4505,#4506);
#4505 = CARTESIAN_POINT('',(34.190157775358,-9.));
#4506 = VECTOR('',#4507,1.);
#4507 = DIRECTION('',(-1.,0.));
#4508 = ( GEOMETRIC_REPRESENTATION_CONTEXT(2) 
PARAMETRIC_REPRESENTATION_CONTEXT() REPRESENTATION_CONTEXT('2D SPACE',''
  ) );
#4509 = ORIENTED_EDGE('',*,*,#4510,.T.);
#4510 = EDGE_CURVE('',#4488,#4511,#4513,.T.);
#4511 = VERTEX_POINT('',#4512);
#4512 = CARTESIAN_POINT('',(33.,185.04420953776,118.83155889099));
#4513 = SURFACE_CURVE('',#4514,(#4518,#4525),.PCURVE_S1.);
#4514 = LINE('',#4515,#4516);
#4515 = CARTESIAN_POINT('',(33.,131.0154848915,122.37278859579));
#4516 = VECTOR('',#4517,1.);
#4517 = DIRECTION('',(0.,0.997858923239,-6.540312923017E-02));
#4518 = PCURVE('',#1547,#4519);
#4519 = DEFINITIONAL_REPRESENTATION('',(#4520),#4524);
#4520 = LINE('',#4521,#4522);
#4521 = CARTESIAN_POINT('',(-277.6272114042,-35.0154848915));
#4522 = VECTOR('',#4523,1.);
#4523 = DIRECTION('',(-6.540312923017E-02,-0.997858923239));
#4524 = ( GEOMETRIC_REPRESENTATION_CONTEXT(2) 
PARAMETRIC_REPRESENTATION_CONTEXT() REPRESENTATION_CONTEXT('2D SPACE',''
  ) );
#4525 = PCURVE('',#3880,#4526);
#4526 = DEFINITIONAL_REPRESENTATION('',(#4527),#4531);
#4527 = LINE('',#4528,#4529);
#4528 = CARTESIAN_POINT('',(53.098202435798,-9.));
#4529 = VECTOR('',#4530,1.);
#4530 = DIRECTION('',(-1.,0.));
#4531 = ( GEOMETRIC_REPRESENTATION_CONTEXT(2) 
PARAMETRIC_REPRESENTATION_CONTEXT() REPRESENTATION_CONTEXT('2D SPACE',''
  ) );
#4532 = ORIENTED_EDGE('',*,*,#4533,.T.);
#4533 = EDGE_CURVE('',#4511,#4534,#4536,.T.);
#4534 = VERTEX_POINT('',#4535);
#4535 = CARTESIAN_POINT('',(33.,186.07055236082,118.62740661031));
#4536 = SURFACE_CURVE('',#4537,(#4541,#4548),.PCURVE_S1.);
#4537 = LINE('',#4538,#4539);
#4538 = CARTESIAN_POINT('',(33.,115.31700045409,132.70116312059));
#4539 = VECTOR('',#4540,1.);
#4540 = DIRECTION('',(0.,0.980785280403,-0.195090322016));
#4541 = PCURVE('',#1547,#4542);
#4542 = DEFINITIONAL_REPRESENTATION('',(#4543),#4547);
#4543 = LINE('',#4544,#4545);
#4544 = CARTESIAN_POINT('',(-267.2988368794,-19.31700045409));
#4545 = VECTOR('',#4546,1.);
#4546 = DIRECTION('',(-0.195090322016,-0.980785280403));
#4547 = ( GEOMETRIC_REPRESENTATION_CONTEXT(2) 
PARAMETRIC_REPRESENTATION_CONTEXT() REPRESENTATION_CONTEXT('2D SPACE',''
  ) );
#4548 = PCURVE('',#3908,#4549);
#4549 = DEFINITIONAL_REPRESENTATION('',(#4550),#4554);
#4550 = LINE('',#4551,#4552);
#4551 = CARTESIAN_POINT('',(71.093245868252,-9.));
#4552 = VECTOR('',#4553,1.);
#4553 = DIRECTION('',(-1.,0.));
#4554 = ( GEOMETRIC_REPRESENTATION_CONTEXT(2) 
PARAMETRIC_REPRESENTATION_CONTEXT() REPRESENTATION_CONTEXT('2D SPACE',''
  ) );
#4555 = ORIENTED_EDGE('',*,*,#4556,.T.);
#4556 = EDGE_CURVE('',#4534,#4557,#4559,.T.);
#4557 = VERTEX_POINT('',#4558);
#4558 = CARTESIAN_POINT('',(33.,187.06146745892,118.29103626009));
#4559 = SURFACE_CURVE('',#4560,(#4564,#4571),.PCURVE_S1.);
#4560 = LINE('',#4561,#4562);
#4561 = CARTESIAN_POINT('',(33.,102.86627536733,146.87145279139));
#4562 = VECTOR('',#4563,1.);
#4563 = DIRECTION('',(0.,0.946930129495,-0.321439465303));
#4564 = PCURVE('',#1547,#4565);
#4565 = DEFINITIONAL_REPRESENTATION('',(#4566),#4570);
#4566 = LINE('',#4567,#4568);
#4567 = CARTESIAN_POINT('',(-253.1285472086,-6.866275367334));
#4568 = VECTOR('',#4569,1.);
#4569 = DIRECTION('',(-0.321439465303,-0.946930129495));
#4570 = ( GEOMETRIC_REPRESENTATION_CONTEXT(2) 
PARAMETRIC_REPRESENTATION_CONTEXT() REPRESENTATION_CONTEXT('2D SPACE',''
  ) );
#4571 = PCURVE('',#3936,#4572);
#4572 = DEFINITIONAL_REPRESENTATION('',(#4573),#4577);
#4573 = LINE('',#4574,#4575);
#4574 = CARTESIAN_POINT('',(87.867387890434,-9.));
#4575 = VECTOR('',#4576,1.);
#4576 = DIRECTION('',(-1.,0.));
#4577 = ( GEOMETRIC_REPRESENTATION_CONTEXT(2) 
PARAMETRIC_REPRESENTATION_CONTEXT() REPRESENTATION_CONTEXT('2D SPACE',''
  ) );
#4578 = ORIENTED_EDGE('',*,*,#4579,.T.);
#4579 = EDGE_CURVE('',#4557,#4580,#4582,.T.);
#4580 = VERTEX_POINT('',#4581);
#4581 = CARTESIAN_POINT('',(33.,188.,117.82820323027));
#4582 = SURFACE_CURVE('',#4583,(#4587,#4594),.PCURVE_S1.);
#4583 = LINE('',#4584,#4585);
#4584 = CARTESIAN_POINT('',(33.,94.563736486451,163.90586920743));
#4585 = VECTOR('',#4586,1.);
#4586 = DIRECTION('',(0.,0.896872741533,-0.442288690219));
#4587 = PCURVE('',#1547,#4588);
#4588 = DEFINITIONAL_REPRESENTATION('',(#4589),#4593);
#4589 = LINE('',#4590,#4591);
#4590 = CARTESIAN_POINT('',(-236.0941307925,1.436263513549));
#4591 = VECTOR('',#4592,1.);
#4592 = DIRECTION('',(-0.442288690219,-0.896872741533));
#4593 = ( GEOMETRIC_REPRESENTATION_CONTEXT(2) 
PARAMETRIC_REPRESENTATION_CONTEXT() REPRESENTATION_CONTEXT('2D SPACE',''
  ) );
#4594 = PCURVE('',#3964,#4595);
#4595 = DEFINITIONAL_REPRESENTATION('',(#4596),#4600);
#4596 = LINE('',#4597,#4598);
#4597 = CARTESIAN_POINT('',(103.13361828167,-9.));
#4598 = VECTOR('',#4599,1.);
#4599 = DIRECTION('',(-1.,0.));
#4600 = ( GEOMETRIC_REPRESENTATION_CONTEXT(2) 
PARAMETRIC_REPRESENTATION_CONTEXT() REPRESENTATION_CONTEXT('2D SPACE',''
  ) );
#4601 = ORIENTED_EDGE('',*,*,#4602,.T.);
#4602 = EDGE_CURVE('',#4580,#4603,#4605,.T.);
#4603 = VERTEX_POINT('',#4604);
#4604 = CARTESIAN_POINT('',(33.,188.87009143207,117.24682672233));
#4605 = SURFACE_CURVE('',#4606,(#4610,#4617),.PCURVE_S1.);
#4606 = LINE('',#4607,#4608);
#4607 = CARTESIAN_POINT('',(33.,91.025094133732,182.62476374435));
#4608 = VECTOR('',#4609,1.);
#4609 = DIRECTION('',(0.,0.831469612303,-0.55557023302));
#4610 = PCURVE('',#1547,#4611);
#4611 = DEFINITIONAL_REPRESENTATION('',(#4612),#4616);
#4612 = LINE('',#4613,#4614);
#4613 = CARTESIAN_POINT('',(-217.3752362556,4.974905866268));
#4614 = VECTOR('',#4615,1.);
#4615 = DIRECTION('',(-0.55557023302,-0.831469612303));
#4616 = ( GEOMETRIC_REPRESENTATION_CONTEXT(2) 
PARAMETRIC_REPRESENTATION_CONTEXT() REPRESENTATION_CONTEXT('2D SPACE',''
  ) );
#4617 = PCURVE('',#3992,#4618);
#4618 = DEFINITIONAL_REPRESENTATION('',(#4619),#4623);
#4619 = LINE('',#4620,#4621);
#4620 = CARTESIAN_POINT('',(116.63072760737,-9.));
#4621 = VECTOR('',#4622,1.);
#4622 = DIRECTION('',(-1.,0.));
#4623 = ( GEOMETRIC_REPRESENTATION_CONTEXT(2) 
PARAMETRIC_REPRESENTATION_CONTEXT() REPRESENTATION_CONTEXT('2D SPACE',''
  ) );
#4624 = ORIENTED_EDGE('',*,*,#4625,.T.);
#4625 = EDGE_CURVE('',#4603,#4626,#4628,.T.);
#4626 = VERTEX_POINT('',#4627);
#4627 = CARTESIAN_POINT('',(33.,189.65685424949,116.55685424949));
#4628 = SURFACE_CURVE('',#4629,(#4633,#4640),.PCURVE_S1.);
#4629 = LINE('',#4630,#4631);
#4630 = CARTESIAN_POINT('',(33.,92.538528551792,201.72734001163));
#4631 = VECTOR('',#4632,1.);
#4632 = DIRECTION('',(0.,0.751839807479,-0.6593458151));
#4633 = PCURVE('',#1547,#4634);
#4634 = DEFINITIONAL_REPRESENTATION('',(#4635),#4639);
#4635 = LINE('',#4636,#4637);
#4636 = CARTESIAN_POINT('',(-198.2726599883,3.461471448208));
#4637 = VECTOR('',#4638,1.);
#4638 = DIRECTION('',(-0.6593458151,-0.751839807479));
#4639 = ( GEOMETRIC_REPRESENTATION_CONTEXT(2) 
PARAMETRIC_REPRESENTATION_CONTEXT() REPRESENTATION_CONTEXT('2D SPACE',''
  ) );
#4640 = PCURVE('',#4020,#4641);
#4641 = DEFINITIONAL_REPRESENTATION('',(#4642),#4646);
#4642 = LINE('',#4643,#4644);
#4643 = CARTESIAN_POINT('',(128.12777658486,-9.));
#4644 = VECTOR('',#4645,1.);
#4645 = DIRECTION('',(-1.,0.));
#4646 = ( GEOMETRIC_REPRESENTATION_CONTEXT(2) 
PARAMETRIC_REPRESENTATION_CONTEXT() REPRESENTATION_CONTEXT('2D SPACE',''
  ) );
#4647 = ORIENTED_EDGE('',*,*,#4648,.T.);
#4648 = EDGE_CURVE('',#4626,#4649,#4651,.T.);
#4649 = VERTEX_POINT('',#4650);
#4650 = CARTESIAN_POINT('',(33.,190.34682672233,115.77009143207));
#4651 = SURFACE_CURVE('',#4652,(#4656,#4663),.PCURVE_S1.);
#4652 = LINE('',#4653,#4654);
#4653 = CARTESIAN_POINT('',(33.,99.04424624075,219.88073103806));
#4654 = VECTOR('',#4655,1.);
#4655 = DIRECTION('',(0.,0.6593458151,-0.751839807479));
#4656 = PCURVE('',#1547,#4657);
#4657 = DEFINITIONAL_REPRESENTATION('',(#4658),#4662);
#4658 = LINE('',#4659,#4660);
#4659 = CARTESIAN_POINT('',(-180.1192689619,-3.04424624075));
#4660 = VECTOR('',#4661,1.);
#4661 = DIRECTION('',(-0.751839807479,-0.6593458151));
#4662 = ( GEOMETRIC_REPRESENTATION_CONTEXT(2) 
PARAMETRIC_REPRESENTATION_CONTEXT() REPRESENTATION_CONTEXT('2D SPACE',''
  ) );
#4663 = PCURVE('',#4048,#4664);
#4664 = DEFINITIONAL_REPRESENTATION('',(#4665),#4669);
#4665 = LINE('',#4666,#4667);
#4666 = CARTESIAN_POINT('',(137.42804751856,-9.));
#4667 = VECTOR('',#4668,1.);
#4668 = DIRECTION('',(-1.,0.));
#4669 = ( GEOMETRIC_REPRESENTATION_CONTEXT(2) 
PARAMETRIC_REPRESENTATION_CONTEXT() REPRESENTATION_CONTEXT('2D SPACE',''
  ) );
#4670 = ORIENTED_EDGE('',*,*,#4671,.T.);
#4671 = EDGE_CURVE('',#4649,#4672,#4674,.T.);
#4672 = VERTEX_POINT('',#4673);
#4673 = CARTESIAN_POINT('',(33.,190.92820323027,114.9));
#4674 = SURFACE_CURVE('',#4675,(#4679,#4686),.PCURVE_S1.);
#4675 = LINE('',#4676,#4677);
#4676 = CARTESIAN_POINT('',(33.,110.13781314909,235.81136336348));
#4677 = VECTOR('',#4678,1.);
#4678 = DIRECTION('',(0.,0.55557023302,-0.831469612303));
#4679 = PCURVE('',#1547,#4680);
#4680 = DEFINITIONAL_REPRESENTATION('',(#4681),#4685);
#4681 = LINE('',#4682,#4683);
#4682 = CARTESIAN_POINT('',(-164.1886366365,-14.13781314909));
#4683 = VECTOR('',#4684,1.);
#4684 = DIRECTION('',(-0.831469612303,-0.55557023302));
#4685 = ( GEOMETRIC_REPRESENTATION_CONTEXT(2) 
PARAMETRIC_REPRESENTATION_CONTEXT() REPRESENTATION_CONTEXT('2D SPACE',''
  ) );
#4686 = PCURVE('',#4076,#4687);
#4687 = DEFINITIONAL_REPRESENTATION('',(#4688),#4692);
#4688 = LINE('',#4689,#4690);
#4689 = CARTESIAN_POINT('',(144.37241019427,-9.));
#4690 = VECTOR('',#4691,1.);
#4691 = DIRECTION('',(-1.,0.));
#4692 = ( GEOMETRIC_REPRESENTATION_CONTEXT(2) 
PARAMETRIC_REPRESENTATION_CONTEXT() REPRESENTATION_CONTEXT('2D SPACE',''
  ) );
#4693 = ORIENTED_EDGE('',*,*,#4694,.T.);
#4694 = EDGE_CURVE('',#4672,#4695,#4697,.T.);
#4695 = VERTEX_POINT('',#4696);
#4696 = CARTESIAN_POINT('',(33.,191.39103626009,113.96146745892));
#4697 = SURFACE_CURVE('',#4698,(#4702,#4709),.PCURVE_S1.);
#4698 = LINE('',#4699,#4700);
#4699 = CARTESIAN_POINT('',(33.,125.09705025637,248.39237263274));
#4700 = VECTOR('',#4701,1.);
#4701 = DIRECTION('',(0.,0.442288690219,-0.896872741533));
#4702 = PCURVE('',#1547,#4703);
#4703 = DEFINITIONAL_REPRESENTATION('',(#4704),#4708);
#4704 = LINE('',#4705,#4706);
#4705 = CARTESIAN_POINT('',(-151.6076273672,-29.09705025637));
#4706 = VECTOR('',#4707,1.);
#4707 = DIRECTION('',(-0.896872741533,-0.442288690219));
#4708 = ( GEOMETRIC_REPRESENTATION_CONTEXT(2) 
PARAMETRIC_REPRESENTATION_CONTEXT() REPRESENTATION_CONTEXT('2D SPACE',''
  ) );
#4709 = PCURVE('',#4104,#4710);
#4710 = DEFINITIONAL_REPRESENTATION('',(#4711),#4715);
#4711 = LINE('',#4712,#4713);
#4712 = CARTESIAN_POINT('',(148.84204464126,-9.));
#4713 = VECTOR('',#4714,1.);
#4714 = DIRECTION('',(-1.,0.));
#4715 = ( GEOMETRIC_REPRESENTATION_CONTEXT(2) 
PARAMETRIC_REPRESENTATION_CONTEXT() REPRESENTATION_CONTEXT('2D SPACE',''
  ) );
#4716 = ORIENTED_EDGE('',*,*,#4717,.T.);
#4717 = EDGE_CURVE('',#4695,#4718,#4720,.T.);
#4718 = VERTEX_POINT('',#4719);
#4719 = CARTESIAN_POINT('',(33.,191.72740661031,112.97055236082));
#4720 = SURFACE_CURVE('',#4721,(#4725,#4732),.PCURVE_S1.);
#4721 = LINE('',#4722,#4723);
#4722 = CARTESIAN_POINT('',(33.,142.93067005244,256.72110279213));
#4723 = VECTOR('',#4724,1.);
#4724 = DIRECTION('',(0.,0.321439465303,-0.946930129495));
#4725 = PCURVE('',#1547,#4726);
#4726 = DEFINITIONAL_REPRESENTATION('',(#4727),#4731);
#4727 = LINE('',#4728,#4729);
#4728 = CARTESIAN_POINT('',(-143.2788972078,-46.93067005244));
#4729 = VECTOR('',#4730,1.);
#4730 = DIRECTION('',(-0.946930129495,-0.321439465303));
#4731 = ( GEOMETRIC_REPRESENTATION_CONTEXT(2) 
PARAMETRIC_REPRESENTATION_CONTEXT() REPRESENTATION_CONTEXT('2D SPACE',''
  ) );
#4732 = PCURVE('',#4132,#4733);
#4733 = DEFINITIONAL_REPRESENTATION('',(#4734),#4738);
#4734 = LINE('',#4735,#4736);
#4735 = CARTESIAN_POINT('',(150.76047417493,-9.));
#4736 = VECTOR('',#4737,1.);
#4737 = DIRECTION('',(-1.,0.));
#4738 = ( GEOMETRIC_REPRESENTATION_CONTEXT(2) 
PARAMETRIC_REPRESENTATION_CONTEXT() REPRESENTATION_CONTEXT('2D SPACE',''
  ) );
#4739 = ORIENTED_EDGE('',*,*,#4740,.T.);
#4740 = EDGE_CURVE('',#4718,#4741,#4743,.T.);
#4741 = VERTEX_POINT('',#4742);
#4742 = CARTESIAN_POINT('',(33.,191.93155889099,111.94420953776));
#4743 = SURFACE_CURVE('',#4744,(#4748,#4755),.PCURVE_S1.);
#4744 = LINE('',#4745,#4746);
#4745 = CARTESIAN_POINT('',(33.,162.44534932154,260.18139537934));
#4746 = VECTOR('',#4747,1.);
#4747 = DIRECTION('',(0.,0.195090322016,-0.980785280403));
#4748 = PCURVE('',#1547,#4749);
#4749 = DEFINITIONAL_REPRESENTATION('',(#4750),#4754);
#4750 = LINE('',#4751,#4752);
#4751 = CARTESIAN_POINT('',(-139.8186046206,-66.44534932154));
#4752 = VECTOR('',#4753,1.);
#4753 = DIRECTION('',(-0.980785280403,-0.195090322016));
#4754 = ( GEOMETRIC_REPRESENTATION_CONTEXT(2) 
PARAMETRIC_REPRESENTATION_CONTEXT() REPRESENTATION_CONTEXT('2D SPACE',''
  ) );
#4755 = PCURVE('',#4160,#4756);
#4756 = DEFINITIONAL_REPRESENTATION('',(#4757),#4761);
#4757 = LINE('',#4758,#4759);
#4758 = CARTESIAN_POINT('',(150.09487393407,-9.));
#4759 = VECTOR('',#4760,1.);
#4760 = DIRECTION('',(-1.,0.));
#4761 = ( GEOMETRIC_REPRESENTATION_CONTEXT(2) 
PARAMETRIC_REPRESENTATION_CONTEXT() REPRESENTATION_CONTEXT('2D SPACE',''
  ) );
#4762 = ORIENTED_EDGE('',*,*,#4763,.T.);
#4763 = EDGE_CURVE('',#4741,#4764,#4766,.T.);
#4764 = VERTEX_POINT('',#4765);
#4765 = CARTESIAN_POINT('',(33.,192.,110.9));
#4766 = SURFACE_CURVE('',#4767,(#4771,#4778),.PCURVE_S1.);
#4767 = LINE('',#4768,#4769);
#4768 = CARTESIAN_POINT('',(33.,182.32667557576,258.48641073795));
#4769 = VECTOR('',#4770,1.);
#4770 = DIRECTION('',(0.,6.540312923014E-02,-0.997858923239));
#4771 = PCURVE('',#1547,#4772);
#4772 = DEFINITIONAL_REPRESENTATION('',(#4773),#4777);
#4773 = LINE('',#4774,#4775);
#4774 = CARTESIAN_POINT('',(-141.513589262,-86.32667557576));
#4775 = VECTOR('',#4776,1.);
#4776 = DIRECTION('',(-0.997858923239,-6.540312923014E-02));
#4777 = ( GEOMETRIC_REPRESENTATION_CONTEXT(2) 
PARAMETRIC_REPRESENTATION_CONTEXT() REPRESENTATION_CONTEXT('2D SPACE',''
  ) );
#4778 = PCURVE('',#4188,#4779);
#4779 = DEFINITIONAL_REPRESENTATION('',(#4780),#4784);
#4780 = LINE('',#4781,#4782);
#4781 = CARTESIAN_POINT('',(146.85663252334,-9.));
#4782 = VECTOR('',#4783,1.);
#4783 = DIRECTION('',(-1.,0.));
#4784 = ( GEOMETRIC_REPRESENTATION_CONTEXT(2) 
PARAMETRIC_REPRESENTATION_CONTEXT() REPRESENTATION_CONTEXT('2D SPACE',''
  ) );
#4785 = ORIENTED_EDGE('',*,*,#4786,.T.);
#4786 = EDGE_CURVE('',#4764,#1504,#4787,.T.);
#4787 = SURFACE_CURVE('',#4788,(#4792,#4799),.PCURVE_S1.);
#4788 = LINE('',#4789,#4790);
#4789 = CARTESIAN_POINT('',(33.,201.22845721567,251.69904874251));
#4790 = VECTOR('',#4791,1.);
#4791 = DIRECTION('',(0.,-6.540312923014E-02,-0.997858923239));
#4792 = PCURVE('',#1547,#4793);
#4793 = DEFINITIONAL_REPRESENTATION('',(#4794),#4798);
#4794 = LINE('',#4795,#4796);
#4795 = CARTESIAN_POINT('',(-148.3009512574,-105.2284572156));
#4796 = VECTOR('',#4797,1.);
#4797 = DIRECTION('',(-0.997858923239,6.540312923014E-02));
#4798 = ( GEOMETRIC_REPRESENTATION_CONTEXT(2) 
PARAMETRIC_REPRESENTATION_CONTEXT() REPRESENTATION_CONTEXT('2D SPACE',''
  ) );
#4799 = PCURVE('',#1519,#4800);
#4800 = DEFINITIONAL_REPRESENTATION('',(#4801),#4805);
#4801 = LINE('',#4802,#4803);
#4802 = CARTESIAN_POINT('',(141.10115715109,-9.));
#4803 = VECTOR('',#4804,1.);
#4804 = DIRECTION('',(-1.,0.));
#4805 = ( GEOMETRIC_REPRESENTATION_CONTEXT(2) 
PARAMETRIC_REPRESENTATION_CONTEXT() REPRESENTATION_CONTEXT('2D SPACE',''
  ) );
#4806 = ORIENTED_EDGE('',*,*,#1531,.T.);
#4807 = FACE_BOUND('',#4808,.F.);
#4808 = EDGE_LOOP('',(#4809));
#4809 = ORIENTED_EDGE('',*,*,#4810,.T.);
#4810 = EDGE_CURVE('',#4811,#4811,#4813,.T.);
#4811 = VERTEX_POINT('',#4812);
#4812 = CARTESIAN_POINT('',(33.,184.,107.6));
#4813 = SURFACE_CURVE('',#4814,(#4819,#4826),.PCURVE_S1.);
#4814 = CIRCLE('',#4815,3.3);
#4815 = AXIS2_PLACEMENT_3D('',#4816,#4817,#4818);
#4816 = CARTESIAN_POINT('',(33.,184.,110.9));
#4817 = DIRECTION('',(1.,0.,0.));
#4818 = DIRECTION('',(0.,-1.224646799147E-16,-1.));
#4819 = PCURVE('',#1547,#4820);
#4820 = DEFINITIONAL_REPRESENTATION('',(#4821),#4825);
#4821 = CIRCLE('',#4822,3.3);
#4822 = AXIS2_PLACEMENT_2D('',#4823,#4824);
#4823 = CARTESIAN_POINT('',(-289.1,-88.));
#4824 = DIRECTION('',(-1.,0.));
#4825 = ( GEOMETRIC_REPRESENTATION_CONTEXT(2) 
PARAMETRIC_REPRESENTATION_CONTEXT() REPRESENTATION_CONTEXT('2D SPACE',''
  ) );
#4826 = PCURVE('',#4827,#4832);
#4827 = CYLINDRICAL_SURFACE('',#4828,3.3);
#4828 = AXIS2_PLACEMENT_3D('',#4829,#4830,#4831);
#4829 = CARTESIAN_POINT('',(23.,184.,110.9));
#4830 = DIRECTION('',(1.,0.,0.));
#4831 = DIRECTION('',(0.,-1.224646799147E-16,-1.));
#4832 = DEFINITIONAL_REPRESENTATION('',(#4833),#4837);
#4833 = LINE('',#4834,#4835);
#4834 = CARTESIAN_POINT('',(0.,10.));
#4835 = VECTOR('',#4836,1.);
#4836 = DIRECTION('',(1.,0.));
#4837 = ( GEOMETRIC_REPRESENTATION_CONTEXT(2) 
PARAMETRIC_REPRESENTATION_CONTEXT() REPRESENTATION_CONTEXT('2D SPACE',''
  ) );
#4838 = ADVANCED_FACE('',(#4839),#1519,.F.);
#4839 = FACE_BOUND('',#4840,.T.);
#4840 = EDGE_LOOP('',(#4841,#4842,#4863,#4864));
#4841 = ORIENTED_EDGE('',*,*,#4200,.F.);
#4842 = ORIENTED_EDGE('',*,*,#4843,.T.);
#4843 = EDGE_CURVE('',#4173,#4764,#4844,.T.);
#4844 = SURFACE_CURVE('',#4845,(#4849,#4856),.PCURVE_S1.);
#4845 = LINE('',#4846,#4847);
#4846 = CARTESIAN_POINT('',(24.,192.,110.9));
#4847 = VECTOR('',#4848,1.);
#4848 = DIRECTION('',(1.,0.,0.));
#4849 = PCURVE('',#1519,#4850);
#4850 = DEFINITIONAL_REPRESENTATION('',(#4851),#4855);
#4851 = LINE('',#4852,#4853);
#4852 = CARTESIAN_POINT('',(-0.,0.));
#4853 = VECTOR('',#4854,1.);
#4854 = DIRECTION('',(-0.,-1.));
#4855 = ( GEOMETRIC_REPRESENTATION_CONTEXT(2) 
PARAMETRIC_REPRESENTATION_CONTEXT() REPRESENTATION_CONTEXT('2D SPACE',''
  ) );
#4856 = PCURVE('',#4188,#4857);
#4857 = DEFINITIONAL_REPRESENTATION('',(#4858),#4862);
#4858 = LINE('',#4859,#4860);
#4859 = CARTESIAN_POINT('',(-1.046450067682,0.));
#4860 = VECTOR('',#4861,1.);
#4861 = DIRECTION('',(-0.,-1.));
#4862 = ( GEOMETRIC_REPRESENTATION_CONTEXT(2) 
PARAMETRIC_REPRESENTATION_CONTEXT() REPRESENTATION_CONTEXT('2D SPACE',''
  ) );
#4863 = ORIENTED_EDGE('',*,*,#4786,.T.);
#4864 = ORIENTED_EDGE('',*,*,#1503,.F.);
#4865 = ADVANCED_FACE('',(#4866),#1743,.F.);
#4866 = FACE_BOUND('',#4867,.F.);
#4867 = EDGE_LOOP('',(#4868,#4897,#4918,#4919));
#4868 = ORIENTED_EDGE('',*,*,#4869,.F.);
#4869 = EDGE_CURVE('',#4870,#4870,#4872,.T.);
#4870 = VERTEX_POINT('',#4871);
#4871 = CARTESIAN_POINT('',(30.,21.,4.65));
#4872 = SURFACE_CURVE('',#4873,(#4878,#4885),.PCURVE_S1.);
#4873 = CIRCLE('',#4874,6.25);
#4874 = AXIS2_PLACEMENT_3D('',#4875,#4876,#4877);
#4875 = CARTESIAN_POINT('',(30.,21.,10.9));
#4876 = DIRECTION('',(1.,0.,0.));
#4877 = DIRECTION('',(0.,-1.224646799147E-16,-1.));
#4878 = PCURVE('',#1743,#4879);
#4879 = DEFINITIONAL_REPRESENTATION('',(#4880),#4884);
#4880 = LINE('',#4881,#4882);
#4881 = CARTESIAN_POINT('',(0.,31.));
#4882 = VECTOR('',#4883,1.);
#4883 = DIRECTION('',(1.,0.));
#4884 = ( GEOMETRIC_REPRESENTATION_CONTEXT(2) 
PARAMETRIC_REPRESENTATION_CONTEXT() REPRESENTATION_CONTEXT('2D SPACE',''
  ) );
#4885 = PCURVE('',#4886,#4891);
#4886 = PLANE('',#4887);
#4887 = AXIS2_PLACEMENT_3D('',#4888,#4889,#4890);
#4888 = CARTESIAN_POINT('',(30.,21.,10.9));
#4889 = DIRECTION('',(1.,0.,0.));
#4890 = DIRECTION('',(0.,-1.224646799147E-16,-1.));
#4891 = DEFINITIONAL_REPRESENTATION('',(#4892),#4896);
#4892 = CIRCLE('',#4893,6.25);
#4893 = AXIS2_PLACEMENT_2D('',#4894,#4895);
#4894 = CARTESIAN_POINT('',(0.,0.));
#4895 = DIRECTION('',(1.,0.));
#4896 = ( GEOMETRIC_REPRESENTATION_CONTEXT(2) 
PARAMETRIC_REPRESENTATION_CONTEXT() REPRESENTATION_CONTEXT('2D SPACE',''
  ) );
#4897 = ORIENTED_EDGE('',*,*,#4898,.F.);
#4898 = EDGE_CURVE('',#1727,#4870,#4899,.T.);
#4899 = SEAM_CURVE('',#4900,(#4904,#4911),.PCURVE_S1.);
#4900 = LINE('',#4901,#4902);
#4901 = CARTESIAN_POINT('',(-1.,21.,4.65));
#4902 = VECTOR('',#4903,1.);
#4903 = DIRECTION('',(1.,0.,0.));
#4904 = PCURVE('',#1743,#4905);
#4905 = DEFINITIONAL_REPRESENTATION('',(#4906),#4910);
#4906 = LINE('',#4907,#4908);
#4907 = CARTESIAN_POINT('',(6.28318530718,-0.));
#4908 = VECTOR('',#4909,1.);
#4909 = DIRECTION('',(0.,1.));
#4910 = ( GEOMETRIC_REPRESENTATION_CONTEXT(2) 
PARAMETRIC_REPRESENTATION_CONTEXT() REPRESENTATION_CONTEXT('2D SPACE',''
  ) );
#4911 = PCURVE('',#1743,#4912);
#4912 = DEFINITIONAL_REPRESENTATION('',(#4913),#4917);
#4913 = LINE('',#4914,#4915);
#4914 = CARTESIAN_POINT('',(0.,-0.));
#4915 = VECTOR('',#4916,1.);
#4916 = DIRECTION('',(0.,1.));
#4917 = ( GEOMETRIC_REPRESENTATION_CONTEXT(2) 
PARAMETRIC_REPRESENTATION_CONTEXT() REPRESENTATION_CONTEXT('2D SPACE',''
  ) );
#4918 = ORIENTED_EDGE('',*,*,#1726,.T.);
#4919 = ORIENTED_EDGE('',*,*,#4898,.T.);
#4920 = ADVANCED_FACE('',(#4921),#1774,.F.);
#4921 = FACE_BOUND('',#4922,.F.);
#4922 = EDGE_LOOP('',(#4923,#4952,#4973,#4974));
#4923 = ORIENTED_EDGE('',*,*,#4924,.F.);
#4924 = EDGE_CURVE('',#4925,#4925,#4927,.T.);
#4925 = VERTEX_POINT('',#4926);
#4926 = CARTESIAN_POINT('',(30.,171.,4.65));
#4927 = SURFACE_CURVE('',#4928,(#4933,#4940),.PCURVE_S1.);
#4928 = CIRCLE('',#4929,6.25);
#4929 = AXIS2_PLACEMENT_3D('',#4930,#4931,#4932);
#4930 = CARTESIAN_POINT('',(30.,171.,10.9));
#4931 = DIRECTION('',(1.,0.,0.));
#4932 = DIRECTION('',(0.,-1.224646799147E-16,-1.));
#4933 = PCURVE('',#1774,#4934);
#4934 = DEFINITIONAL_REPRESENTATION('',(#4935),#4939);
#4935 = LINE('',#4936,#4937);
#4936 = CARTESIAN_POINT('',(0.,31.));
#4937 = VECTOR('',#4938,1.);
#4938 = DIRECTION('',(1.,0.));
#4939 = ( GEOMETRIC_REPRESENTATION_CONTEXT(2) 
PARAMETRIC_REPRESENTATION_CONTEXT() REPRESENTATION_CONTEXT('2D SPACE',''
  ) );
#4940 = PCURVE('',#4941,#4946);
#4941 = PLANE('',#4942);
#4942 = AXIS2_PLACEMENT_3D('',#4943,#4944,#4945);
#4943 = CARTESIAN_POINT('',(30.,171.,10.9));
#4944 = DIRECTION('',(1.,0.,0.));
#4945 = DIRECTION('',(0.,-1.224646799147E-16,-1.));
#4946 = DEFINITIONAL_REPRESENTATION('',(#4947),#4951);
#4947 = CIRCLE('',#4948,6.25);
#4948 = AXIS2_PLACEMENT_2D('',#4949,#4950);
#4949 = CARTESIAN_POINT('',(0.,0.));
#4950 = DIRECTION('',(1.,0.));
#4951 = ( GEOMETRIC_REPRESENTATION_CONTEXT(2) 
PARAMETRIC_REPRESENTATION_CONTEXT() REPRESENTATION_CONTEXT('2D SPACE',''
  ) );
#4952 = ORIENTED_EDGE('',*,*,#4953,.F.);
#4953 = EDGE_CURVE('',#1758,#4925,#4954,.T.);
#4954 = SEAM_CURVE('',#4955,(#4959,#4966),.PCURVE_S1.);
#4955 = LINE('',#4956,#4957);
#4956 = CARTESIAN_POINT('',(-1.,171.,4.65));
#4957 = VECTOR('',#4958,1.);
#4958 = DIRECTION('',(1.,0.,0.));
#4959 = PCURVE('',#1774,#4960);
#4960 = DEFINITIONAL_REPRESENTATION('',(#4961),#4965);
#4961 = LINE('',#4962,#4963);
#4962 = CARTESIAN_POINT('',(6.28318530718,-0.));
#4963 = VECTOR('',#4964,1.);
#4964 = DIRECTION('',(0.,1.));
#4965 = ( GEOMETRIC_REPRESENTATION_CONTEXT(2) 
PARAMETRIC_REPRESENTATION_CONTEXT() REPRESENTATION_CONTEXT('2D SPACE',''
  ) );
#4966 = PCURVE('',#1774,#4967);
#4967 = DEFINITIONAL_REPRESENTATION('',(#4968),#4972);
#4968 = LINE('',#4969,#4970);
#4969 = CARTESIAN_POINT('',(0.,-0.));
#4970 = VECTOR('',#4971,1.);
#4971 = DIRECTION('',(0.,1.));
#4972 = ( GEOMETRIC_REPRESENTATION_CONTEXT(2) 
PARAMETRIC_REPRESENTATION_CONTEXT() REPRESENTATION_CONTEXT('2D SPACE',''
  ) );
#4973 = ORIENTED_EDGE('',*,*,#1757,.T.);
#4974 = ORIENTED_EDGE('',*,*,#4953,.T.);
#4975 = ADVANCED_FACE('',(#4976),#1854,.F.);
#4976 = FACE_BOUND('',#4977,.F.);
#4977 = EDGE_LOOP('',(#4978,#4979,#4980,#4981));
#4978 = ORIENTED_EDGE('',*,*,#2004,.F.);
#4979 = ORIENTED_EDGE('',*,*,#1838,.T.);
#4980 = ORIENTED_EDGE('',*,*,#2700,.T.);
#4981 = ORIENTED_EDGE('',*,*,#4982,.F.);
#4982 = EDGE_CURVE('',#2005,#2701,#4983,.T.);
#4983 = SURFACE_CURVE('',#4984,(#4988,#4995),.PCURVE_S1.);
#4984 = LINE('',#4985,#4986);
#4985 = CARTESIAN_POINT('',(24.,15.727406610313,112.97055236082));
#4986 = VECTOR('',#4987,1.);
#4987 = DIRECTION('',(1.,0.,0.));
#4988 = PCURVE('',#1854,#4989);
#4989 = DEFINITIONAL_REPRESENTATION('',(#4990),#4994);
#4990 = LINE('',#4991,#4992);
#4991 = CARTESIAN_POINT('',(1.046450067682,0.));
#4992 = VECTOR('',#4993,1.);
#4993 = DIRECTION('',(0.,-1.));
#4994 = ( GEOMETRIC_REPRESENTATION_CONTEXT(2) 
PARAMETRIC_REPRESENTATION_CONTEXT() REPRESENTATION_CONTEXT('2D SPACE',''
  ) );
#4995 = PCURVE('',#2043,#4996);
#4996 = DEFINITIONAL_REPRESENTATION('',(#4997),#5001);
#4997 = LINE('',#4998,#4999);
#4998 = CARTESIAN_POINT('',(0.,0.));
#4999 = VECTOR('',#5000,1.);
#5000 = DIRECTION('',(0.,-1.));
#5001 = ( GEOMETRIC_REPRESENTATION_CONTEXT(2) 
PARAMETRIC_REPRESENTATION_CONTEXT() REPRESENTATION_CONTEXT('2D SPACE',''
  ) );
#5002 = ADVANCED_FACE('',(#5003),#1984,.F.);
#5003 = FACE_BOUND('',#5004,.F.);
#5004 = EDGE_LOOP('',(#5005,#5028,#5029,#5030));
#5005 = ORIENTED_EDGE('',*,*,#5006,.T.);
#5006 = EDGE_CURVE('',#5007,#1947,#5009,.T.);
#5007 = VERTEX_POINT('',#5008);
#5008 = CARTESIAN_POINT('',(31.,21.,5.1));
#5009 = SEAM_CURVE('',#5010,(#5014,#5021),.PCURVE_S1.);
#5010 = LINE('',#5011,#5012);
#5011 = CARTESIAN_POINT('',(30.,21.,4.1));
#5012 = VECTOR('',#5013,1.);
#5013 = DIRECTION('',(0.707106781187,2.597868168706E-16,0.707106781187)
  );
#5014 = PCURVE('',#1984,#5015);
#5015 = DEFINITIONAL_REPRESENTATION('',(#5016),#5020);
#5016 = LINE('',#5017,#5018);
#5017 = CARTESIAN_POINT('',(-6.28318530718,0.));
#5018 = VECTOR('',#5019,1.);
#5019 = DIRECTION('',(-0.,-1.));
#5020 = ( GEOMETRIC_REPRESENTATION_CONTEXT(2) 
PARAMETRIC_REPRESENTATION_CONTEXT() REPRESENTATION_CONTEXT('2D SPACE',''
  ) );
#5021 = PCURVE('',#1984,#5022);
#5022 = DEFINITIONAL_REPRESENTATION('',(#5023),#5027);
#5023 = LINE('',#5024,#5025);
#5024 = CARTESIAN_POINT('',(0.,-0.));
#5025 = VECTOR('',#5026,1.);
#5026 = DIRECTION('',(-0.,-1.));
#5027 = ( GEOMETRIC_REPRESENTATION_CONTEXT(2) 
PARAMETRIC_REPRESENTATION_CONTEXT() REPRESENTATION_CONTEXT('2D SPACE',''
  ) );
#5028 = ORIENTED_EDGE('',*,*,#1969,.F.);
#5029 = ORIENTED_EDGE('',*,*,#5006,.F.);
#5030 = ORIENTED_EDGE('',*,*,#5031,.T.);
#5031 = EDGE_CURVE('',#5007,#5007,#5032,.T.);
#5032 = SURFACE_CURVE('',#5033,(#5038,#5045),.PCURVE_S1.);
#5033 = CIRCLE('',#5034,5.8);
#5034 = AXIS2_PLACEMENT_3D('',#5035,#5036,#5037);
#5035 = CARTESIAN_POINT('',(31.,21.,10.9));
#5036 = DIRECTION('',(1.,0.,0.));
#5037 = DIRECTION('',(0.,-1.224646799147E-16,-1.));
#5038 = PCURVE('',#1984,#5039);
#5039 = DEFINITIONAL_REPRESENTATION('',(#5040),#5044);
#5040 = LINE('',#5041,#5042);
#5041 = CARTESIAN_POINT('',(-0.,-1.));
#5042 = VECTOR('',#5043,1.);
#5043 = DIRECTION('',(-1.,-0.));
#5044 = ( GEOMETRIC_REPRESENTATION_CONTEXT(2) 
PARAMETRIC_REPRESENTATION_CONTEXT() REPRESENTATION_CONTEXT('2D SPACE',''
  ) );
#5045 = PCURVE('',#5046,#5051);
#5046 = PLANE('',#5047);
#5047 = AXIS2_PLACEMENT_3D('',#5048,#5049,#5050);
#5048 = CARTESIAN_POINT('',(31.,21.,10.9));
#5049 = DIRECTION('',(1.,0.,0.));
#5050 = DIRECTION('',(0.,-1.224646799147E-16,-1.));
#5051 = DEFINITIONAL_REPRESENTATION('',(#5052),#5056);
#5052 = CIRCLE('',#5053,5.8);
#5053 = AXIS2_PLACEMENT_2D('',#5054,#5055);
#5054 = CARTESIAN_POINT('',(0.,0.));
#5055 = DIRECTION('',(1.,0.));
#5056 = ( GEOMETRIC_REPRESENTATION_CONTEXT(2) 
PARAMETRIC_REPRESENTATION_CONTEXT() REPRESENTATION_CONTEXT('2D SPACE',''
  ) );
#5057 = ADVANCED_FACE('',(#5058),#2631,.F.);
#5058 = FACE_BOUND('',#5059,.F.);
#5059 = EDGE_LOOP('',(#5060,#5061,#5082,#5083));
#5060 = ORIENTED_EDGE('',*,*,#2615,.F.);
#5061 = ORIENTED_EDGE('',*,*,#5062,.T.);
#5062 = EDGE_CURVE('',#2588,#3184,#5063,.T.);
#5063 = SURFACE_CURVE('',#5064,(#5068,#5075),.PCURVE_S1.);
#5064 = LINE('',#5065,#5066);
#5065 = CARTESIAN_POINT('',(24.,6.844110900951E-02,111.94420953776));
#5066 = VECTOR('',#5067,1.);
#5067 = DIRECTION('',(1.,0.,0.));
#5068 = PCURVE('',#2631,#5069);
#5069 = DEFINITIONAL_REPRESENTATION('',(#5070),#5074);
#5070 = LINE('',#5071,#5072);
#5071 = CARTESIAN_POINT('',(0.,0.));
#5072 = VECTOR('',#5073,1.);
#5073 = DIRECTION('',(0.,-1.));
#5074 = ( GEOMETRIC_REPRESENTATION_CONTEXT(2) 
PARAMETRIC_REPRESENTATION_CONTEXT() REPRESENTATION_CONTEXT('2D SPACE',''
  ) );
#5075 = PCURVE('',#2603,#5076);
#5076 = DEFINITIONAL_REPRESENTATION('',(#5077),#5081);
#5077 = LINE('',#5078,#5079);
#5078 = CARTESIAN_POINT('',(1.046450067682,0.));
#5079 = VECTOR('',#5080,1.);
#5080 = DIRECTION('',(0.,-1.));
#5081 = ( GEOMETRIC_REPRESENTATION_CONTEXT(2) 
PARAMETRIC_REPRESENTATION_CONTEXT() REPRESENTATION_CONTEXT('2D SPACE',''
  ) );
#5082 = ORIENTED_EDGE('',*,*,#3206,.T.);
#5083 = ORIENTED_EDGE('',*,*,#3286,.F.);
#5084 = ADVANCED_FACE('',(#5085),#2603,.F.);
#5085 = FACE_BOUND('',#5086,.F.);
#5086 = EDGE_LOOP('',(#5087,#5088,#5109,#5110));
#5087 = ORIENTED_EDGE('',*,*,#2587,.F.);
#5088 = ORIENTED_EDGE('',*,*,#5089,.T.);
#5089 = EDGE_CURVE('',#2560,#3161,#5090,.T.);
#5090 = SURFACE_CURVE('',#5091,(#5095,#5102),.PCURVE_S1.);
#5091 = LINE('',#5092,#5093);
#5092 = CARTESIAN_POINT('',(24.,0.272593389687,112.97055236082));
#5093 = VECTOR('',#5094,1.);
#5094 = DIRECTION('',(1.,0.,0.));
#5095 = PCURVE('',#2603,#5096);
#5096 = DEFINITIONAL_REPRESENTATION('',(#5097),#5101);
#5097 = LINE('',#5098,#5099);
#5098 = CARTESIAN_POINT('',(0.,0.));
#5099 = VECTOR('',#5100,1.);
#5100 = DIRECTION('',(0.,-1.));
#5101 = ( GEOMETRIC_REPRESENTATION_CONTEXT(2) 
PARAMETRIC_REPRESENTATION_CONTEXT() REPRESENTATION_CONTEXT('2D SPACE',''
  ) );
#5102 = PCURVE('',#2575,#5103);
#5103 = DEFINITIONAL_REPRESENTATION('',(#5104),#5108);
#5104 = LINE('',#5105,#5106);
#5105 = CARTESIAN_POINT('',(1.046450067682,0.));
#5106 = VECTOR('',#5107,1.);
#5107 = DIRECTION('',(0.,-1.));
#5108 = ( GEOMETRIC_REPRESENTATION_CONTEXT(2) 
PARAMETRIC_REPRESENTATION_CONTEXT() REPRESENTATION_CONTEXT('2D SPACE',''
  ) );
#5109 = ORIENTED_EDGE('',*,*,#3183,.T.);
#5110 = ORIENTED_EDGE('',*,*,#5062,.F.);
#5111 = ADVANCED_FACE('',(#5112),#2575,.F.);
#5112 = FACE_BOUND('',#5113,.F.);
#5113 = EDGE_LOOP('',(#5114,#5115,#5136,#5137));
#5114 = ORIENTED_EDGE('',*,*,#2559,.F.);
#5115 = ORIENTED_EDGE('',*,*,#5116,.T.);
#5116 = EDGE_CURVE('',#2532,#3138,#5117,.T.);
#5117 = SURFACE_CURVE('',#5118,(#5122,#5129),.PCURVE_S1.);
#5118 = LINE('',#5119,#5120);
#5119 = CARTESIAN_POINT('',(24.,0.60896373991,113.96146745892));
#5120 = VECTOR('',#5121,1.);
#5121 = DIRECTION('',(1.,0.,0.));
#5122 = PCURVE('',#2575,#5123);
#5123 = DEFINITIONAL_REPRESENTATION('',(#5124),#5128);
#5124 = LINE('',#5125,#5126);
#5125 = CARTESIAN_POINT('',(0.,0.));
#5126 = VECTOR('',#5127,1.);
#5127 = DIRECTION('',(0.,-1.));
#5128 = ( GEOMETRIC_REPRESENTATION_CONTEXT(2) 
PARAMETRIC_REPRESENTATION_CONTEXT() REPRESENTATION_CONTEXT('2D SPACE',''
  ) );
#5129 = PCURVE('',#2547,#5130);
#5130 = DEFINITIONAL_REPRESENTATION('',(#5131),#5135);
#5131 = LINE('',#5132,#5133);
#5132 = CARTESIAN_POINT('',(1.046450067682,0.));
#5133 = VECTOR('',#5134,1.);
#5134 = DIRECTION('',(0.,-1.));
#5135 = ( GEOMETRIC_REPRESENTATION_CONTEXT(2) 
PARAMETRIC_REPRESENTATION_CONTEXT() REPRESENTATION_CONTEXT('2D SPACE',''
  ) );
#5136 = ORIENTED_EDGE('',*,*,#3160,.T.);
#5137 = ORIENTED_EDGE('',*,*,#5089,.F.);
#5138 = ADVANCED_FACE('',(#5139),#2547,.F.);
#5139 = FACE_BOUND('',#5140,.F.);
#5140 = EDGE_LOOP('',(#5141,#5142,#5163,#5164));
#5141 = ORIENTED_EDGE('',*,*,#2531,.F.);
#5142 = ORIENTED_EDGE('',*,*,#5143,.T.);
#5143 = EDGE_CURVE('',#2504,#3115,#5144,.T.);
#5144 = SURFACE_CURVE('',#5145,(#5149,#5156),.PCURVE_S1.);
#5145 = LINE('',#5146,#5147);
#5146 = CARTESIAN_POINT('',(24.,1.071796769725,114.9));
#5147 = VECTOR('',#5148,1.);
#5148 = DIRECTION('',(1.,0.,0.));
#5149 = PCURVE('',#2547,#5150);
#5150 = DEFINITIONAL_REPRESENTATION('',(#5151),#5155);
#5151 = LINE('',#5152,#5153);
#5152 = CARTESIAN_POINT('',(0.,0.));
#5153 = VECTOR('',#5154,1.);
#5154 = DIRECTION('',(0.,-1.));
#5155 = ( GEOMETRIC_REPRESENTATION_CONTEXT(2) 
PARAMETRIC_REPRESENTATION_CONTEXT() REPRESENTATION_CONTEXT('2D SPACE',''
  ) );
#5156 = PCURVE('',#2519,#5157);
#5157 = DEFINITIONAL_REPRESENTATION('',(#5158),#5162);
#5158 = LINE('',#5159,#5160);
#5159 = CARTESIAN_POINT('',(1.046450067682,0.));
#5160 = VECTOR('',#5161,1.);
#5161 = DIRECTION('',(0.,-1.));
#5162 = ( GEOMETRIC_REPRESENTATION_CONTEXT(2) 
PARAMETRIC_REPRESENTATION_CONTEXT() REPRESENTATION_CONTEXT('2D SPACE',''
  ) );
#5163 = ORIENTED_EDGE('',*,*,#3137,.T.);
#5164 = ORIENTED_EDGE('',*,*,#5116,.F.);
#5165 = ADVANCED_FACE('',(#5166),#2043,.F.);
#5166 = FACE_BOUND('',#5167,.F.);
#5167 = EDGE_LOOP('',(#5168,#5169,#5170,#5171));
#5168 = ORIENTED_EDGE('',*,*,#2027,.F.);
#5169 = ORIENTED_EDGE('',*,*,#4982,.T.);
#5170 = ORIENTED_EDGE('',*,*,#2723,.T.);
#5171 = ORIENTED_EDGE('',*,*,#5172,.F.);
#5172 = EDGE_CURVE('',#2028,#2724,#5173,.T.);
#5173 = SURFACE_CURVE('',#5174,(#5178,#5185),.PCURVE_S1.);
#5174 = LINE('',#5175,#5176);
#5175 = CARTESIAN_POINT('',(24.,15.39103626009,113.96146745892));
#5176 = VECTOR('',#5177,1.);
#5177 = DIRECTION('',(1.,0.,0.));
#5178 = PCURVE('',#2043,#5179);
#5179 = DEFINITIONAL_REPRESENTATION('',(#5180),#5184);
#5180 = LINE('',#5181,#5182);
#5181 = CARTESIAN_POINT('',(1.046450067682,0.));
#5182 = VECTOR('',#5183,1.);
#5183 = DIRECTION('',(0.,-1.));
#5184 = ( GEOMETRIC_REPRESENTATION_CONTEXT(2) 
PARAMETRIC_REPRESENTATION_CONTEXT() REPRESENTATION_CONTEXT('2D SPACE',''
  ) );
#5185 = PCURVE('',#2071,#5186);
#5186 = DEFINITIONAL_REPRESENTATION('',(#5187),#5191);
#5187 = LINE('',#5188,#5189);
#5188 = CARTESIAN_POINT('',(0.,0.));
#5189 = VECTOR('',#5190,1.);
#5190 = DIRECTION('',(0.,-1.));
#5191 = ( GEOMETRIC_REPRESENTATION_CONTEXT(2) 
PARAMETRIC_REPRESENTATION_CONTEXT() REPRESENTATION_CONTEXT('2D SPACE',''
  ) );
#5192 = ADVANCED_FACE('',(#5193),#2519,.F.);
#5193 = FACE_BOUND('',#5194,.F.);
#5194 = EDGE_LOOP('',(#5195,#5196,#5217,#5218));
#5195 = ORIENTED_EDGE('',*,*,#2503,.F.);
#5196 = ORIENTED_EDGE('',*,*,#5197,.T.);
#5197 = EDGE_CURVE('',#2476,#3092,#5198,.T.);
#5198 = SURFACE_CURVE('',#5199,(#5203,#5210),.PCURVE_S1.);
#5199 = LINE('',#5200,#5201);
#5200 = CARTESIAN_POINT('',(24.,1.65317327767,115.77009143207));
#5201 = VECTOR('',#5202,1.);
#5202 = DIRECTION('',(1.,0.,0.));
#5203 = PCURVE('',#2519,#5204);
#5204 = DEFINITIONAL_REPRESENTATION('',(#5205),#5209);
#5205 = LINE('',#5206,#5207);
#5206 = CARTESIAN_POINT('',(0.,0.));
#5207 = VECTOR('',#5208,1.);
#5208 = DIRECTION('',(0.,-1.));
#5209 = ( GEOMETRIC_REPRESENTATION_CONTEXT(2) 
PARAMETRIC_REPRESENTATION_CONTEXT() REPRESENTATION_CONTEXT('2D SPACE',''
  ) );
#5210 = PCURVE('',#2491,#5211);
#5211 = DEFINITIONAL_REPRESENTATION('',(#5212),#5216);
#5212 = LINE('',#5213,#5214);
#5213 = CARTESIAN_POINT('',(1.046450067682,0.));
#5214 = VECTOR('',#5215,1.);
#5215 = DIRECTION('',(0.,-1.));
#5216 = ( GEOMETRIC_REPRESENTATION_CONTEXT(2) 
PARAMETRIC_REPRESENTATION_CONTEXT() REPRESENTATION_CONTEXT('2D SPACE',''
  ) );
#5217 = ORIENTED_EDGE('',*,*,#3114,.T.);
#5218 = ORIENTED_EDGE('',*,*,#5143,.F.);
#5219 = ADVANCED_FACE('',(#5220),#2071,.F.);
#5220 = FACE_BOUND('',#5221,.F.);
#5221 = EDGE_LOOP('',(#5222,#5223,#5224,#5225));
#5222 = ORIENTED_EDGE('',*,*,#2055,.F.);
#5223 = ORIENTED_EDGE('',*,*,#5172,.T.);
#5224 = ORIENTED_EDGE('',*,*,#2746,.T.);
#5225 = ORIENTED_EDGE('',*,*,#5226,.F.);
#5226 = EDGE_CURVE('',#2056,#2747,#5227,.T.);
#5227 = SURFACE_CURVE('',#5228,(#5232,#5239),.PCURVE_S1.);
#5228 = LINE('',#5229,#5230);
#5229 = CARTESIAN_POINT('',(24.,14.928203230276,114.9));
#5230 = VECTOR('',#5231,1.);
#5231 = DIRECTION('',(1.,0.,0.));
#5232 = PCURVE('',#2071,#5233);
#5233 = DEFINITIONAL_REPRESENTATION('',(#5234),#5238);
#5234 = LINE('',#5235,#5236);
#5235 = CARTESIAN_POINT('',(1.046450067682,0.));
#5236 = VECTOR('',#5237,1.);
#5237 = DIRECTION('',(0.,-1.));
#5238 = ( GEOMETRIC_REPRESENTATION_CONTEXT(2) 
PARAMETRIC_REPRESENTATION_CONTEXT() REPRESENTATION_CONTEXT('2D SPACE',''
  ) );
#5239 = PCURVE('',#2099,#5240);
#5240 = DEFINITIONAL_REPRESENTATION('',(#5241),#5245);
#5241 = LINE('',#5242,#5243);
#5242 = CARTESIAN_POINT('',(0.,0.));
#5243 = VECTOR('',#5244,1.);
#5244 = DIRECTION('',(0.,-1.));
#5245 = ( GEOMETRIC_REPRESENTATION_CONTEXT(2) 
PARAMETRIC_REPRESENTATION_CONTEXT() REPRESENTATION_CONTEXT('2D SPACE',''
  ) );
#5246 = ADVANCED_FACE('',(#5247),#2491,.F.);
#5247 = FACE_BOUND('',#5248,.F.);
#5248 = EDGE_LOOP('',(#5249,#5250,#5271,#5272));
#5249 = ORIENTED_EDGE('',*,*,#2475,.F.);
#5250 = ORIENTED_EDGE('',*,*,#5251,.T.);
#5251 = EDGE_CURVE('',#2448,#3069,#5252,.T.);
#5252 = SURFACE_CURVE('',#5253,(#5257,#5264),.PCURVE_S1.);
#5253 = LINE('',#5254,#5255);
#5254 = CARTESIAN_POINT('',(24.,2.343145750508,116.55685424949));
#5255 = VECTOR('',#5256,1.);
#5256 = DIRECTION('',(1.,0.,0.));
#5257 = PCURVE('',#2491,#5258);
#5258 = DEFINITIONAL_REPRESENTATION('',(#5259),#5263);
#5259 = LINE('',#5260,#5261);
#5260 = CARTESIAN_POINT('',(0.,0.));
#5261 = VECTOR('',#5262,1.);
#5262 = DIRECTION('',(0.,-1.));
#5263 = ( GEOMETRIC_REPRESENTATION_CONTEXT(2) 
PARAMETRIC_REPRESENTATION_CONTEXT() REPRESENTATION_CONTEXT('2D SPACE',''
  ) );
#5264 = PCURVE('',#2463,#5265);
#5265 = DEFINITIONAL_REPRESENTATION('',(#5266),#5270);
#5266 = LINE('',#5267,#5268);
#5267 = CARTESIAN_POINT('',(1.046450067682,0.));
#5268 = VECTOR('',#5269,1.);
#5269 = DIRECTION('',(0.,-1.));
#5270 = ( GEOMETRIC_REPRESENTATION_CONTEXT(2) 
PARAMETRIC_REPRESENTATION_CONTEXT() REPRESENTATION_CONTEXT('2D SPACE',''
  ) );
#5271 = ORIENTED_EDGE('',*,*,#3091,.T.);
#5272 = ORIENTED_EDGE('',*,*,#5197,.F.);
#5273 = ADVANCED_FACE('',(#5274),#2099,.F.);
#5274 = FACE_BOUND('',#5275,.F.);
#5275 = EDGE_LOOP('',(#5276,#5277,#5278,#5279));
#5276 = ORIENTED_EDGE('',*,*,#2083,.F.);
#5277 = ORIENTED_EDGE('',*,*,#5226,.T.);
#5278 = ORIENTED_EDGE('',*,*,#2769,.T.);
#5279 = ORIENTED_EDGE('',*,*,#5280,.F.);
#5280 = EDGE_CURVE('',#2084,#2770,#5281,.T.);
#5281 = SURFACE_CURVE('',#5282,(#5286,#5293),.PCURVE_S1.);
#5282 = LINE('',#5283,#5284);
#5283 = CARTESIAN_POINT('',(24.,14.34682672233,115.77009143207));
#5284 = VECTOR('',#5285,1.);
#5285 = DIRECTION('',(1.,0.,0.));
#5286 = PCURVE('',#2099,#5287);
#5287 = DEFINITIONAL_REPRESENTATION('',(#5288),#5292);
#5288 = LINE('',#5289,#5290);
#5289 = CARTESIAN_POINT('',(1.046450067682,0.));
#5290 = VECTOR('',#5291,1.);
#5291 = DIRECTION('',(0.,-1.));
#5292 = ( GEOMETRIC_REPRESENTATION_CONTEXT(2) 
PARAMETRIC_REPRESENTATION_CONTEXT() REPRESENTATION_CONTEXT('2D SPACE',''
  ) );
#5293 = PCURVE('',#2127,#5294);
#5294 = DEFINITIONAL_REPRESENTATION('',(#5295),#5299);
#5295 = LINE('',#5296,#5297);
#5296 = CARTESIAN_POINT('',(0.,0.));
#5297 = VECTOR('',#5298,1.);
#5298 = DIRECTION('',(0.,-1.));
#5299 = ( GEOMETRIC_REPRESENTATION_CONTEXT(2) 
PARAMETRIC_REPRESENTATION_CONTEXT() REPRESENTATION_CONTEXT('2D SPACE',''
  ) );
#5300 = ADVANCED_FACE('',(#5301),#2463,.F.);
#5301 = FACE_BOUND('',#5302,.F.);
#5302 = EDGE_LOOP('',(#5303,#5304,#5325,#5326));
#5303 = ORIENTED_EDGE('',*,*,#2447,.F.);
#5304 = ORIENTED_EDGE('',*,*,#5305,.T.);
#5305 = EDGE_CURVE('',#2420,#3046,#5306,.T.);
#5306 = SURFACE_CURVE('',#5307,(#5311,#5318),.PCURVE_S1.);
#5307 = LINE('',#5308,#5309);
#5308 = CARTESIAN_POINT('',(24.,3.12990856793,117.24682672233));
#5309 = VECTOR('',#5310,1.);
#5310 = DIRECTION('',(1.,0.,0.));
#5311 = PCURVE('',#2463,#5312);
#5312 = DEFINITIONAL_REPRESENTATION('',(#5313),#5317);
#5313 = LINE('',#5314,#5315);
#5314 = CARTESIAN_POINT('',(0.,0.));
#5315 = VECTOR('',#5316,1.);
#5316 = DIRECTION('',(0.,-1.));
#5317 = ( GEOMETRIC_REPRESENTATION_CONTEXT(2) 
PARAMETRIC_REPRESENTATION_CONTEXT() REPRESENTATION_CONTEXT('2D SPACE',''
  ) );
#5318 = PCURVE('',#2435,#5319);
#5319 = DEFINITIONAL_REPRESENTATION('',(#5320),#5324);
#5320 = LINE('',#5321,#5322);
#5321 = CARTESIAN_POINT('',(1.046450067682,0.));
#5322 = VECTOR('',#5323,1.);
#5323 = DIRECTION('',(0.,-1.));
#5324 = ( GEOMETRIC_REPRESENTATION_CONTEXT(2) 
PARAMETRIC_REPRESENTATION_CONTEXT() REPRESENTATION_CONTEXT('2D SPACE',''
  ) );
#5325 = ORIENTED_EDGE('',*,*,#3068,.T.);
#5326 = ORIENTED_EDGE('',*,*,#5251,.F.);
#5327 = ADVANCED_FACE('',(#5328),#2127,.F.);
#5328 = FACE_BOUND('',#5329,.F.);
#5329 = EDGE_LOOP('',(#5330,#5331,#5332,#5333));
#5330 = ORIENTED_EDGE('',*,*,#2111,.F.);
#5331 = ORIENTED_EDGE('',*,*,#5280,.T.);
#5332 = ORIENTED_EDGE('',*,*,#2792,.T.);
#5333 = ORIENTED_EDGE('',*,*,#5334,.F.);
#5334 = EDGE_CURVE('',#2112,#2793,#5335,.T.);
#5335 = SURFACE_CURVE('',#5336,(#5340,#5347),.PCURVE_S1.);
#5336 = LINE('',#5337,#5338);
#5337 = CARTESIAN_POINT('',(24.,13.656854249492,116.55685424949));
#5338 = VECTOR('',#5339,1.);
#5339 = DIRECTION('',(1.,0.,0.));
#5340 = PCURVE('',#2127,#5341);
#5341 = DEFINITIONAL_REPRESENTATION('',(#5342),#5346);
#5342 = LINE('',#5343,#5344);
#5343 = CARTESIAN_POINT('',(1.046450067682,0.));
#5344 = VECTOR('',#5345,1.);
#5345 = DIRECTION('',(0.,-1.));
#5346 = ( GEOMETRIC_REPRESENTATION_CONTEXT(2) 
PARAMETRIC_REPRESENTATION_CONTEXT() REPRESENTATION_CONTEXT('2D SPACE',''
  ) );
#5347 = PCURVE('',#2155,#5348);
#5348 = DEFINITIONAL_REPRESENTATION('',(#5349),#5353);
#5349 = LINE('',#5350,#5351);
#5350 = CARTESIAN_POINT('',(0.,0.));
#5351 = VECTOR('',#5352,1.);
#5352 = DIRECTION('',(0.,-1.));
#5353 = ( GEOMETRIC_REPRESENTATION_CONTEXT(2) 
PARAMETRIC_REPRESENTATION_CONTEXT() REPRESENTATION_CONTEXT('2D SPACE',''
  ) );
#5354 = ADVANCED_FACE('',(#5355),#2435,.F.);
#5355 = FACE_BOUND('',#5356,.F.);
#5356 = EDGE_LOOP('',(#5357,#5358,#5379,#5380));
#5357 = ORIENTED_EDGE('',*,*,#2419,.F.);
#5358 = ORIENTED_EDGE('',*,*,#5359,.T.);
#5359 = EDGE_CURVE('',#2392,#3023,#5360,.T.);
#5360 = SURFACE_CURVE('',#5361,(#5365,#5372),.PCURVE_S1.);
#5361 = LINE('',#5362,#5363);
#5362 = CARTESIAN_POINT('',(24.,4.,117.82820323027));
#5363 = VECTOR('',#5364,1.);
#5364 = DIRECTION('',(1.,0.,0.));
#5365 = PCURVE('',#2435,#5366);
#5366 = DEFINITIONAL_REPRESENTATION('',(#5367),#5371);
#5367 = LINE('',#5368,#5369);
#5368 = CARTESIAN_POINT('',(0.,0.));
#5369 = VECTOR('',#5370,1.);
#5370 = DIRECTION('',(0.,-1.));
#5371 = ( GEOMETRIC_REPRESENTATION_CONTEXT(2) 
PARAMETRIC_REPRESENTATION_CONTEXT() REPRESENTATION_CONTEXT('2D SPACE',''
  ) );
#5372 = PCURVE('',#2407,#5373);
#5373 = DEFINITIONAL_REPRESENTATION('',(#5374),#5378);
#5374 = LINE('',#5375,#5376);
#5375 = CARTESIAN_POINT('',(1.046450067682,0.));
#5376 = VECTOR('',#5377,1.);
#5377 = DIRECTION('',(0.,-1.));
#5378 = ( GEOMETRIC_REPRESENTATION_CONTEXT(2) 
PARAMETRIC_REPRESENTATION_CONTEXT() REPRESENTATION_CONTEXT('2D SPACE',''
  ) );
#5379 = ORIENTED_EDGE('',*,*,#3045,.T.);
#5380 = ORIENTED_EDGE('',*,*,#5305,.F.);
#5381 = ADVANCED_FACE('',(#5382),#2155,.F.);
#5382 = FACE_BOUND('',#5383,.F.);
#5383 = EDGE_LOOP('',(#5384,#5385,#5386,#5387));
#5384 = ORIENTED_EDGE('',*,*,#2139,.F.);
#5385 = ORIENTED_EDGE('',*,*,#5334,.T.);
#5386 = ORIENTED_EDGE('',*,*,#2815,.T.);
#5387 = ORIENTED_EDGE('',*,*,#5388,.F.);
#5388 = EDGE_CURVE('',#2140,#2816,#5389,.T.);
#5389 = SURFACE_CURVE('',#5390,(#5394,#5401),.PCURVE_S1.);
#5390 = LINE('',#5391,#5392);
#5391 = CARTESIAN_POINT('',(24.,12.87009143207,117.24682672233));
#5392 = VECTOR('',#5393,1.);
#5393 = DIRECTION('',(1.,0.,0.));
#5394 = PCURVE('',#2155,#5395);
#5395 = DEFINITIONAL_REPRESENTATION('',(#5396),#5400);
#5396 = LINE('',#5397,#5398);
#5397 = CARTESIAN_POINT('',(1.046450067682,0.));
#5398 = VECTOR('',#5399,1.);
#5399 = DIRECTION('',(0.,-1.));
#5400 = ( GEOMETRIC_REPRESENTATION_CONTEXT(2) 
PARAMETRIC_REPRESENTATION_CONTEXT() REPRESENTATION_CONTEXT('2D SPACE',''
  ) );
#5401 = PCURVE('',#2183,#5402);
#5402 = DEFINITIONAL_REPRESENTATION('',(#5403),#5407);
#5403 = LINE('',#5404,#5405);
#5404 = CARTESIAN_POINT('',(0.,0.));
#5405 = VECTOR('',#5406,1.);
#5406 = DIRECTION('',(0.,-1.));
#5407 = ( GEOMETRIC_REPRESENTATION_CONTEXT(2) 
PARAMETRIC_REPRESENTATION_CONTEXT() REPRESENTATION_CONTEXT('2D SPACE',''
  ) );
#5408 = ADVANCED_FACE('',(#5409),#2407,.F.);
#5409 = FACE_BOUND('',#5410,.F.);
#5410 = EDGE_LOOP('',(#5411,#5412,#5433,#5434));
#5411 = ORIENTED_EDGE('',*,*,#2391,.F.);
#5412 = ORIENTED_EDGE('',*,*,#5413,.T.);
#5413 = EDGE_CURVE('',#2364,#3000,#5414,.T.);
#5414 = SURFACE_CURVE('',#5415,(#5419,#5426),.PCURVE_S1.);
#5415 = LINE('',#5416,#5417);
#5416 = CARTESIAN_POINT('',(24.,4.938532541079,118.29103626009));
#5417 = VECTOR('',#5418,1.);
#5418 = DIRECTION('',(1.,0.,0.));
#5419 = PCURVE('',#2407,#5420);
#5420 = DEFINITIONAL_REPRESENTATION('',(#5421),#5425);
#5421 = LINE('',#5422,#5423);
#5422 = CARTESIAN_POINT('',(0.,0.));
#5423 = VECTOR('',#5424,1.);
#5424 = DIRECTION('',(0.,-1.));
#5425 = ( GEOMETRIC_REPRESENTATION_CONTEXT(2) 
PARAMETRIC_REPRESENTATION_CONTEXT() REPRESENTATION_CONTEXT('2D SPACE',''
  ) );
#5426 = PCURVE('',#2379,#5427);
#5427 = DEFINITIONAL_REPRESENTATION('',(#5428),#5432);
#5428 = LINE('',#5429,#5430);
#5429 = CARTESIAN_POINT('',(1.046450067682,0.));
#5430 = VECTOR('',#5431,1.);
#5431 = DIRECTION('',(0.,-1.));
#5432 = ( GEOMETRIC_REPRESENTATION_CONTEXT(2) 
PARAMETRIC_REPRESENTATION_CONTEXT() REPRESENTATION_CONTEXT('2D SPACE',''
  ) );
#5433 = ORIENTED_EDGE('',*,*,#3022,.T.);
#5434 = ORIENTED_EDGE('',*,*,#5359,.F.);
#5435 = ADVANCED_FACE('',(#5436),#2183,.F.);
#5436 = FACE_BOUND('',#5437,.F.);
#5437 = EDGE_LOOP('',(#5438,#5439,#5440,#5441));
#5438 = ORIENTED_EDGE('',*,*,#2167,.F.);
#5439 = ORIENTED_EDGE('',*,*,#5388,.T.);
#5440 = ORIENTED_EDGE('',*,*,#2838,.T.);
#5441 = ORIENTED_EDGE('',*,*,#5442,.F.);
#5442 = EDGE_CURVE('',#2168,#2839,#5443,.T.);
#5443 = SURFACE_CURVE('',#5444,(#5448,#5455),.PCURVE_S1.);
#5444 = LINE('',#5445,#5446);
#5445 = CARTESIAN_POINT('',(24.,12.,117.82820323027));
#5446 = VECTOR('',#5447,1.);
#5447 = DIRECTION('',(1.,0.,0.));
#5448 = PCURVE('',#2183,#5449);
#5449 = DEFINITIONAL_REPRESENTATION('',(#5450),#5454);
#5450 = LINE('',#5451,#5452);
#5451 = CARTESIAN_POINT('',(1.046450067682,0.));
#5452 = VECTOR('',#5453,1.);
#5453 = DIRECTION('',(0.,-1.));
#5454 = ( GEOMETRIC_REPRESENTATION_CONTEXT(2) 
PARAMETRIC_REPRESENTATION_CONTEXT() REPRESENTATION_CONTEXT('2D SPACE',''
  ) );
#5455 = PCURVE('',#2211,#5456);
#5456 = DEFINITIONAL_REPRESENTATION('',(#5457),#5461);
#5457 = LINE('',#5458,#5459);
#5458 = CARTESIAN_POINT('',(0.,0.));
#5459 = VECTOR('',#5460,1.);
#5460 = DIRECTION('',(0.,-1.));
#5461 = ( GEOMETRIC_REPRESENTATION_CONTEXT(2) 
PARAMETRIC_REPRESENTATION_CONTEXT() REPRESENTATION_CONTEXT('2D SPACE',''
  ) );
#5462 = ADVANCED_FACE('',(#5463),#2379,.F.);
#5463 = FACE_BOUND('',#5464,.F.);
#5464 = EDGE_LOOP('',(#5465,#5466,#5487,#5488));
#5465 = ORIENTED_EDGE('',*,*,#2363,.F.);
#5466 = ORIENTED_EDGE('',*,*,#5467,.T.);
#5467 = EDGE_CURVE('',#2336,#2977,#5468,.T.);
#5468 = SURFACE_CURVE('',#5469,(#5473,#5480),.PCURVE_S1.);
#5469 = LINE('',#5470,#5471);
#5470 = CARTESIAN_POINT('',(24.,5.92944763918,118.62740661031));
#5471 = VECTOR('',#5472,1.);
#5472 = DIRECTION('',(1.,0.,0.));
#5473 = PCURVE('',#2379,#5474);
#5474 = DEFINITIONAL_REPRESENTATION('',(#5475),#5479);
#5475 = LINE('',#5476,#5477);
#5476 = CARTESIAN_POINT('',(0.,0.));
#5477 = VECTOR('',#5478,1.);
#5478 = DIRECTION('',(0.,-1.));
#5479 = ( GEOMETRIC_REPRESENTATION_CONTEXT(2) 
PARAMETRIC_REPRESENTATION_CONTEXT() REPRESENTATION_CONTEXT('2D SPACE',''
  ) );
#5480 = PCURVE('',#2351,#5481);
#5481 = DEFINITIONAL_REPRESENTATION('',(#5482),#5486);
#5482 = LINE('',#5483,#5484);
#5483 = CARTESIAN_POINT('',(1.046450067682,0.));
#5484 = VECTOR('',#5485,1.);
#5485 = DIRECTION('',(0.,-1.));
#5486 = ( GEOMETRIC_REPRESENTATION_CONTEXT(2) 
PARAMETRIC_REPRESENTATION_CONTEXT() REPRESENTATION_CONTEXT('2D SPACE',''
  ) );
#5487 = ORIENTED_EDGE('',*,*,#2999,.T.);
#5488 = ORIENTED_EDGE('',*,*,#5413,.F.);
#5489 = ADVANCED_FACE('',(#5490),#2211,.F.);
#5490 = FACE_BOUND('',#5491,.F.);
#5491 = EDGE_LOOP('',(#5492,#5493,#5494,#5495));
#5492 = ORIENTED_EDGE('',*,*,#2195,.F.);
#5493 = ORIENTED_EDGE('',*,*,#5442,.T.);
#5494 = ORIENTED_EDGE('',*,*,#2861,.T.);
#5495 = ORIENTED_EDGE('',*,*,#5496,.F.);
#5496 = EDGE_CURVE('',#2196,#2862,#5497,.T.);
#5497 = SURFACE_CURVE('',#5498,(#5502,#5509),.PCURVE_S1.);
#5498 = LINE('',#5499,#5500);
#5499 = CARTESIAN_POINT('',(24.,11.061467458921,118.29103626009));
#5500 = VECTOR('',#5501,1.);
#5501 = DIRECTION('',(1.,0.,0.));
#5502 = PCURVE('',#2211,#5503);
#5503 = DEFINITIONAL_REPRESENTATION('',(#5504),#5508);
#5504 = LINE('',#5505,#5506);
#5505 = CARTESIAN_POINT('',(1.046450067682,0.));
#5506 = VECTOR('',#5507,1.);
#5507 = DIRECTION('',(0.,-1.));
#5508 = ( GEOMETRIC_REPRESENTATION_CONTEXT(2) 
PARAMETRIC_REPRESENTATION_CONTEXT() REPRESENTATION_CONTEXT('2D SPACE',''
  ) );
#5509 = PCURVE('',#2239,#5510);
#5510 = DEFINITIONAL_REPRESENTATION('',(#5511),#5515);
#5511 = LINE('',#5512,#5513);
#5512 = CARTESIAN_POINT('',(0.,0.));
#5513 = VECTOR('',#5514,1.);
#5514 = DIRECTION('',(0.,-1.));
#5515 = ( GEOMETRIC_REPRESENTATION_CONTEXT(2) 
PARAMETRIC_REPRESENTATION_CONTEXT() REPRESENTATION_CONTEXT('2D SPACE',''
  ) );
#5516 = ADVANCED_FACE('',(#5517),#2351,.F.);
#5517 = FACE_BOUND('',#5518,.F.);
#5518 = EDGE_LOOP('',(#5519,#5520,#5541,#5542));
#5519 = ORIENTED_EDGE('',*,*,#2335,.F.);
#5520 = ORIENTED_EDGE('',*,*,#5521,.T.);
#5521 = EDGE_CURVE('',#2308,#2954,#5522,.T.);
#5522 = SURFACE_CURVE('',#5523,(#5527,#5534),.PCURVE_S1.);
#5523 = LINE('',#5524,#5525);
#5524 = CARTESIAN_POINT('',(24.,6.95579046224,118.83155889099));
#5525 = VECTOR('',#5526,1.);
#5526 = DIRECTION('',(1.,0.,0.));
#5527 = PCURVE('',#2351,#5528);
#5528 = DEFINITIONAL_REPRESENTATION('',(#5529),#5533);
#5529 = LINE('',#5530,#5531);
#5530 = CARTESIAN_POINT('',(0.,0.));
#5531 = VECTOR('',#5532,1.);
#5532 = DIRECTION('',(0.,-1.));
#5533 = ( GEOMETRIC_REPRESENTATION_CONTEXT(2) 
PARAMETRIC_REPRESENTATION_CONTEXT() REPRESENTATION_CONTEXT('2D SPACE',''
  ) );
#5534 = PCURVE('',#2323,#5535);
#5535 = DEFINITIONAL_REPRESENTATION('',(#5536),#5540);
#5536 = LINE('',#5537,#5538);
#5537 = CARTESIAN_POINT('',(1.046450067682,0.));
#5538 = VECTOR('',#5539,1.);
#5539 = DIRECTION('',(0.,-1.));
#5540 = ( GEOMETRIC_REPRESENTATION_CONTEXT(2) 
PARAMETRIC_REPRESENTATION_CONTEXT() REPRESENTATION_CONTEXT('2D SPACE',''
  ) );
#5541 = ORIENTED_EDGE('',*,*,#2976,.T.);
#5542 = ORIENTED_EDGE('',*,*,#5467,.F.);
#5543 = ADVANCED_FACE('',(#5544),#2239,.F.);
#5544 = FACE_BOUND('',#5545,.F.);
#5545 = EDGE_LOOP('',(#5546,#5547,#5548,#5549));
#5546 = ORIENTED_EDGE('',*,*,#2223,.F.);
#5547 = ORIENTED_EDGE('',*,*,#5496,.T.);
#5548 = ORIENTED_EDGE('',*,*,#2884,.T.);
#5549 = ORIENTED_EDGE('',*,*,#5550,.F.);
#5550 = EDGE_CURVE('',#2224,#2885,#5551,.T.);
#5551 = SURFACE_CURVE('',#5552,(#5556,#5563),.PCURVE_S1.);
#5552 = LINE('',#5553,#5554);
#5553 = CARTESIAN_POINT('',(24.,10.07055236082,118.62740661031));
#5554 = VECTOR('',#5555,1.);
#5555 = DIRECTION('',(1.,0.,0.));
#5556 = PCURVE('',#2239,#5557);
#5557 = DEFINITIONAL_REPRESENTATION('',(#5558),#5562);
#5558 = LINE('',#5559,#5560);
#5559 = CARTESIAN_POINT('',(1.046450067682,0.));
#5560 = VECTOR('',#5561,1.);
#5561 = DIRECTION('',(0.,-1.));
#5562 = ( GEOMETRIC_REPRESENTATION_CONTEXT(2) 
PARAMETRIC_REPRESENTATION_CONTEXT() REPRESENTATION_CONTEXT('2D SPACE',''
  ) );
#5563 = PCURVE('',#2267,#5564);
#5564 = DEFINITIONAL_REPRESENTATION('',(#5565),#5569);
#5565 = LINE('',#5566,#5567);
#5566 = CARTESIAN_POINT('',(0.,0.));
#5567 = VECTOR('',#5568,1.);
#5568 = DIRECTION('',(0.,-1.));
#5569 = ( GEOMETRIC_REPRESENTATION_CONTEXT(2) 
PARAMETRIC_REPRESENTATION_CONTEXT() REPRESENTATION_CONTEXT('2D SPACE',''
  ) );
#5570 = ADVANCED_FACE('',(#5571),#2323,.F.);
#5571 = FACE_BOUND('',#5572,.F.);
#5572 = EDGE_LOOP('',(#5573,#5574,#5595,#5596));
#5573 = ORIENTED_EDGE('',*,*,#2307,.F.);
#5574 = ORIENTED_EDGE('',*,*,#5575,.T.);
#5575 = EDGE_CURVE('',#2280,#2931,#5576,.T.);
#5576 = SURFACE_CURVE('',#5577,(#5581,#5588),.PCURVE_S1.);
#5577 = LINE('',#5578,#5579);
#5578 = CARTESIAN_POINT('',(24.,8.,118.9));
#5579 = VECTOR('',#5580,1.);
#5580 = DIRECTION('',(1.,0.,0.));
#5581 = PCURVE('',#2323,#5582);
#5582 = DEFINITIONAL_REPRESENTATION('',(#5583),#5587);
#5583 = LINE('',#5584,#5585);
#5584 = CARTESIAN_POINT('',(0.,0.));
#5585 = VECTOR('',#5586,1.);
#5586 = DIRECTION('',(0.,-1.));
#5587 = ( GEOMETRIC_REPRESENTATION_CONTEXT(2) 
PARAMETRIC_REPRESENTATION_CONTEXT() REPRESENTATION_CONTEXT('2D SPACE',''
  ) );
#5588 = PCURVE('',#2295,#5589);
#5589 = DEFINITIONAL_REPRESENTATION('',(#5590),#5594);
#5590 = LINE('',#5591,#5592);
#5591 = CARTESIAN_POINT('',(1.046450067682,0.));
#5592 = VECTOR('',#5593,1.);
#5593 = DIRECTION('',(0.,-1.));
#5594 = ( GEOMETRIC_REPRESENTATION_CONTEXT(2) 
PARAMETRIC_REPRESENTATION_CONTEXT() REPRESENTATION_CONTEXT('2D SPACE',''
  ) );
#5595 = ORIENTED_EDGE('',*,*,#2953,.T.);
#5596 = ORIENTED_EDGE('',*,*,#5521,.F.);
#5597 = ADVANCED_FACE('',(#5598),#2267,.F.);
#5598 = FACE_BOUND('',#5599,.F.);
#5599 = EDGE_LOOP('',(#5600,#5601,#5602,#5603));
#5600 = ORIENTED_EDGE('',*,*,#2251,.F.);
#5601 = ORIENTED_EDGE('',*,*,#5550,.T.);
#5602 = ORIENTED_EDGE('',*,*,#2907,.T.);
#5603 = ORIENTED_EDGE('',*,*,#5604,.F.);
#5604 = EDGE_CURVE('',#2252,#2908,#5605,.T.);
#5605 = SURFACE_CURVE('',#5606,(#5610,#5617),.PCURVE_S1.);
#5606 = LINE('',#5607,#5608);
#5607 = CARTESIAN_POINT('',(24.,9.04420953776,118.83155889099));
#5608 = VECTOR('',#5609,1.);
#5609 = DIRECTION('',(1.,0.,0.));
#5610 = PCURVE('',#2267,#5611);
#5611 = DEFINITIONAL_REPRESENTATION('',(#5612),#5616);
#5612 = LINE('',#5613,#5614);
#5613 = CARTESIAN_POINT('',(1.046450067682,0.));
#5614 = VECTOR('',#5615,1.);
#5615 = DIRECTION('',(0.,-1.));
#5616 = ( GEOMETRIC_REPRESENTATION_CONTEXT(2) 
PARAMETRIC_REPRESENTATION_CONTEXT() REPRESENTATION_CONTEXT('2D SPACE',''
  ) );
#5617 = PCURVE('',#2295,#5618);
#5618 = DEFINITIONAL_REPRESENTATION('',(#5619),#5623);
#5619 = LINE('',#5620,#5621);
#5620 = CARTESIAN_POINT('',(0.,0.));
#5621 = VECTOR('',#5622,1.);
#5622 = DIRECTION('',(0.,-1.));
#5623 = ( GEOMETRIC_REPRESENTATION_CONTEXT(2) 
PARAMETRIC_REPRESENTATION_CONTEXT() REPRESENTATION_CONTEXT('2D SPACE',''
  ) );
#5624 = ADVANCED_FACE('',(#5625),#2295,.F.);
#5625 = FACE_BOUND('',#5626,.F.);
#5626 = EDGE_LOOP('',(#5627,#5628,#5629,#5630));
#5627 = ORIENTED_EDGE('',*,*,#2279,.F.);
#5628 = ORIENTED_EDGE('',*,*,#5604,.T.);
#5629 = ORIENTED_EDGE('',*,*,#2930,.T.);
#5630 = ORIENTED_EDGE('',*,*,#5575,.F.);
#5631 = ADVANCED_FACE('',(#5632),#2683,.F.);
#5632 = FACE_BOUND('',#5633,.F.);
#5633 = EDGE_LOOP('',(#5634,#5657,#5679,#5680));
#5634 = ORIENTED_EDGE('',*,*,#5635,.T.);
#5635 = EDGE_CURVE('',#2667,#5636,#5638,.T.);
#5636 = VERTEX_POINT('',#5637);
#5637 = CARTESIAN_POINT('',(26.5,8.,107.6));
#5638 = SEAM_CURVE('',#5639,(#5643,#5650),.PCURVE_S1.);
#5639 = LINE('',#5640,#5641);
#5640 = CARTESIAN_POINT('',(23.,8.,104.1));
#5641 = VECTOR('',#5642,1.);
#5642 = DIRECTION('',(0.707106781187,2.597868168706E-16,0.707106781187)
  );
#5643 = PCURVE('',#2683,#5644);
#5644 = DEFINITIONAL_REPRESENTATION('',(#5645),#5649);
#5645 = LINE('',#5646,#5647);
#5646 = CARTESIAN_POINT('',(-6.28318530718,0.));
#5647 = VECTOR('',#5648,1.);
#5648 = DIRECTION('',(-0.,-1.));
#5649 = ( GEOMETRIC_REPRESENTATION_CONTEXT(2) 
PARAMETRIC_REPRESENTATION_CONTEXT() REPRESENTATION_CONTEXT('2D SPACE',''
  ) );
#5650 = PCURVE('',#2683,#5651);
#5651 = DEFINITIONAL_REPRESENTATION('',(#5652),#5656);
#5652 = LINE('',#5653,#5654);
#5653 = CARTESIAN_POINT('',(0.,-0.));
#5654 = VECTOR('',#5655,1.);
#5655 = DIRECTION('',(-0.,-1.));
#5656 = ( GEOMETRIC_REPRESENTATION_CONTEXT(2) 
PARAMETRIC_REPRESENTATION_CONTEXT() REPRESENTATION_CONTEXT('2D SPACE',''
  ) );
#5657 = ORIENTED_EDGE('',*,*,#5658,.F.);
#5658 = EDGE_CURVE('',#5636,#5636,#5659,.T.);
#5659 = SURFACE_CURVE('',#5660,(#5665,#5672),.PCURVE_S1.);
#5660 = CIRCLE('',#5661,3.3);
#5661 = AXIS2_PLACEMENT_3D('',#5662,#5663,#5664);
#5662 = CARTESIAN_POINT('',(26.5,8.,110.9));
#5663 = DIRECTION('',(1.,0.,0.));
#5664 = DIRECTION('',(0.,-1.224646799147E-16,-1.));
#5665 = PCURVE('',#2683,#5666);
#5666 = DEFINITIONAL_REPRESENTATION('',(#5667),#5671);
#5667 = LINE('',#5668,#5669);
#5668 = CARTESIAN_POINT('',(-0.,-3.5));
#5669 = VECTOR('',#5670,1.);
#5670 = DIRECTION('',(-1.,-0.));
#5671 = ( GEOMETRIC_REPRESENTATION_CONTEXT(2) 
PARAMETRIC_REPRESENTATION_CONTEXT() REPRESENTATION_CONTEXT('2D SPACE',''
  ) );
#5672 = PCURVE('',#3270,#5673);
#5673 = DEFINITIONAL_REPRESENTATION('',(#5674),#5678);
#5674 = LINE('',#5675,#5676);
#5675 = CARTESIAN_POINT('',(0.,3.5));
#5676 = VECTOR('',#5677,1.);
#5677 = DIRECTION('',(1.,0.));
#5678 = ( GEOMETRIC_REPRESENTATION_CONTEXT(2) 
PARAMETRIC_REPRESENTATION_CONTEXT() REPRESENTATION_CONTEXT('2D SPACE',''
  ) );
#5679 = ORIENTED_EDGE('',*,*,#5635,.F.);
#5680 = ORIENTED_EDGE('',*,*,#2666,.T.);
#5681 = ADVANCED_FACE('',(#5682),#3270,.F.);
#5682 = FACE_BOUND('',#5683,.F.);
#5683 = EDGE_LOOP('',(#5684,#5685,#5706,#5707));
#5684 = ORIENTED_EDGE('',*,*,#3253,.F.);
#5685 = ORIENTED_EDGE('',*,*,#5686,.F.);
#5686 = EDGE_CURVE('',#5636,#3254,#5687,.T.);
#5687 = SEAM_CURVE('',#5688,(#5692,#5699),.PCURVE_S1.);
#5688 = LINE('',#5689,#5690);
#5689 = CARTESIAN_POINT('',(23.,8.,107.6));
#5690 = VECTOR('',#5691,1.);
#5691 = DIRECTION('',(1.,0.,0.));
#5692 = PCURVE('',#3270,#5693);
#5693 = DEFINITIONAL_REPRESENTATION('',(#5694),#5698);
#5694 = LINE('',#5695,#5696);
#5695 = CARTESIAN_POINT('',(6.28318530718,-0.));
#5696 = VECTOR('',#5697,1.);
#5697 = DIRECTION('',(0.,1.));
#5698 = ( GEOMETRIC_REPRESENTATION_CONTEXT(2) 
PARAMETRIC_REPRESENTATION_CONTEXT() REPRESENTATION_CONTEXT('2D SPACE',''
  ) );
#5699 = PCURVE('',#3270,#5700);
#5700 = DEFINITIONAL_REPRESENTATION('',(#5701),#5705);
#5701 = LINE('',#5702,#5703);
#5702 = CARTESIAN_POINT('',(0.,-0.));
#5703 = VECTOR('',#5704,1.);
#5704 = DIRECTION('',(0.,1.));
#5705 = ( GEOMETRIC_REPRESENTATION_CONTEXT(2) 
PARAMETRIC_REPRESENTATION_CONTEXT() REPRESENTATION_CONTEXT('2D SPACE',''
  ) );
#5706 = ORIENTED_EDGE('',*,*,#5658,.T.);
#5707 = ORIENTED_EDGE('',*,*,#5686,.T.);
#5708 = ADVANCED_FACE('',(#5709),#3439,.F.);
#5709 = FACE_BOUND('',#5710,.T.);
#5710 = EDGE_LOOP('',(#5711,#5712,#5713,#5714));
#5711 = ORIENTED_EDGE('',*,*,#3561,.F.);
#5712 = ORIENTED_EDGE('',*,*,#3423,.T.);
#5713 = ORIENTED_EDGE('',*,*,#4257,.T.);
#5714 = ORIENTED_EDGE('',*,*,#5715,.F.);
#5715 = EDGE_CURVE('',#3562,#4258,#5716,.T.);
#5716 = SURFACE_CURVE('',#5717,(#5721,#5728),.PCURVE_S1.);
#5717 = LINE('',#5718,#5719);
#5718 = CARTESIAN_POINT('',(24.,176.27259338968,112.97055236082));
#5719 = VECTOR('',#5720,1.);
#5720 = DIRECTION('',(1.,0.,0.));
#5721 = PCURVE('',#3439,#5722);
#5722 = DEFINITIONAL_REPRESENTATION('',(#5723),#5727);
#5723 = LINE('',#5724,#5725);
#5724 = CARTESIAN_POINT('',(-1.046450067682,0.));
#5725 = VECTOR('',#5726,1.);
#5726 = DIRECTION('',(-0.,-1.));
#5727 = ( GEOMETRIC_REPRESENTATION_CONTEXT(2) 
PARAMETRIC_REPRESENTATION_CONTEXT() REPRESENTATION_CONTEXT('2D SPACE',''
  ) );
#5728 = PCURVE('',#3600,#5729);
#5729 = DEFINITIONAL_REPRESENTATION('',(#5730),#5734);
#5730 = LINE('',#5731,#5732);
#5731 = CARTESIAN_POINT('',(-0.,0.));
#5732 = VECTOR('',#5733,1.);
#5733 = DIRECTION('',(-0.,-1.));
#5734 = ( GEOMETRIC_REPRESENTATION_CONTEXT(2) 
PARAMETRIC_REPRESENTATION_CONTEXT() REPRESENTATION_CONTEXT('2D SPACE',''
  ) );
#5735 = ADVANCED_FACE('',(#5736),#3541,.F.);
#5736 = FACE_BOUND('',#5737,.F.);
#5737 = EDGE_LOOP('',(#5738,#5761,#5762,#5763));
#5738 = ORIENTED_EDGE('',*,*,#5739,.T.);
#5739 = EDGE_CURVE('',#5740,#3504,#5742,.T.);
#5740 = VERTEX_POINT('',#5741);
#5741 = CARTESIAN_POINT('',(31.,171.,5.1));
#5742 = SEAM_CURVE('',#5743,(#5747,#5754),.PCURVE_S1.);
#5743 = LINE('',#5744,#5745);
#5744 = CARTESIAN_POINT('',(30.,171.,4.1));
#5745 = VECTOR('',#5746,1.);
#5746 = DIRECTION('',(0.707106781187,2.597868168706E-16,0.707106781187)
  );
#5747 = PCURVE('',#3541,#5748);
#5748 = DEFINITIONAL_REPRESENTATION('',(#5749),#5753);
#5749 = LINE('',#5750,#5751);
#5750 = CARTESIAN_POINT('',(-6.28318530718,0.));
#5751 = VECTOR('',#5752,1.);
#5752 = DIRECTION('',(-0.,-1.));
#5753 = ( GEOMETRIC_REPRESENTATION_CONTEXT(2) 
PARAMETRIC_REPRESENTATION_CONTEXT() REPRESENTATION_CONTEXT('2D SPACE',''
  ) );
#5754 = PCURVE('',#3541,#5755);
#5755 = DEFINITIONAL_REPRESENTATION('',(#5756),#5760);
#5756 = LINE('',#5757,#5758);
#5757 = CARTESIAN_POINT('',(0.,-0.));
#5758 = VECTOR('',#5759,1.);
#5759 = DIRECTION('',(-0.,-1.));
#5760 = ( GEOMETRIC_REPRESENTATION_CONTEXT(2) 
PARAMETRIC_REPRESENTATION_CONTEXT() REPRESENTATION_CONTEXT('2D SPACE',''
  ) );
#5761 = ORIENTED_EDGE('',*,*,#3526,.F.);
#5762 = ORIENTED_EDGE('',*,*,#5739,.F.);
#5763 = ORIENTED_EDGE('',*,*,#5764,.T.);
#5764 = EDGE_CURVE('',#5740,#5740,#5765,.T.);
#5765 = SURFACE_CURVE('',#5766,(#5771,#5778),.PCURVE_S1.);
#5766 = CIRCLE('',#5767,5.8);
#5767 = AXIS2_PLACEMENT_3D('',#5768,#5769,#5770);
#5768 = CARTESIAN_POINT('',(31.,171.,10.9));
#5769 = DIRECTION('',(1.,0.,0.));
#5770 = DIRECTION('',(0.,-1.224646799147E-16,-1.));
#5771 = PCURVE('',#3541,#5772);
#5772 = DEFINITIONAL_REPRESENTATION('',(#5773),#5777);
#5773 = LINE('',#5774,#5775);
#5774 = CARTESIAN_POINT('',(-0.,-1.));
#5775 = VECTOR('',#5776,1.);
#5776 = DIRECTION('',(-1.,-0.));
#5777 = ( GEOMETRIC_REPRESENTATION_CONTEXT(2) 
PARAMETRIC_REPRESENTATION_CONTEXT() REPRESENTATION_CONTEXT('2D SPACE',''
  ) );
#5778 = PCURVE('',#5779,#5784);
#5779 = PLANE('',#5780);
#5780 = AXIS2_PLACEMENT_3D('',#5781,#5782,#5783);
#5781 = CARTESIAN_POINT('',(31.,171.,10.9));
#5782 = DIRECTION('',(1.,0.,0.));
#5783 = DIRECTION('',(0.,-1.224646799147E-16,-1.));
#5784 = DEFINITIONAL_REPRESENTATION('',(#5785),#5789);
#5785 = CIRCLE('',#5786,5.8);
#5786 = AXIS2_PLACEMENT_2D('',#5787,#5788);
#5787 = CARTESIAN_POINT('',(0.,0.));
#5788 = DIRECTION('',(1.,0.));
#5789 = ( GEOMETRIC_REPRESENTATION_CONTEXT(2) 
PARAMETRIC_REPRESENTATION_CONTEXT() REPRESENTATION_CONTEXT('2D SPACE',''
  ) );
#5790 = ADVANCED_FACE('',(#5791),#4188,.F.);
#5791 = FACE_BOUND('',#5792,.T.);
#5792 = EDGE_LOOP('',(#5793,#5794,#5815,#5816));
#5793 = ORIENTED_EDGE('',*,*,#4172,.F.);
#5794 = ORIENTED_EDGE('',*,*,#5795,.T.);
#5795 = EDGE_CURVE('',#4145,#4741,#5796,.T.);
#5796 = SURFACE_CURVE('',#5797,(#5801,#5808),.PCURVE_S1.);
#5797 = LINE('',#5798,#5799);
#5798 = CARTESIAN_POINT('',(24.,191.93155889099,111.94420953776));
#5799 = VECTOR('',#5800,1.);
#5800 = DIRECTION('',(1.,0.,0.));
#5801 = PCURVE('',#4188,#5802);
#5802 = DEFINITIONAL_REPRESENTATION('',(#5803),#5807);
#5803 = LINE('',#5804,#5805);
#5804 = CARTESIAN_POINT('',(-0.,0.));
#5805 = VECTOR('',#5806,1.);
#5806 = DIRECTION('',(-0.,-1.));
#5807 = ( GEOMETRIC_REPRESENTATION_CONTEXT(2) 
PARAMETRIC_REPRESENTATION_CONTEXT() REPRESENTATION_CONTEXT('2D SPACE',''
  ) );
#5808 = PCURVE('',#4160,#5809);
#5809 = DEFINITIONAL_REPRESENTATION('',(#5810),#5814);
#5810 = LINE('',#5811,#5812);
#5811 = CARTESIAN_POINT('',(-1.046450067682,0.));
#5812 = VECTOR('',#5813,1.);
#5813 = DIRECTION('',(-0.,-1.));
#5814 = ( GEOMETRIC_REPRESENTATION_CONTEXT(2) 
PARAMETRIC_REPRESENTATION_CONTEXT() REPRESENTATION_CONTEXT('2D SPACE',''
  ) );
#5815 = ORIENTED_EDGE('',*,*,#4763,.T.);
#5816 = ORIENTED_EDGE('',*,*,#4843,.F.);
#5817 = ADVANCED_FACE('',(#5818),#4160,.F.);
#5818 = FACE_BOUND('',#5819,.T.);
#5819 = EDGE_LOOP('',(#5820,#5821,#5842,#5843));
#5820 = ORIENTED_EDGE('',*,*,#4144,.F.);
#5821 = ORIENTED_EDGE('',*,*,#5822,.T.);
#5822 = EDGE_CURVE('',#4117,#4718,#5823,.T.);
#5823 = SURFACE_CURVE('',#5824,(#5828,#5835),.PCURVE_S1.);
#5824 = LINE('',#5825,#5826);
#5825 = CARTESIAN_POINT('',(24.,191.72740661031,112.97055236082));
#5826 = VECTOR('',#5827,1.);
#5827 = DIRECTION('',(1.,0.,0.));
#5828 = PCURVE('',#4160,#5829);
#5829 = DEFINITIONAL_REPRESENTATION('',(#5830),#5834);
#5830 = LINE('',#5831,#5832);
#5831 = CARTESIAN_POINT('',(-0.,0.));
#5832 = VECTOR('',#5833,1.);
#5833 = DIRECTION('',(-0.,-1.));
#5834 = ( GEOMETRIC_REPRESENTATION_CONTEXT(2) 
PARAMETRIC_REPRESENTATION_CONTEXT() REPRESENTATION_CONTEXT('2D SPACE',''
  ) );
#5835 = PCURVE('',#4132,#5836);
#5836 = DEFINITIONAL_REPRESENTATION('',(#5837),#5841);
#5837 = LINE('',#5838,#5839);
#5838 = CARTESIAN_POINT('',(-1.046450067682,0.));
#5839 = VECTOR('',#5840,1.);
#5840 = DIRECTION('',(-0.,-1.));
#5841 = ( GEOMETRIC_REPRESENTATION_CONTEXT(2) 
PARAMETRIC_REPRESENTATION_CONTEXT() REPRESENTATION_CONTEXT('2D SPACE',''
  ) );
#5842 = ORIENTED_EDGE('',*,*,#4740,.T.);
#5843 = ORIENTED_EDGE('',*,*,#5795,.F.);
#5844 = ADVANCED_FACE('',(#5845),#4132,.F.);
#5845 = FACE_BOUND('',#5846,.T.);
#5846 = EDGE_LOOP('',(#5847,#5848,#5869,#5870));
#5847 = ORIENTED_EDGE('',*,*,#4116,.F.);
#5848 = ORIENTED_EDGE('',*,*,#5849,.T.);
#5849 = EDGE_CURVE('',#4089,#4695,#5850,.T.);
#5850 = SURFACE_CURVE('',#5851,(#5855,#5862),.PCURVE_S1.);
#5851 = LINE('',#5852,#5853);
#5852 = CARTESIAN_POINT('',(24.,191.39103626009,113.96146745892));
#5853 = VECTOR('',#5854,1.);
#5854 = DIRECTION('',(1.,0.,0.));
#5855 = PCURVE('',#4132,#5856);
#5856 = DEFINITIONAL_REPRESENTATION('',(#5857),#5861);
#5857 = LINE('',#5858,#5859);
#5858 = CARTESIAN_POINT('',(-0.,0.));
#5859 = VECTOR('',#5860,1.);
#5860 = DIRECTION('',(-0.,-1.));
#5861 = ( GEOMETRIC_REPRESENTATION_CONTEXT(2) 
PARAMETRIC_REPRESENTATION_CONTEXT() REPRESENTATION_CONTEXT('2D SPACE',''
  ) );
#5862 = PCURVE('',#4104,#5863);
#5863 = DEFINITIONAL_REPRESENTATION('',(#5864),#5868);
#5864 = LINE('',#5865,#5866);
#5865 = CARTESIAN_POINT('',(-1.046450067682,0.));
#5866 = VECTOR('',#5867,1.);
#5867 = DIRECTION('',(-0.,-1.));
#5868 = ( GEOMETRIC_REPRESENTATION_CONTEXT(2) 
PARAMETRIC_REPRESENTATION_CONTEXT() REPRESENTATION_CONTEXT('2D SPACE',''
  ) );
#5869 = ORIENTED_EDGE('',*,*,#4717,.T.);
#5870 = ORIENTED_EDGE('',*,*,#5822,.F.);
#5871 = ADVANCED_FACE('',(#5872),#4104,.F.);
#5872 = FACE_BOUND('',#5873,.T.);
#5873 = EDGE_LOOP('',(#5874,#5875,#5896,#5897));
#5874 = ORIENTED_EDGE('',*,*,#4088,.F.);
#5875 = ORIENTED_EDGE('',*,*,#5876,.T.);
#5876 = EDGE_CURVE('',#4061,#4672,#5877,.T.);
#5877 = SURFACE_CURVE('',#5878,(#5882,#5889),.PCURVE_S1.);
#5878 = LINE('',#5879,#5880);
#5879 = CARTESIAN_POINT('',(24.,190.92820323027,114.9));
#5880 = VECTOR('',#5881,1.);
#5881 = DIRECTION('',(1.,0.,0.));
#5882 = PCURVE('',#4104,#5883);
#5883 = DEFINITIONAL_REPRESENTATION('',(#5884),#5888);
#5884 = LINE('',#5885,#5886);
#5885 = CARTESIAN_POINT('',(-0.,0.));
#5886 = VECTOR('',#5887,1.);
#5887 = DIRECTION('',(-0.,-1.));
#5888 = ( GEOMETRIC_REPRESENTATION_CONTEXT(2) 
PARAMETRIC_REPRESENTATION_CONTEXT() REPRESENTATION_CONTEXT('2D SPACE',''
  ) );
#5889 = PCURVE('',#4076,#5890);
#5890 = DEFINITIONAL_REPRESENTATION('',(#5891),#5895);
#5891 = LINE('',#5892,#5893);
#5892 = CARTESIAN_POINT('',(-1.046450067682,0.));
#5893 = VECTOR('',#5894,1.);
#5894 = DIRECTION('',(-0.,-1.));
#5895 = ( GEOMETRIC_REPRESENTATION_CONTEXT(2) 
PARAMETRIC_REPRESENTATION_CONTEXT() REPRESENTATION_CONTEXT('2D SPACE',''
  ) );
#5896 = ORIENTED_EDGE('',*,*,#4694,.T.);
#5897 = ORIENTED_EDGE('',*,*,#5849,.F.);
#5898 = ADVANCED_FACE('',(#5899),#3600,.F.);
#5899 = FACE_BOUND('',#5900,.T.);
#5900 = EDGE_LOOP('',(#5901,#5902,#5903,#5904));
#5901 = ORIENTED_EDGE('',*,*,#3584,.F.);
#5902 = ORIENTED_EDGE('',*,*,#5715,.T.);
#5903 = ORIENTED_EDGE('',*,*,#4280,.T.);
#5904 = ORIENTED_EDGE('',*,*,#5905,.F.);
#5905 = EDGE_CURVE('',#3585,#4281,#5906,.T.);
#5906 = SURFACE_CURVE('',#5907,(#5911,#5918),.PCURVE_S1.);
#5907 = LINE('',#5908,#5909);
#5908 = CARTESIAN_POINT('',(24.,176.60896373991,113.96146745892));
#5909 = VECTOR('',#5910,1.);
#5910 = DIRECTION('',(1.,0.,0.));
#5911 = PCURVE('',#3600,#5912);
#5912 = DEFINITIONAL_REPRESENTATION('',(#5913),#5917);
#5913 = LINE('',#5914,#5915);
#5914 = CARTESIAN_POINT('',(-1.046450067682,0.));
#5915 = VECTOR('',#5916,1.);
#5916 = DIRECTION('',(-0.,-1.));
#5917 = ( GEOMETRIC_REPRESENTATION_CONTEXT(2) 
PARAMETRIC_REPRESENTATION_CONTEXT() REPRESENTATION_CONTEXT('2D SPACE',''
  ) );
#5918 = PCURVE('',#3628,#5919);
#5919 = DEFINITIONAL_REPRESENTATION('',(#5920),#5924);
#5920 = LINE('',#5921,#5922);
#5921 = CARTESIAN_POINT('',(-0.,0.));
#5922 = VECTOR('',#5923,1.);
#5923 = DIRECTION('',(-0.,-1.));
#5924 = ( GEOMETRIC_REPRESENTATION_CONTEXT(2) 
PARAMETRIC_REPRESENTATION_CONTEXT() REPRESENTATION_CONTEXT('2D SPACE',''
  ) );
#5925 = ADVANCED_FACE('',(#5926),#4076,.F.);
#5926 = FACE_BOUND('',#5927,.T.);
#5927 = EDGE_LOOP('',(#5928,#5929,#5950,#5951));
#5928 = ORIENTED_EDGE('',*,*,#4060,.F.);
#5929 = ORIENTED_EDGE('',*,*,#5930,.T.);
#5930 = EDGE_CURVE('',#4033,#4649,#5931,.T.);
#5931 = SURFACE_CURVE('',#5932,(#5936,#5943),.PCURVE_S1.);
#5932 = LINE('',#5933,#5934);
#5933 = CARTESIAN_POINT('',(24.,190.34682672233,115.77009143207));
#5934 = VECTOR('',#5935,1.);
#5935 = DIRECTION('',(1.,0.,0.));
#5936 = PCURVE('',#4076,#5937);
#5937 = DEFINITIONAL_REPRESENTATION('',(#5938),#5942);
#5938 = LINE('',#5939,#5940);
#5939 = CARTESIAN_POINT('',(-0.,0.));
#5940 = VECTOR('',#5941,1.);
#5941 = DIRECTION('',(-0.,-1.));
#5942 = ( GEOMETRIC_REPRESENTATION_CONTEXT(2) 
PARAMETRIC_REPRESENTATION_CONTEXT() REPRESENTATION_CONTEXT('2D SPACE',''
  ) );
#5943 = PCURVE('',#4048,#5944);
#5944 = DEFINITIONAL_REPRESENTATION('',(#5945),#5949);
#5945 = LINE('',#5946,#5947);
#5946 = CARTESIAN_POINT('',(-1.046450067682,0.));
#5947 = VECTOR('',#5948,1.);
#5948 = DIRECTION('',(-0.,-1.));
#5949 = ( GEOMETRIC_REPRESENTATION_CONTEXT(2) 
PARAMETRIC_REPRESENTATION_CONTEXT() REPRESENTATION_CONTEXT('2D SPACE',''
  ) );
#5950 = ORIENTED_EDGE('',*,*,#4671,.T.);
#5951 = ORIENTED_EDGE('',*,*,#5876,.F.);
#5952 = ADVANCED_FACE('',(#5953),#3628,.F.);
#5953 = FACE_BOUND('',#5954,.T.);
#5954 = EDGE_LOOP('',(#5955,#5956,#5957,#5958));
#5955 = ORIENTED_EDGE('',*,*,#3612,.F.);
#5956 = ORIENTED_EDGE('',*,*,#5905,.T.);
#5957 = ORIENTED_EDGE('',*,*,#4303,.T.);
#5958 = ORIENTED_EDGE('',*,*,#5959,.F.);
#5959 = EDGE_CURVE('',#3613,#4304,#5960,.T.);
#5960 = SURFACE_CURVE('',#5961,(#5965,#5972),.PCURVE_S1.);
#5961 = LINE('',#5962,#5963);
#5962 = CARTESIAN_POINT('',(24.,177.07179676972,114.9));
#5963 = VECTOR('',#5964,1.);
#5964 = DIRECTION('',(1.,0.,0.));
#5965 = PCURVE('',#3628,#5966);
#5966 = DEFINITIONAL_REPRESENTATION('',(#5967),#5971);
#5967 = LINE('',#5968,#5969);
#5968 = CARTESIAN_POINT('',(-1.046450067682,0.));
#5969 = VECTOR('',#5970,1.);
#5970 = DIRECTION('',(-0.,-1.));
#5971 = ( GEOMETRIC_REPRESENTATION_CONTEXT(2) 
PARAMETRIC_REPRESENTATION_CONTEXT() REPRESENTATION_CONTEXT('2D SPACE',''
  ) );
#5972 = PCURVE('',#3656,#5973);
#5973 = DEFINITIONAL_REPRESENTATION('',(#5974),#5978);
#5974 = LINE('',#5975,#5976);
#5975 = CARTESIAN_POINT('',(-0.,0.));
#5976 = VECTOR('',#5977,1.);
#5977 = DIRECTION('',(-0.,-1.));
#5978 = ( GEOMETRIC_REPRESENTATION_CONTEXT(2) 
PARAMETRIC_REPRESENTATION_CONTEXT() REPRESENTATION_CONTEXT('2D SPACE',''
  ) );
#5979 = ADVANCED_FACE('',(#5980),#4048,.F.);
#5980 = FACE_BOUND('',#5981,.T.);
#5981 = EDGE_LOOP('',(#5982,#5983,#6004,#6005));
#5982 = ORIENTED_EDGE('',*,*,#4032,.F.);
#5983 = ORIENTED_EDGE('',*,*,#5984,.T.);
#5984 = EDGE_CURVE('',#4005,#4626,#5985,.T.);
#5985 = SURFACE_CURVE('',#5986,(#5990,#5997),.PCURVE_S1.);
#5986 = LINE('',#5987,#5988);
#5987 = CARTESIAN_POINT('',(24.,189.65685424949,116.55685424949));
#5988 = VECTOR('',#5989,1.);
#5989 = DIRECTION('',(1.,0.,0.));
#5990 = PCURVE('',#4048,#5991);
#5991 = DEFINITIONAL_REPRESENTATION('',(#5992),#5996);
#5992 = LINE('',#5993,#5994);
#5993 = CARTESIAN_POINT('',(-0.,0.));
#5994 = VECTOR('',#5995,1.);
#5995 = DIRECTION('',(-0.,-1.));
#5996 = ( GEOMETRIC_REPRESENTATION_CONTEXT(2) 
PARAMETRIC_REPRESENTATION_CONTEXT() REPRESENTATION_CONTEXT('2D SPACE',''
  ) );
#5997 = PCURVE('',#4020,#5998);
#5998 = DEFINITIONAL_REPRESENTATION('',(#5999),#6003);
#5999 = LINE('',#6000,#6001);
#6000 = CARTESIAN_POINT('',(-1.046450067682,0.));
#6001 = VECTOR('',#6002,1.);
#6002 = DIRECTION('',(-0.,-1.));
#6003 = ( GEOMETRIC_REPRESENTATION_CONTEXT(2) 
PARAMETRIC_REPRESENTATION_CONTEXT() REPRESENTATION_CONTEXT('2D SPACE',''
  ) );
#6004 = ORIENTED_EDGE('',*,*,#4648,.T.);
#6005 = ORIENTED_EDGE('',*,*,#5930,.F.);
#6006 = ADVANCED_FACE('',(#6007),#3656,.F.);
#6007 = FACE_BOUND('',#6008,.T.);
#6008 = EDGE_LOOP('',(#6009,#6010,#6011,#6012));
#6009 = ORIENTED_EDGE('',*,*,#3640,.F.);
#6010 = ORIENTED_EDGE('',*,*,#5959,.T.);
#6011 = ORIENTED_EDGE('',*,*,#4326,.T.);
#6012 = ORIENTED_EDGE('',*,*,#6013,.F.);
#6013 = EDGE_CURVE('',#3641,#4327,#6014,.T.);
#6014 = SURFACE_CURVE('',#6015,(#6019,#6026),.PCURVE_S1.);
#6015 = LINE('',#6016,#6017);
#6016 = CARTESIAN_POINT('',(24.,177.65317327767,115.77009143207));
#6017 = VECTOR('',#6018,1.);
#6018 = DIRECTION('',(1.,0.,0.));
#6019 = PCURVE('',#3656,#6020);
#6020 = DEFINITIONAL_REPRESENTATION('',(#6021),#6025);
#6021 = LINE('',#6022,#6023);
#6022 = CARTESIAN_POINT('',(-1.046450067682,0.));
#6023 = VECTOR('',#6024,1.);
#6024 = DIRECTION('',(-0.,-1.));
#6025 = ( GEOMETRIC_REPRESENTATION_CONTEXT(2) 
PARAMETRIC_REPRESENTATION_CONTEXT() REPRESENTATION_CONTEXT('2D SPACE',''
  ) );
#6026 = PCURVE('',#3684,#6027);
#6027 = DEFINITIONAL_REPRESENTATION('',(#6028),#6032);
#6028 = LINE('',#6029,#6030);
#6029 = CARTESIAN_POINT('',(-0.,0.));
#6030 = VECTOR('',#6031,1.);
#6031 = DIRECTION('',(-0.,-1.));
#6032 = ( GEOMETRIC_REPRESENTATION_CONTEXT(2) 
PARAMETRIC_REPRESENTATION_CONTEXT() REPRESENTATION_CONTEXT('2D SPACE',''
  ) );
#6033 = ADVANCED_FACE('',(#6034),#4020,.F.);
#6034 = FACE_BOUND('',#6035,.T.);
#6035 = EDGE_LOOP('',(#6036,#6037,#6058,#6059));
#6036 = ORIENTED_EDGE('',*,*,#4004,.F.);
#6037 = ORIENTED_EDGE('',*,*,#6038,.T.);
#6038 = EDGE_CURVE('',#3977,#4603,#6039,.T.);
#6039 = SURFACE_CURVE('',#6040,(#6044,#6051),.PCURVE_S1.);
#6040 = LINE('',#6041,#6042);
#6041 = CARTESIAN_POINT('',(24.,188.87009143207,117.24682672233));
#6042 = VECTOR('',#6043,1.);
#6043 = DIRECTION('',(1.,0.,0.));
#6044 = PCURVE('',#4020,#6045);
#6045 = DEFINITIONAL_REPRESENTATION('',(#6046),#6050);
#6046 = LINE('',#6047,#6048);
#6047 = CARTESIAN_POINT('',(-0.,0.));
#6048 = VECTOR('',#6049,1.);
#6049 = DIRECTION('',(-0.,-1.));
#6050 = ( GEOMETRIC_REPRESENTATION_CONTEXT(2) 
PARAMETRIC_REPRESENTATION_CONTEXT() REPRESENTATION_CONTEXT('2D SPACE',''
  ) );
#6051 = PCURVE('',#3992,#6052);
#6052 = DEFINITIONAL_REPRESENTATION('',(#6053),#6057);
#6053 = LINE('',#6054,#6055);
#6054 = CARTESIAN_POINT('',(-1.046450067682,0.));
#6055 = VECTOR('',#6056,1.);
#6056 = DIRECTION('',(-0.,-1.));
#6057 = ( GEOMETRIC_REPRESENTATION_CONTEXT(2) 
PARAMETRIC_REPRESENTATION_CONTEXT() REPRESENTATION_CONTEXT('2D SPACE',''
  ) );
#6058 = ORIENTED_EDGE('',*,*,#4625,.T.);
#6059 = ORIENTED_EDGE('',*,*,#5984,.F.);
#6060 = ADVANCED_FACE('',(#6061),#3684,.F.);
#6061 = FACE_BOUND('',#6062,.T.);
#6062 = EDGE_LOOP('',(#6063,#6064,#6065,#6066));
#6063 = ORIENTED_EDGE('',*,*,#3668,.F.);
#6064 = ORIENTED_EDGE('',*,*,#6013,.T.);
#6065 = ORIENTED_EDGE('',*,*,#4349,.T.);
#6066 = ORIENTED_EDGE('',*,*,#6067,.F.);
#6067 = EDGE_CURVE('',#3669,#4350,#6068,.T.);
#6068 = SURFACE_CURVE('',#6069,(#6073,#6080),.PCURVE_S1.);
#6069 = LINE('',#6070,#6071);
#6070 = CARTESIAN_POINT('',(24.,178.3431457505,116.55685424949));
#6071 = VECTOR('',#6072,1.);
#6072 = DIRECTION('',(1.,0.,0.));
#6073 = PCURVE('',#3684,#6074);
#6074 = DEFINITIONAL_REPRESENTATION('',(#6075),#6079);
#6075 = LINE('',#6076,#6077);
#6076 = CARTESIAN_POINT('',(-1.046450067682,0.));
#6077 = VECTOR('',#6078,1.);
#6078 = DIRECTION('',(-0.,-1.));
#6079 = ( GEOMETRIC_REPRESENTATION_CONTEXT(2) 
PARAMETRIC_REPRESENTATION_CONTEXT() REPRESENTATION_CONTEXT('2D SPACE',''
  ) );
#6080 = PCURVE('',#3712,#6081);
#6081 = DEFINITIONAL_REPRESENTATION('',(#6082),#6086);
#6082 = LINE('',#6083,#6084);
#6083 = CARTESIAN_POINT('',(-0.,0.));
#6084 = VECTOR('',#6085,1.);
#6085 = DIRECTION('',(-0.,-1.));
#6086 = ( GEOMETRIC_REPRESENTATION_CONTEXT(2) 
PARAMETRIC_REPRESENTATION_CONTEXT() REPRESENTATION_CONTEXT('2D SPACE',''
  ) );
#6087 = ADVANCED_FACE('',(#6088),#3992,.F.);
#6088 = FACE_BOUND('',#6089,.T.);
#6089 = EDGE_LOOP('',(#6090,#6091,#6112,#6113));
#6090 = ORIENTED_EDGE('',*,*,#3976,.F.);
#6091 = ORIENTED_EDGE('',*,*,#6092,.T.);
#6092 = EDGE_CURVE('',#3949,#4580,#6093,.T.);
#6093 = SURFACE_CURVE('',#6094,(#6098,#6105),.PCURVE_S1.);
#6094 = LINE('',#6095,#6096);
#6095 = CARTESIAN_POINT('',(24.,188.,117.82820323027));
#6096 = VECTOR('',#6097,1.);
#6097 = DIRECTION('',(1.,0.,0.));
#6098 = PCURVE('',#3992,#6099);
#6099 = DEFINITIONAL_REPRESENTATION('',(#6100),#6104);
#6100 = LINE('',#6101,#6102);
#6101 = CARTESIAN_POINT('',(-0.,0.));
#6102 = VECTOR('',#6103,1.);
#6103 = DIRECTION('',(-0.,-1.));
#6104 = ( GEOMETRIC_REPRESENTATION_CONTEXT(2) 
PARAMETRIC_REPRESENTATION_CONTEXT() REPRESENTATION_CONTEXT('2D SPACE',''
  ) );
#6105 = PCURVE('',#3964,#6106);
#6106 = DEFINITIONAL_REPRESENTATION('',(#6107),#6111);
#6107 = LINE('',#6108,#6109);
#6108 = CARTESIAN_POINT('',(-1.046450067682,0.));
#6109 = VECTOR('',#6110,1.);
#6110 = DIRECTION('',(-0.,-1.));
#6111 = ( GEOMETRIC_REPRESENTATION_CONTEXT(2) 
PARAMETRIC_REPRESENTATION_CONTEXT() REPRESENTATION_CONTEXT('2D SPACE',''
  ) );
#6112 = ORIENTED_EDGE('',*,*,#4602,.T.);
#6113 = ORIENTED_EDGE('',*,*,#6038,.F.);
#6114 = ADVANCED_FACE('',(#6115),#3712,.F.);
#6115 = FACE_BOUND('',#6116,.T.);
#6116 = EDGE_LOOP('',(#6117,#6118,#6119,#6120));
#6117 = ORIENTED_EDGE('',*,*,#3696,.F.);
#6118 = ORIENTED_EDGE('',*,*,#6067,.T.);
#6119 = ORIENTED_EDGE('',*,*,#4372,.T.);
#6120 = ORIENTED_EDGE('',*,*,#6121,.F.);
#6121 = EDGE_CURVE('',#3697,#4373,#6122,.T.);
#6122 = SURFACE_CURVE('',#6123,(#6127,#6134),.PCURVE_S1.);
#6123 = LINE('',#6124,#6125);
#6124 = CARTESIAN_POINT('',(24.,179.12990856793,117.24682672233));
#6125 = VECTOR('',#6126,1.);
#6126 = DIRECTION('',(1.,0.,0.));
#6127 = PCURVE('',#3712,#6128);
#6128 = DEFINITIONAL_REPRESENTATION('',(#6129),#6133);
#6129 = LINE('',#6130,#6131);
#6130 = CARTESIAN_POINT('',(-1.046450067682,0.));
#6131 = VECTOR('',#6132,1.);
#6132 = DIRECTION('',(-0.,-1.));
#6133 = ( GEOMETRIC_REPRESENTATION_CONTEXT(2) 
PARAMETRIC_REPRESENTATION_CONTEXT() REPRESENTATION_CONTEXT('2D SPACE',''
  ) );
#6134 = PCURVE('',#3740,#6135);
#6135 = DEFINITIONAL_REPRESENTATION('',(#6136),#6140);
#6136 = LINE('',#6137,#6138);
#6137 = CARTESIAN_POINT('',(-0.,0.));
#6138 = VECTOR('',#6139,1.);
#6139 = DIRECTION('',(-0.,-1.));
#6140 = ( GEOMETRIC_REPRESENTATION_CONTEXT(2) 
PARAMETRIC_REPRESENTATION_CONTEXT() REPRESENTATION_CONTEXT('2D SPACE',''
  ) );
#6141 = ADVANCED_FACE('',(#6142),#3964,.F.);
#6142 = FACE_BOUND('',#6143,.T.);
#6143 = EDGE_LOOP('',(#6144,#6145,#6166,#6167));
#6144 = ORIENTED_EDGE('',*,*,#3948,.F.);
#6145 = ORIENTED_EDGE('',*,*,#6146,.T.);
#6146 = EDGE_CURVE('',#3921,#4557,#6147,.T.);
#6147 = SURFACE_CURVE('',#6148,(#6152,#6159),.PCURVE_S1.);
#6148 = LINE('',#6149,#6150);
#6149 = CARTESIAN_POINT('',(24.,187.06146745892,118.29103626009));
#6150 = VECTOR('',#6151,1.);
#6151 = DIRECTION('',(1.,0.,0.));
#6152 = PCURVE('',#3964,#6153);
#6153 = DEFINITIONAL_REPRESENTATION('',(#6154),#6158);
#6154 = LINE('',#6155,#6156);
#6155 = CARTESIAN_POINT('',(-0.,0.));
#6156 = VECTOR('',#6157,1.);
#6157 = DIRECTION('',(-0.,-1.));
#6158 = ( GEOMETRIC_REPRESENTATION_CONTEXT(2) 
PARAMETRIC_REPRESENTATION_CONTEXT() REPRESENTATION_CONTEXT('2D SPACE',''
  ) );
#6159 = PCURVE('',#3936,#6160);
#6160 = DEFINITIONAL_REPRESENTATION('',(#6161),#6165);
#6161 = LINE('',#6162,#6163);
#6162 = CARTESIAN_POINT('',(-1.046450067682,0.));
#6163 = VECTOR('',#6164,1.);
#6164 = DIRECTION('',(-0.,-1.));
#6165 = ( GEOMETRIC_REPRESENTATION_CONTEXT(2) 
PARAMETRIC_REPRESENTATION_CONTEXT() REPRESENTATION_CONTEXT('2D SPACE',''
  ) );
#6166 = ORIENTED_EDGE('',*,*,#4579,.T.);
#6167 = ORIENTED_EDGE('',*,*,#6092,.F.);
#6168 = ADVANCED_FACE('',(#6169),#3740,.F.);
#6169 = FACE_BOUND('',#6170,.T.);
#6170 = EDGE_LOOP('',(#6171,#6172,#6173,#6174));
#6171 = ORIENTED_EDGE('',*,*,#3724,.F.);
#6172 = ORIENTED_EDGE('',*,*,#6121,.T.);
#6173 = ORIENTED_EDGE('',*,*,#4395,.T.);
#6174 = ORIENTED_EDGE('',*,*,#6175,.F.);
#6175 = EDGE_CURVE('',#3725,#4396,#6176,.T.);
#6176 = SURFACE_CURVE('',#6177,(#6181,#6188),.PCURVE_S1.);
#6177 = LINE('',#6178,#6179);
#6178 = CARTESIAN_POINT('',(24.,180.,117.82820323027));
#6179 = VECTOR('',#6180,1.);
#6180 = DIRECTION('',(1.,0.,0.));
#6181 = PCURVE('',#3740,#6182);
#6182 = DEFINITIONAL_REPRESENTATION('',(#6183),#6187);
#6183 = LINE('',#6184,#6185);
#6184 = CARTESIAN_POINT('',(-1.046450067682,0.));
#6185 = VECTOR('',#6186,1.);
#6186 = DIRECTION('',(-0.,-1.));
#6187 = ( GEOMETRIC_REPRESENTATION_CONTEXT(2) 
PARAMETRIC_REPRESENTATION_CONTEXT() REPRESENTATION_CONTEXT('2D SPACE',''
  ) );
#6188 = PCURVE('',#3768,#6189);
#6189 = DEFINITIONAL_REPRESENTATION('',(#6190),#6194);
#6190 = LINE('',#6191,#6192);
#6191 = CARTESIAN_POINT('',(-0.,0.));
#6192 = VECTOR('',#6193,1.);
#6193 = DIRECTION('',(-0.,-1.));
#6194 = ( GEOMETRIC_REPRESENTATION_CONTEXT(2) 
PARAMETRIC_REPRESENTATION_CONTEXT() REPRESENTATION_CONTEXT('2D SPACE',''
  ) );
#6195 = ADVANCED_FACE('',(#6196),#3936,.F.);
#6196 = FACE_BOUND('',#6197,.T.);
#6197 = EDGE_LOOP('',(#6198,#6199,#6220,#6221));
#6198 = ORIENTED_EDGE('',*,*,#3920,.F.);
#6199 = ORIENTED_EDGE('',*,*,#6200,.T.);
#6200 = EDGE_CURVE('',#3893,#4534,#6201,.T.);
#6201 = SURFACE_CURVE('',#6202,(#6206,#6213),.PCURVE_S1.);
#6202 = LINE('',#6203,#6204);
#6203 = CARTESIAN_POINT('',(24.,186.07055236082,118.62740661031));
#6204 = VECTOR('',#6205,1.);
#6205 = DIRECTION('',(1.,0.,0.));
#6206 = PCURVE('',#3936,#6207);
#6207 = DEFINITIONAL_REPRESENTATION('',(#6208),#6212);
#6208 = LINE('',#6209,#6210);
#6209 = CARTESIAN_POINT('',(-0.,0.));
#6210 = VECTOR('',#6211,1.);
#6211 = DIRECTION('',(-0.,-1.));
#6212 = ( GEOMETRIC_REPRESENTATION_CONTEXT(2) 
PARAMETRIC_REPRESENTATION_CONTEXT() REPRESENTATION_CONTEXT('2D SPACE',''
  ) );
#6213 = PCURVE('',#3908,#6214);
#6214 = DEFINITIONAL_REPRESENTATION('',(#6215),#6219);
#6215 = LINE('',#6216,#6217);
#6216 = CARTESIAN_POINT('',(-1.046450067682,0.));
#6217 = VECTOR('',#6218,1.);
#6218 = DIRECTION('',(-0.,-1.));
#6219 = ( GEOMETRIC_REPRESENTATION_CONTEXT(2) 
PARAMETRIC_REPRESENTATION_CONTEXT() REPRESENTATION_CONTEXT('2D SPACE',''
  ) );
#6220 = ORIENTED_EDGE('',*,*,#4556,.T.);
#6221 = ORIENTED_EDGE('',*,*,#6146,.F.);
#6222 = ADVANCED_FACE('',(#6223),#3768,.F.);
#6223 = FACE_BOUND('',#6224,.T.);
#6224 = EDGE_LOOP('',(#6225,#6226,#6227,#6228));
#6225 = ORIENTED_EDGE('',*,*,#3752,.F.);
#6226 = ORIENTED_EDGE('',*,*,#6175,.T.);
#6227 = ORIENTED_EDGE('',*,*,#4418,.T.);
#6228 = ORIENTED_EDGE('',*,*,#6229,.F.);
#6229 = EDGE_CURVE('',#3753,#4419,#6230,.T.);
#6230 = SURFACE_CURVE('',#6231,(#6235,#6242),.PCURVE_S1.);
#6231 = LINE('',#6232,#6233);
#6232 = CARTESIAN_POINT('',(24.,180.93853254107,118.29103626009));
#6233 = VECTOR('',#6234,1.);
#6234 = DIRECTION('',(1.,0.,0.));
#6235 = PCURVE('',#3768,#6236);
#6236 = DEFINITIONAL_REPRESENTATION('',(#6237),#6241);
#6237 = LINE('',#6238,#6239);
#6238 = CARTESIAN_POINT('',(-1.046450067682,0.));
#6239 = VECTOR('',#6240,1.);
#6240 = DIRECTION('',(-0.,-1.));
#6241 = ( GEOMETRIC_REPRESENTATION_CONTEXT(2) 
PARAMETRIC_REPRESENTATION_CONTEXT() REPRESENTATION_CONTEXT('2D SPACE',''
  ) );
#6242 = PCURVE('',#3796,#6243);
#6243 = DEFINITIONAL_REPRESENTATION('',(#6244),#6248);
#6244 = LINE('',#6245,#6246);
#6245 = CARTESIAN_POINT('',(-0.,0.));
#6246 = VECTOR('',#6247,1.);
#6247 = DIRECTION('',(-0.,-1.));
#6248 = ( GEOMETRIC_REPRESENTATION_CONTEXT(2) 
PARAMETRIC_REPRESENTATION_CONTEXT() REPRESENTATION_CONTEXT('2D SPACE',''
  ) );
#6249 = ADVANCED_FACE('',(#6250),#3908,.F.);
#6250 = FACE_BOUND('',#6251,.T.);
#6251 = EDGE_LOOP('',(#6252,#6253,#6274,#6275));
#6252 = ORIENTED_EDGE('',*,*,#3892,.F.);
#6253 = ORIENTED_EDGE('',*,*,#6254,.T.);
#6254 = EDGE_CURVE('',#3865,#4511,#6255,.T.);
#6255 = SURFACE_CURVE('',#6256,(#6260,#6267),.PCURVE_S1.);
#6256 = LINE('',#6257,#6258);
#6257 = CARTESIAN_POINT('',(24.,185.04420953776,118.83155889099));
#6258 = VECTOR('',#6259,1.);
#6259 = DIRECTION('',(1.,0.,0.));
#6260 = PCURVE('',#3908,#6261);
#6261 = DEFINITIONAL_REPRESENTATION('',(#6262),#6266);
#6262 = LINE('',#6263,#6264);
#6263 = CARTESIAN_POINT('',(-0.,0.));
#6264 = VECTOR('',#6265,1.);
#6265 = DIRECTION('',(-0.,-1.));
#6266 = ( GEOMETRIC_REPRESENTATION_CONTEXT(2) 
PARAMETRIC_REPRESENTATION_CONTEXT() REPRESENTATION_CONTEXT('2D SPACE',''
  ) );
#6267 = PCURVE('',#3880,#6268);
#6268 = DEFINITIONAL_REPRESENTATION('',(#6269),#6273);
#6269 = LINE('',#6270,#6271);
#6270 = CARTESIAN_POINT('',(-1.046450067682,0.));
#6271 = VECTOR('',#6272,1.);
#6272 = DIRECTION('',(-0.,-1.));
#6273 = ( GEOMETRIC_REPRESENTATION_CONTEXT(2) 
PARAMETRIC_REPRESENTATION_CONTEXT() REPRESENTATION_CONTEXT('2D SPACE',''
  ) );
#6274 = ORIENTED_EDGE('',*,*,#4533,.T.);
#6275 = ORIENTED_EDGE('',*,*,#6200,.F.);
#6276 = ADVANCED_FACE('',(#6277),#3796,.F.);
#6277 = FACE_BOUND('',#6278,.T.);
#6278 = EDGE_LOOP('',(#6279,#6280,#6281,#6282));
#6279 = ORIENTED_EDGE('',*,*,#3780,.F.);
#6280 = ORIENTED_EDGE('',*,*,#6229,.T.);
#6281 = ORIENTED_EDGE('',*,*,#4441,.T.);
#6282 = ORIENTED_EDGE('',*,*,#6283,.F.);
#6283 = EDGE_CURVE('',#3781,#4442,#6284,.T.);
#6284 = SURFACE_CURVE('',#6285,(#6289,#6296),.PCURVE_S1.);
#6285 = LINE('',#6286,#6287);
#6286 = CARTESIAN_POINT('',(24.,181.92944763918,118.62740661031));
#6287 = VECTOR('',#6288,1.);
#6288 = DIRECTION('',(1.,0.,0.));
#6289 = PCURVE('',#3796,#6290);
#6290 = DEFINITIONAL_REPRESENTATION('',(#6291),#6295);
#6291 = LINE('',#6292,#6293);
#6292 = CARTESIAN_POINT('',(-1.046450067682,0.));
#6293 = VECTOR('',#6294,1.);
#6294 = DIRECTION('',(-0.,-1.));
#6295 = ( GEOMETRIC_REPRESENTATION_CONTEXT(2) 
PARAMETRIC_REPRESENTATION_CONTEXT() REPRESENTATION_CONTEXT('2D SPACE',''
  ) );
#6296 = PCURVE('',#3824,#6297);
#6297 = DEFINITIONAL_REPRESENTATION('',(#6298),#6302);
#6298 = LINE('',#6299,#6300);
#6299 = CARTESIAN_POINT('',(-0.,0.));
#6300 = VECTOR('',#6301,1.);
#6301 = DIRECTION('',(-0.,-1.));
#6302 = ( GEOMETRIC_REPRESENTATION_CONTEXT(2) 
PARAMETRIC_REPRESENTATION_CONTEXT() REPRESENTATION_CONTEXT('2D SPACE',''
  ) );
#6303 = ADVANCED_FACE('',(#6304),#3880,.F.);
#6304 = FACE_BOUND('',#6305,.T.);
#6305 = EDGE_LOOP('',(#6306,#6307,#6328,#6329));
#6306 = ORIENTED_EDGE('',*,*,#3864,.F.);
#6307 = ORIENTED_EDGE('',*,*,#6308,.T.);
#6308 = EDGE_CURVE('',#3837,#4488,#6309,.T.);
#6309 = SURFACE_CURVE('',#6310,(#6314,#6321),.PCURVE_S1.);
#6310 = LINE('',#6311,#6312);
#6311 = CARTESIAN_POINT('',(24.,184.,118.9));
#6312 = VECTOR('',#6313,1.);
#6313 = DIRECTION('',(1.,0.,0.));
#6314 = PCURVE('',#3880,#6315);
#6315 = DEFINITIONAL_REPRESENTATION('',(#6316),#6320);
#6316 = LINE('',#6317,#6318);
#6317 = CARTESIAN_POINT('',(-0.,0.));
#6318 = VECTOR('',#6319,1.);
#6319 = DIRECTION('',(-0.,-1.));
#6320 = ( GEOMETRIC_REPRESENTATION_CONTEXT(2) 
PARAMETRIC_REPRESENTATION_CONTEXT() REPRESENTATION_CONTEXT('2D SPACE',''
  ) );
#6321 = PCURVE('',#3852,#6322);
#6322 = DEFINITIONAL_REPRESENTATION('',(#6323),#6327);
#6323 = LINE('',#6324,#6325);
#6324 = CARTESIAN_POINT('',(-1.046450067682,0.));
#6325 = VECTOR('',#6326,1.);
#6326 = DIRECTION('',(-0.,-1.));
#6327 = ( GEOMETRIC_REPRESENTATION_CONTEXT(2) 
PARAMETRIC_REPRESENTATION_CONTEXT() REPRESENTATION_CONTEXT('2D SPACE',''
  ) );
#6328 = ORIENTED_EDGE('',*,*,#4510,.T.);
#6329 = ORIENTED_EDGE('',*,*,#6254,.F.);
#6330 = ADVANCED_FACE('',(#6331),#3824,.F.);
#6331 = FACE_BOUND('',#6332,.T.);
#6332 = EDGE_LOOP('',(#6333,#6334,#6335,#6336));
#6333 = ORIENTED_EDGE('',*,*,#3808,.F.);
#6334 = ORIENTED_EDGE('',*,*,#6283,.T.);
#6335 = ORIENTED_EDGE('',*,*,#4464,.T.);
#6336 = ORIENTED_EDGE('',*,*,#6337,.F.);
#6337 = EDGE_CURVE('',#3809,#4465,#6338,.T.);
#6338 = SURFACE_CURVE('',#6339,(#6343,#6350),.PCURVE_S1.);
#6339 = LINE('',#6340,#6341);
#6340 = CARTESIAN_POINT('',(24.,182.95579046224,118.83155889099));
#6341 = VECTOR('',#6342,1.);
#6342 = DIRECTION('',(1.,0.,0.));
#6343 = PCURVE('',#3824,#6344);
#6344 = DEFINITIONAL_REPRESENTATION('',(#6345),#6349);
#6345 = LINE('',#6346,#6347);
#6346 = CARTESIAN_POINT('',(-1.046450067682,0.));
#6347 = VECTOR('',#6348,1.);
#6348 = DIRECTION('',(-0.,-1.));
#6349 = ( GEOMETRIC_REPRESENTATION_CONTEXT(2) 
PARAMETRIC_REPRESENTATION_CONTEXT() REPRESENTATION_CONTEXT('2D SPACE',''
  ) );
#6350 = PCURVE('',#3852,#6351);
#6351 = DEFINITIONAL_REPRESENTATION('',(#6352),#6356);
#6352 = LINE('',#6353,#6354);
#6353 = CARTESIAN_POINT('',(-0.,0.));
#6354 = VECTOR('',#6355,1.);
#6355 = DIRECTION('',(-0.,-1.));
#6356 = ( GEOMETRIC_REPRESENTATION_CONTEXT(2) 
PARAMETRIC_REPRESENTATION_CONTEXT() REPRESENTATION_CONTEXT('2D SPACE',''
  ) );
#6357 = ADVANCED_FACE('',(#6358),#3852,.F.);
#6358 = FACE_BOUND('',#6359,.T.);
#6359 = EDGE_LOOP('',(#6360,#6361,#6362,#6363));
#6360 = ORIENTED_EDGE('',*,*,#3836,.F.);
#6361 = ORIENTED_EDGE('',*,*,#6337,.T.);
#6362 = ORIENTED_EDGE('',*,*,#4487,.T.);
#6363 = ORIENTED_EDGE('',*,*,#6308,.F.);
#6364 = ADVANCED_FACE('',(#6365),#4240,.F.);
#6365 = FACE_BOUND('',#6366,.F.);
#6366 = EDGE_LOOP('',(#6367,#6390,#6412,#6413));
#6367 = ORIENTED_EDGE('',*,*,#6368,.T.);
#6368 = EDGE_CURVE('',#4224,#6369,#6371,.T.);
#6369 = VERTEX_POINT('',#6370);
#6370 = CARTESIAN_POINT('',(26.5,184.,107.6));
#6371 = SEAM_CURVE('',#6372,(#6376,#6383),.PCURVE_S1.);
#6372 = LINE('',#6373,#6374);
#6373 = CARTESIAN_POINT('',(23.,184.,104.1));
#6374 = VECTOR('',#6375,1.);
#6375 = DIRECTION('',(0.707106781187,2.597868168706E-16,0.707106781187)
  );
#6376 = PCURVE('',#4240,#6377);
#6377 = DEFINITIONAL_REPRESENTATION('',(#6378),#6382);
#6378 = LINE('',#6379,#6380);
#6379 = CARTESIAN_POINT('',(-6.28318530718,0.));
#6380 = VECTOR('',#6381,1.);
#6381 = DIRECTION('',(-0.,-1.));
#6382 = ( GEOMETRIC_REPRESENTATION_CONTEXT(2) 
PARAMETRIC_REPRESENTATION_CONTEXT() REPRESENTATION_CONTEXT('2D SPACE',''
  ) );
#6383 = PCURVE('',#4240,#6384);
#6384 = DEFINITIONAL_REPRESENTATION('',(#6385),#6389);
#6385 = LINE('',#6386,#6387);
#6386 = CARTESIAN_POINT('',(0.,-0.));
#6387 = VECTOR('',#6388,1.);
#6388 = DIRECTION('',(-0.,-1.));
#6389 = ( GEOMETRIC_REPRESENTATION_CONTEXT(2) 
PARAMETRIC_REPRESENTATION_CONTEXT() REPRESENTATION_CONTEXT('2D SPACE',''
  ) );
#6390 = ORIENTED_EDGE('',*,*,#6391,.F.);
#6391 = EDGE_CURVE('',#6369,#6369,#6392,.T.);
#6392 = SURFACE_CURVE('',#6393,(#6398,#6405),.PCURVE_S1.);
#6393 = CIRCLE('',#6394,3.3);
#6394 = AXIS2_PLACEMENT_3D('',#6395,#6396,#6397);
#6395 = CARTESIAN_POINT('',(26.5,184.,110.9));
#6396 = DIRECTION('',(1.,0.,0.));
#6397 = DIRECTION('',(0.,-1.224646799147E-16,-1.));
#6398 = PCURVE('',#4240,#6399);
#6399 = DEFINITIONAL_REPRESENTATION('',(#6400),#6404);
#6400 = LINE('',#6401,#6402);
#6401 = CARTESIAN_POINT('',(-0.,-3.5));
#6402 = VECTOR('',#6403,1.);
#6403 = DIRECTION('',(-1.,-0.));
#6404 = ( GEOMETRIC_REPRESENTATION_CONTEXT(2) 
PARAMETRIC_REPRESENTATION_CONTEXT() REPRESENTATION_CONTEXT('2D SPACE',''
  ) );
#6405 = PCURVE('',#4827,#6406);
#6406 = DEFINITIONAL_REPRESENTATION('',(#6407),#6411);
#6407 = LINE('',#6408,#6409);
#6408 = CARTESIAN_POINT('',(0.,3.5));
#6409 = VECTOR('',#6410,1.);
#6410 = DIRECTION('',(1.,0.));
#6411 = ( GEOMETRIC_REPRESENTATION_CONTEXT(2) 
PARAMETRIC_REPRESENTATION_CONTEXT() REPRESENTATION_CONTEXT('2D SPACE',''
  ) );
#6412 = ORIENTED_EDGE('',*,*,#6368,.F.);
#6413 = ORIENTED_EDGE('',*,*,#4223,.T.);
#6414 = ADVANCED_FACE('',(#6415),#4827,.F.);
#6415 = FACE_BOUND('',#6416,.F.);
#6416 = EDGE_LOOP('',(#6417,#6418,#6439,#6440));
#6417 = ORIENTED_EDGE('',*,*,#4810,.F.);
#6418 = ORIENTED_EDGE('',*,*,#6419,.F.);
#6419 = EDGE_CURVE('',#6369,#4811,#6420,.T.);
#6420 = SEAM_CURVE('',#6421,(#6425,#6432),.PCURVE_S1.);
#6421 = LINE('',#6422,#6423);
#6422 = CARTESIAN_POINT('',(23.,184.,107.6));
#6423 = VECTOR('',#6424,1.);
#6424 = DIRECTION('',(1.,0.,0.));
#6425 = PCURVE('',#4827,#6426);
#6426 = DEFINITIONAL_REPRESENTATION('',(#6427),#6431);
#6427 = LINE('',#6428,#6429);
#6428 = CARTESIAN_POINT('',(6.28318530718,-0.));
#6429 = VECTOR('',#6430,1.);
#6430 = DIRECTION('',(0.,1.));
#6431 = ( GEOMETRIC_REPRESENTATION_CONTEXT(2) 
PARAMETRIC_REPRESENTATION_CONTEXT() REPRESENTATION_CONTEXT('2D SPACE',''
  ) );
#6432 = PCURVE('',#4827,#6433);
#6433 = DEFINITIONAL_REPRESENTATION('',(#6434),#6438);
#6434 = LINE('',#6435,#6436);
#6435 = CARTESIAN_POINT('',(0.,-0.));
#6436 = VECTOR('',#6437,1.);
#6437 = DIRECTION('',(0.,1.));
#6438 = ( GEOMETRIC_REPRESENTATION_CONTEXT(2) 
PARAMETRIC_REPRESENTATION_CONTEXT() REPRESENTATION_CONTEXT('2D SPACE',''
  ) );
#6439 = ORIENTED_EDGE('',*,*,#6391,.T.);
#6440 = ORIENTED_EDGE('',*,*,#6419,.T.);
#6441 = ADVANCED_FACE('',(#6442,#6473),#4886,.T.);
#6442 = FACE_BOUND('',#6443,.T.);
#6443 = EDGE_LOOP('',(#6444));
#6444 = ORIENTED_EDGE('',*,*,#6445,.T.);
#6445 = EDGE_CURVE('',#6446,#6446,#6448,.T.);
#6446 = VERTEX_POINT('',#6447);
#6447 = CARTESIAN_POINT('',(30.,21.,4.1));
#6448 = SURFACE_CURVE('',#6449,(#6454,#6461),.PCURVE_S1.);
#6449 = CIRCLE('',#6450,6.8);
#6450 = AXIS2_PLACEMENT_3D('',#6451,#6452,#6453);
#6451 = CARTESIAN_POINT('',(30.,21.,10.9));
#6452 = DIRECTION('',(1.,0.,0.));
#6453 = DIRECTION('',(0.,-1.224646799147E-16,-1.));
#6454 = PCURVE('',#4886,#6455);
#6455 = DEFINITIONAL_REPRESENTATION('',(#6456),#6460);
#6456 = CIRCLE('',#6457,6.8);
#6457 = AXIS2_PLACEMENT_2D('',#6458,#6459);
#6458 = CARTESIAN_POINT('',(0.,0.));
#6459 = DIRECTION('',(1.,0.));
#6460 = ( GEOMETRIC_REPRESENTATION_CONTEXT(2) 
PARAMETRIC_REPRESENTATION_CONTEXT() REPRESENTATION_CONTEXT('2D SPACE',''
  ) );
#6461 = PCURVE('',#6462,#6467);
#6462 = CONICAL_SURFACE('',#6463,6.8,0.785398163397);
#6463 = AXIS2_PLACEMENT_3D('',#6464,#6465,#6466);
#6464 = CARTESIAN_POINT('',(30.,21.,10.9));
#6465 = DIRECTION('',(-1.,-0.,-0.));
#6466 = DIRECTION('',(0.,-1.224646799147E-16,-1.));
#6467 = DEFINITIONAL_REPRESENTATION('',(#6468),#6472);
#6468 = LINE('',#6469,#6470);
#6469 = CARTESIAN_POINT('',(-0.,-0.));
#6470 = VECTOR('',#6471,1.);
#6471 = DIRECTION('',(-1.,-0.));
#6472 = ( GEOMETRIC_REPRESENTATION_CONTEXT(2) 
PARAMETRIC_REPRESENTATION_CONTEXT() REPRESENTATION_CONTEXT('2D SPACE',''
  ) );
#6473 = FACE_BOUND('',#6474,.T.);
#6474 = EDGE_LOOP('',(#6475));
#6475 = ORIENTED_EDGE('',*,*,#4869,.F.);
#6476 = ADVANCED_FACE('',(#6477,#6508),#4941,.T.);
#6477 = FACE_BOUND('',#6478,.T.);
#6478 = EDGE_LOOP('',(#6479));
#6479 = ORIENTED_EDGE('',*,*,#6480,.T.);
#6480 = EDGE_CURVE('',#6481,#6481,#6483,.T.);
#6481 = VERTEX_POINT('',#6482);
#6482 = CARTESIAN_POINT('',(30.,171.,4.1));
#6483 = SURFACE_CURVE('',#6484,(#6489,#6496),.PCURVE_S1.);
#6484 = CIRCLE('',#6485,6.8);
#6485 = AXIS2_PLACEMENT_3D('',#6486,#6487,#6488);
#6486 = CARTESIAN_POINT('',(30.,171.,10.9));
#6487 = DIRECTION('',(1.,0.,0.));
#6488 = DIRECTION('',(0.,-1.224646799147E-16,-1.));
#6489 = PCURVE('',#4941,#6490);
#6490 = DEFINITIONAL_REPRESENTATION('',(#6491),#6495);
#6491 = CIRCLE('',#6492,6.8);
#6492 = AXIS2_PLACEMENT_2D('',#6493,#6494);
#6493 = CARTESIAN_POINT('',(0.,0.));
#6494 = DIRECTION('',(1.,0.));
#6495 = ( GEOMETRIC_REPRESENTATION_CONTEXT(2) 
PARAMETRIC_REPRESENTATION_CONTEXT() REPRESENTATION_CONTEXT('2D SPACE',''
  ) );
#6496 = PCURVE('',#6497,#6502);
#6497 = CONICAL_SURFACE('',#6498,6.8,0.785398163397);
#6498 = AXIS2_PLACEMENT_3D('',#6499,#6500,#6501);
#6499 = CARTESIAN_POINT('',(30.,171.,10.9));
#6500 = DIRECTION('',(-1.,-0.,-0.));
#6501 = DIRECTION('',(0.,-1.224646799147E-16,-1.));
#6502 = DEFINITIONAL_REPRESENTATION('',(#6503),#6507);
#6503 = LINE('',#6504,#6505);
#6504 = CARTESIAN_POINT('',(-0.,-0.));
#6505 = VECTOR('',#6506,1.);
#6506 = DIRECTION('',(-1.,-0.));
#6507 = ( GEOMETRIC_REPRESENTATION_CONTEXT(2) 
PARAMETRIC_REPRESENTATION_CONTEXT() REPRESENTATION_CONTEXT('2D SPACE',''
  ) );
#6508 = FACE_BOUND('',#6509,.T.);
#6509 = EDGE_LOOP('',(#6510));
#6510 = ORIENTED_EDGE('',*,*,#4924,.F.);
#6511 = ADVANCED_FACE('',(#6512,#6543),#5046,.F.);
#6512 = FACE_BOUND('',#6513,.F.);
#6513 = EDGE_LOOP('',(#6514));
#6514 = ORIENTED_EDGE('',*,*,#6515,.T.);
#6515 = EDGE_CURVE('',#6516,#6516,#6518,.T.);
#6516 = VERTEX_POINT('',#6517);
#6517 = CARTESIAN_POINT('',(31.,21.,4.65));
#6518 = SURFACE_CURVE('',#6519,(#6524,#6531),.PCURVE_S1.);
#6519 = CIRCLE('',#6520,6.25);
#6520 = AXIS2_PLACEMENT_3D('',#6521,#6522,#6523);
#6521 = CARTESIAN_POINT('',(31.,21.,10.9));
#6522 = DIRECTION('',(1.,0.,0.));
#6523 = DIRECTION('',(0.,-1.224646799147E-16,-1.));
#6524 = PCURVE('',#5046,#6525);
#6525 = DEFINITIONAL_REPRESENTATION('',(#6526),#6530);
#6526 = CIRCLE('',#6527,6.25);
#6527 = AXIS2_PLACEMENT_2D('',#6528,#6529);
#6528 = CARTESIAN_POINT('',(0.,0.));
#6529 = DIRECTION('',(1.,0.));
#6530 = ( GEOMETRIC_REPRESENTATION_CONTEXT(2) 
PARAMETRIC_REPRESENTATION_CONTEXT() REPRESENTATION_CONTEXT('2D SPACE',''
  ) );
#6531 = PCURVE('',#6532,#6537);
#6532 = CYLINDRICAL_SURFACE('',#6533,6.25);
#6533 = AXIS2_PLACEMENT_3D('',#6534,#6535,#6536);
#6534 = CARTESIAN_POINT('',(-1.,21.,10.9));
#6535 = DIRECTION('',(1.,0.,0.));
#6536 = DIRECTION('',(0.,-1.224646799147E-16,-1.));
#6537 = DEFINITIONAL_REPRESENTATION('',(#6538),#6542);
#6538 = LINE('',#6539,#6540);
#6539 = CARTESIAN_POINT('',(0.,32.));
#6540 = VECTOR('',#6541,1.);
#6541 = DIRECTION('',(1.,0.));
#6542 = ( GEOMETRIC_REPRESENTATION_CONTEXT(2) 
PARAMETRIC_REPRESENTATION_CONTEXT() REPRESENTATION_CONTEXT('2D SPACE',''
  ) );
#6543 = FACE_BOUND('',#6544,.F.);
#6544 = EDGE_LOOP('',(#6545));
#6545 = ORIENTED_EDGE('',*,*,#5031,.F.);
#6546 = ADVANCED_FACE('',(#6547,#6578),#5779,.F.);
#6547 = FACE_BOUND('',#6548,.F.);
#6548 = EDGE_LOOP('',(#6549));
#6549 = ORIENTED_EDGE('',*,*,#6550,.T.);
#6550 = EDGE_CURVE('',#6551,#6551,#6553,.T.);
#6551 = VERTEX_POINT('',#6552);
#6552 = CARTESIAN_POINT('',(31.,171.,4.65));
#6553 = SURFACE_CURVE('',#6554,(#6559,#6566),.PCURVE_S1.);
#6554 = CIRCLE('',#6555,6.25);
#6555 = AXIS2_PLACEMENT_3D('',#6556,#6557,#6558);
#6556 = CARTESIAN_POINT('',(31.,171.,10.9));
#6557 = DIRECTION('',(1.,0.,0.));
#6558 = DIRECTION('',(0.,-1.224646799147E-16,-1.));
#6559 = PCURVE('',#5779,#6560);
#6560 = DEFINITIONAL_REPRESENTATION('',(#6561),#6565);
#6561 = CIRCLE('',#6562,6.25);
#6562 = AXIS2_PLACEMENT_2D('',#6563,#6564);
#6563 = CARTESIAN_POINT('',(0.,0.));
#6564 = DIRECTION('',(1.,0.));
#6565 = ( GEOMETRIC_REPRESENTATION_CONTEXT(2) 
PARAMETRIC_REPRESENTATION_CONTEXT() REPRESENTATION_CONTEXT('2D SPACE',''
  ) );
#6566 = PCURVE('',#6567,#6572);
#6567 = CYLINDRICAL_SURFACE('',#6568,6.25);
#6568 = AXIS2_PLACEMENT_3D('',#6569,#6570,#6571);
#6569 = CARTESIAN_POINT('',(-1.,171.,10.9));
#6570 = DIRECTION('',(1.,0.,0.));
#6571 = DIRECTION('',(0.,-1.224646799147E-16,-1.));
#6572 = DEFINITIONAL_REPRESENTATION('',(#6573),#6577);
#6573 = LINE('',#6574,#6575);
#6574 = CARTESIAN_POINT('',(0.,32.));
#6575 = VECTOR('',#6576,1.);
#6576 = DIRECTION('',(1.,0.));
#6577 = ( GEOMETRIC_REPRESENTATION_CONTEXT(2) 
PARAMETRIC_REPRESENTATION_CONTEXT() REPRESENTATION_CONTEXT('2D SPACE',''
  ) );
#6578 = FACE_BOUND('',#6579,.F.);
#6579 = EDGE_LOOP('',(#6580));
#6580 = ORIENTED_EDGE('',*,*,#5764,.F.);
#6581 = ADVANCED_FACE('',(#6582),#6462,.F.);
#6582 = FACE_BOUND('',#6583,.F.);
#6583 = EDGE_LOOP('',(#6584,#6608,#6629,#6630));
#6584 = ORIENTED_EDGE('',*,*,#6585,.F.);
#6585 = EDGE_CURVE('',#6586,#6586,#6588,.T.);
#6586 = VERTEX_POINT('',#6587);
#6587 = CARTESIAN_POINT('',(30.55,21.,4.65));
#6588 = SURFACE_CURVE('',#6589,(#6594,#6601),.PCURVE_S1.);
#6589 = CIRCLE('',#6590,6.25);
#6590 = AXIS2_PLACEMENT_3D('',#6591,#6592,#6593);
#6591 = CARTESIAN_POINT('',(30.55,21.,10.9));
#6592 = DIRECTION('',(1.,0.,0.));
#6593 = DIRECTION('',(0.,-1.224646799147E-16,-1.));
#6594 = PCURVE('',#6462,#6595);
#6595 = DEFINITIONAL_REPRESENTATION('',(#6596),#6600);
#6596 = LINE('',#6597,#6598);
#6597 = CARTESIAN_POINT('',(-0.,-0.55));
#6598 = VECTOR('',#6599,1.);
#6599 = DIRECTION('',(-1.,-0.));
#6600 = ( GEOMETRIC_REPRESENTATION_CONTEXT(2) 
PARAMETRIC_REPRESENTATION_CONTEXT() REPRESENTATION_CONTEXT('2D SPACE',''
  ) );
#6601 = PCURVE('',#6532,#6602);
#6602 = DEFINITIONAL_REPRESENTATION('',(#6603),#6607);
#6603 = LINE('',#6604,#6605);
#6604 = CARTESIAN_POINT('',(0.,31.55));
#6605 = VECTOR('',#6606,1.);
#6606 = DIRECTION('',(1.,0.));
#6607 = ( GEOMETRIC_REPRESENTATION_CONTEXT(2) 
PARAMETRIC_REPRESENTATION_CONTEXT() REPRESENTATION_CONTEXT('2D SPACE',''
  ) );
#6608 = ORIENTED_EDGE('',*,*,#6609,.F.);
#6609 = EDGE_CURVE('',#6446,#6586,#6610,.T.);
#6610 = SEAM_CURVE('',#6611,(#6615,#6622),.PCURVE_S1.);
#6611 = LINE('',#6612,#6613);
#6612 = CARTESIAN_POINT('',(30.,21.,4.1));
#6613 = VECTOR('',#6614,1.);
#6614 = DIRECTION('',(0.707106781187,2.597868168706E-16,0.707106781187)
  );
#6615 = PCURVE('',#6462,#6616);
#6616 = DEFINITIONAL_REPRESENTATION('',(#6617),#6621);
#6617 = LINE('',#6618,#6619);
#6618 = CARTESIAN_POINT('',(-6.28318530718,0.));
#6619 = VECTOR('',#6620,1.);
#6620 = DIRECTION('',(-0.,-1.));
#6621 = ( GEOMETRIC_REPRESENTATION_CONTEXT(2) 
PARAMETRIC_REPRESENTATION_CONTEXT() REPRESENTATION_CONTEXT('2D SPACE',''
  ) );
#6622 = PCURVE('',#6462,#6623);
#6623 = DEFINITIONAL_REPRESENTATION('',(#6624),#6628);
#6624 = LINE('',#6625,#6626);
#6625 = CARTESIAN_POINT('',(0.,-0.));
#6626 = VECTOR('',#6627,1.);
#6627 = DIRECTION('',(-0.,-1.));
#6628 = ( GEOMETRIC_REPRESENTATION_CONTEXT(2) 
PARAMETRIC_REPRESENTATION_CONTEXT() REPRESENTATION_CONTEXT('2D SPACE',''
  ) );
#6629 = ORIENTED_EDGE('',*,*,#6445,.T.);
#6630 = ORIENTED_EDGE('',*,*,#6609,.T.);
#6631 = ADVANCED_FACE('',(#6632),#6497,.F.);
#6632 = FACE_BOUND('',#6633,.F.);
#6633 = EDGE_LOOP('',(#6634,#6658,#6679,#6680));
#6634 = ORIENTED_EDGE('',*,*,#6635,.F.);
#6635 = EDGE_CURVE('',#6636,#6636,#6638,.T.);
#6636 = VERTEX_POINT('',#6637);
#6637 = CARTESIAN_POINT('',(30.55,171.,4.65));
#6638 = SURFACE_CURVE('',#6639,(#6644,#6651),.PCURVE_S1.);
#6639 = CIRCLE('',#6640,6.25);
#6640 = AXIS2_PLACEMENT_3D('',#6641,#6642,#6643);
#6641 = CARTESIAN_POINT('',(30.55,171.,10.9));
#6642 = DIRECTION('',(1.,0.,0.));
#6643 = DIRECTION('',(0.,-1.224646799147E-16,-1.));
#6644 = PCURVE('',#6497,#6645);
#6645 = DEFINITIONAL_REPRESENTATION('',(#6646),#6650);
#6646 = LINE('',#6647,#6648);
#6647 = CARTESIAN_POINT('',(-0.,-0.55));
#6648 = VECTOR('',#6649,1.);
#6649 = DIRECTION('',(-1.,-0.));
#6650 = ( GEOMETRIC_REPRESENTATION_CONTEXT(2) 
PARAMETRIC_REPRESENTATION_CONTEXT() REPRESENTATION_CONTEXT('2D SPACE',''
  ) );
#6651 = PCURVE('',#6567,#6652);
#6652 = DEFINITIONAL_REPRESENTATION('',(#6653),#6657);
#6653 = LINE('',#6654,#6655);
#6654 = CARTESIAN_POINT('',(0.,31.55));
#6655 = VECTOR('',#6656,1.);
#6656 = DIRECTION('',(1.,0.));
#6657 = ( GEOMETRIC_REPRESENTATION_CONTEXT(2) 
PARAMETRIC_REPRESENTATION_CONTEXT() REPRESENTATION_CONTEXT('2D SPACE',''
  ) );
#6658 = ORIENTED_EDGE('',*,*,#6659,.F.);
#6659 = EDGE_CURVE('',#6481,#6636,#6660,.T.);
#6660 = SEAM_CURVE('',#6661,(#6665,#6672),.PCURVE_S1.);
#6661 = LINE('',#6662,#6663);
#6662 = CARTESIAN_POINT('',(30.,171.,4.1));
#6663 = VECTOR('',#6664,1.);
#6664 = DIRECTION('',(0.707106781187,2.597868168706E-16,0.707106781187)
  );
#6665 = PCURVE('',#6497,#6666);
#6666 = DEFINITIONAL_REPRESENTATION('',(#6667),#6671);
#6667 = LINE('',#6668,#6669);
#6668 = CARTESIAN_POINT('',(-6.28318530718,0.));
#6669 = VECTOR('',#6670,1.);
#6670 = DIRECTION('',(-0.,-1.));
#6671 = ( GEOMETRIC_REPRESENTATION_CONTEXT(2) 
PARAMETRIC_REPRESENTATION_CONTEXT() REPRESENTATION_CONTEXT('2D SPACE',''
  ) );
#6672 = PCURVE('',#6497,#6673);
#6673 = DEFINITIONAL_REPRESENTATION('',(#6674),#6678);
#6674 = LINE('',#6675,#6676);
#6675 = CARTESIAN_POINT('',(0.,-0.));
#6676 = VECTOR('',#6677,1.);
#6677 = DIRECTION('',(-0.,-1.));
#6678 = ( GEOMETRIC_REPRESENTATION_CONTEXT(2) 
PARAMETRIC_REPRESENTATION_CONTEXT() REPRESENTATION_CONTEXT('2D SPACE',''
  ) );
#6679 = ORIENTED_EDGE('',*,*,#6480,.T.);
#6680 = ORIENTED_EDGE('',*,*,#6659,.T.);
#6681 = ADVANCED_FACE('',(#6682),#6532,.F.);
#6682 = FACE_BOUND('',#6683,.F.);
#6683 = EDGE_LOOP('',(#6684,#6685,#6706,#6707));
#6684 = ORIENTED_EDGE('',*,*,#6585,.T.);
#6685 = ORIENTED_EDGE('',*,*,#6686,.T.);
#6686 = EDGE_CURVE('',#6586,#6516,#6687,.T.);
#6687 = SEAM_CURVE('',#6688,(#6692,#6699),.PCURVE_S1.);
#6688 = LINE('',#6689,#6690);
#6689 = CARTESIAN_POINT('',(-1.,21.,4.65));
#6690 = VECTOR('',#6691,1.);
#6691 = DIRECTION('',(1.,0.,0.));
#6692 = PCURVE('',#6532,#6693);
#6693 = DEFINITIONAL_REPRESENTATION('',(#6694),#6698);
#6694 = LINE('',#6695,#6696);
#6695 = CARTESIAN_POINT('',(0.,-0.));
#6696 = VECTOR('',#6697,1.);
#6697 = DIRECTION('',(0.,1.));
#6698 = ( GEOMETRIC_REPRESENTATION_CONTEXT(2) 
PARAMETRIC_REPRESENTATION_CONTEXT() REPRESENTATION_CONTEXT('2D SPACE',''
  ) );
#6699 = PCURVE('',#6532,#6700);
#6700 = DEFINITIONAL_REPRESENTATION('',(#6701),#6705);
#6701 = LINE('',#6702,#6703);
#6702 = CARTESIAN_POINT('',(6.28318530718,-0.));
#6703 = VECTOR('',#6704,1.);
#6704 = DIRECTION('',(0.,1.));
#6705 = ( GEOMETRIC_REPRESENTATION_CONTEXT(2) 
PARAMETRIC_REPRESENTATION_CONTEXT() REPRESENTATION_CONTEXT('2D SPACE',''
  ) );
#6706 = ORIENTED_EDGE('',*,*,#6515,.F.);
#6707 = ORIENTED_EDGE('',*,*,#6686,.F.);
#6708 = ADVANCED_FACE('',(#6709),#6567,.F.);
#6709 = FACE_BOUND('',#6710,.F.);
#6710 = EDGE_LOOP('',(#6711,#6712,#6733,#6734));
#6711 = ORIENTED_EDGE('',*,*,#6635,.T.);
#6712 = ORIENTED_EDGE('',*,*,#6713,.T.);
#6713 = EDGE_CURVE('',#6636,#6551,#6714,.T.);
#6714 = SEAM_CURVE('',#6715,(#6719,#6726),.PCURVE_S1.);
#6715 = LINE('',#6716,#6717);
#6716 = CARTESIAN_POINT('',(-1.,171.,4.65));
#6717 = VECTOR('',#6718,1.);
#6718 = DIRECTION('',(1.,0.,0.));
#6719 = PCURVE('',#6567,#6720);
#6720 = DEFINITIONAL_REPRESENTATION('',(#6721),#6725);
#6721 = LINE('',#6722,#6723);
#6722 = CARTESIAN_POINT('',(0.,-0.));
#6723 = VECTOR('',#6724,1.);
#6724 = DIRECTION('',(0.,1.));
#6725 = ( GEOMETRIC_REPRESENTATION_CONTEXT(2) 
PARAMETRIC_REPRESENTATION_CONTEXT() REPRESENTATION_CONTEXT('2D SPACE',''
  ) );
#6726 = PCURVE('',#6567,#6727);
#6727 = DEFINITIONAL_REPRESENTATION('',(#6728),#6732);
#6728 = LINE('',#6729,#6730);
#6729 = CARTESIAN_POINT('',(6.28318530718,-0.));
#6730 = VECTOR('',#6731,1.);
#6731 = DIRECTION('',(0.,1.));
#6732 = ( GEOMETRIC_REPRESENTATION_CONTEXT(2) 
PARAMETRIC_REPRESENTATION_CONTEXT() REPRESENTATION_CONTEXT('2D SPACE',''
  ) );
#6733 = ORIENTED_EDGE('',*,*,#6550,.F.);
#6734 = ORIENTED_EDGE('',*,*,#6713,.F.);
#6735 = ( GEOMETRIC_REPRESENTATION_CONTEXT(3) 
GLOBAL_UNCERTAINTY_ASSIGNED_CONTEXT((#6739)) 
GLOBAL_UNIT_ASSIGNED_CONTEXT((#6736,#6737,#6738)) REPRESENTATION_CONTEXT
('Context #1','3D Context with UNIT and UNCERTAINTY') );
#6736 = ( LENGTH_UNIT() NAMED_UNIT(*) SI_UNIT(.MILLI.,.METRE.) );
#6737 = ( NAMED_UNIT(*) PLANE_ANGLE_UNIT() SI_UNIT($,.RADIAN.) );
#6738 = ( NAMED_UNIT(*) SI_UNIT($,.STERADIAN.) SOLID_ANGLE_UNIT() );
#6739 = UNCERTAINTY_MEASURE_WITH_UNIT(LENGTH_MEASURE(1.E-07),#6736,
  'distance_accuracy_value','confusion accuracy');
#6740 = PRODUCT_RELATED_PRODUCT_CATEGORY('part',$,(#7));
ENDSEC;
END-ISO-10303-21;
